drugbank_id,name,other_drug_name,interaction_description
db00001,lepirudin,apixaban,apixaban may increase the anticoagulant activities of lepirudin.
db00001,lepirudin,dabigatran etexilate,dabigatran etexilate may increase the anticoagulant activities of lepirudin.
db00001,lepirudin,dasatinib,the risk or severity of bleeding and hemorrhage can be increased when dasatinib is combined with lepirudin.
db00001,lepirudin,deferasirox,the risk or severity of gastrointestinal bleeding can be increased when lepirudin is combined with deferasirox.
db00001,lepirudin,ursodeoxycholic acid,the risk or severity of bleeding and bruising can be increased when lepirudin is combined with ursodeoxycholic acid.
db00001,lepirudin,glycochenodeoxycholic acid,the risk or severity of bleeding and bruising can be increased when lepirudin is combined with glycochenodeoxycholic acid.
db00001,lepirudin,cholic acid,the risk or severity of bleeding and bruising can be increased when lepirudin is combined with cholic acid.
db00001,lepirudin,glycocholic acid,the risk or severity of bleeding and bruising can be increased when lepirudin is combined with glycocholic acid.
db00001,lepirudin,deoxycholic acid,the risk or severity of bleeding and bruising can be increased when lepirudin is combined with deoxycholic acid.
db00001,lepirudin,taurocholic acid,the risk or severity of bleeding and bruising can be increased when lepirudin is combined with taurocholic acid.
db00001,lepirudin,obeticholic acid,the risk or severity of bleeding and bruising can be increased when lepirudin is combined with obeticholic acid.
db00001,lepirudin,chenodeoxycholic acid,the risk or severity of bleeding and bruising can be increased when lepirudin is combined with chenodeoxycholic acid.
db00001,lepirudin,taurochenodeoxycholic acid,the risk or severity of bleeding and bruising can be increased when lepirudin is combined with taurochenodeoxycholic acid.
db00001,lepirudin,tauroursodeoxycholic acid,the risk or severity of bleeding and bruising can be increased when lepirudin is combined with tauroursodeoxycholic acid.
db00001,lepirudin,bamet-ud2,the risk or severity of bleeding and bruising can be increased when lepirudin is combined with bamet-ud2.
db00001,lepirudin,dehydrocholic acid,the risk or severity of bleeding and bruising can be increased when lepirudin is combined with dehydrocholic acid.
db00001,lepirudin,hyodeoxycholic acid,the risk or severity of bleeding and bruising can be increased when lepirudin is combined with hyodeoxycholic acid.
db00001,lepirudin,edoxaban,the risk or severity of bleeding can be increased when edoxaban is combined with lepirudin.
db00001,lepirudin,ibrutinib,the risk or severity of bleeding and hemorrhage can be increased when ibrutinib is combined with lepirudin.
db00001,lepirudin,obinutuzumab,the risk or severity of bleeding and hemorrhage can be increased when lepirudin is combined with obinutuzumab.
db00001,lepirudin,rivaroxaban,lepirudin may increase the anticoagulant activities of rivaroxaban.
db00001,lepirudin,sugammadex,the risk or severity of bleeding and hemorrhage can be increased when lepirudin is combined with sugammadex.
db00001,lepirudin,tibolone,tibolone may increase the anticoagulant activities of lepirudin.
db00001,lepirudin,tipranavir,the risk or severity of bleeding and hemorrhage can be increased when tipranavir is combined with lepirudin.
db00001,lepirudin,urokinase,urokinase may increase the anticoagulant activities of lepirudin.
db00001,lepirudin,vitamin e,vitamin e may increase the anticoagulant activities of lepirudin.
db00001,lepirudin,vorapaxar,the risk or severity of bleeding and hemorrhage can be increased when vorapaxar is combined with lepirudin.
db00001,lepirudin,ginkgo biloba,ginkgo biloba may increase the anticoagulant activities of lepirudin.
db00001,lepirudin,ifosfamide,the risk or severity of bleeding can be increased when ifosfamide is combined with lepirudin.
db00001,lepirudin,quinine,the therapeutic efficacy of lepirudin can be increased when used in combination with quinine.
db00001,lepirudin,quinidine,the therapeutic efficacy of lepirudin can be increased when used in combination with quinidine.
db00001,lepirudin,tamoxifen,the risk or severity of bleeding can be increased when tamoxifen is combined with lepirudin.
db00001,lepirudin,toremifene,the risk or severity of bleeding can be increased when toremifene is combined with lepirudin.
db00001,lepirudin,pentoxifylline,the therapeutic efficacy of lepirudin can be increased when used in combination with pentoxifylline.
db00001,lepirudin,pentosan polysulfate,pentosan polysulfate may increase the anticoagulant activities of lepirudin.
db00001,lepirudin,levocarnitine,the therapeutic efficacy of lepirudin can be increased when used in combination with levocarnitine.
db00001,lepirudin,diethylstilbestrol,diethylstilbestrol may decrease the anticoagulant activities of lepirudin.
db00001,lepirudin,chlorotrianisene,chlorotrianisene may decrease the anticoagulant activities of lepirudin.
db00001,lepirudin,conjugated estrogens,conjugated estrogens may decrease the anticoagulant activities of lepirudin.
db00001,lepirudin,mestranol,the risk or severity of adverse effects can be increased when mestranol is combined with lepirudin.
db00001,lepirudin,estrone sulfate,estrone sulfate may decrease the anticoagulant activities of lepirudin.
db00001,lepirudin,quinestrol,quinestrol may decrease the anticoagulant activities of lepirudin.
db00001,lepirudin,hexestrol,hexestrol may decrease the anticoagulant activities of lepirudin.
db00001,lepirudin,"synthetic conjugated estrogens, a","synthetic conjugated estrogens, a may decrease the anticoagulant activities of lepirudin."
db00001,lepirudin,"synthetic conjugated estrogens, b","synthetic conjugated estrogens, b may decrease the anticoagulant activities of lepirudin."
db00001,lepirudin,polyestradiol phosphate,polyestradiol phosphate may decrease the anticoagulant activities of lepirudin.
db00001,lepirudin,esterified estrogens,esterified estrogens may decrease the anticoagulant activities of lepirudin.
db00001,lepirudin,zeranol,zeranol may decrease the anticoagulant activities of lepirudin.
db00001,lepirudin,equol,equol may decrease the anticoagulant activities of lepirudin.
db00001,lepirudin,methallenestril,methallenestril may decrease the anticoagulant activities of lepirudin.
db00001,lepirudin,epimestrol,epimestrol may decrease the anticoagulant activities of lepirudin.
db00001,lepirudin,moxestrol,moxestrol may decrease the anticoagulant activities of lepirudin.
db00001,lepirudin,estradiol acetate,estradiol acetate may decrease the anticoagulant activities of lepirudin.
db00001,lepirudin,estradiol benzoate,estradiol benzoate may decrease the anticoagulant activities of lepirudin.
db00001,lepirudin,estradiol cypionate,estradiol cypionate may decrease the anticoagulant activities of lepirudin.
db00001,lepirudin,estradiol valerate,estradiol valerate may decrease the anticoagulant activities of lepirudin.
db00001,lepirudin,biochanin a,biochanin a may decrease the anticoagulant activities of lepirudin.
db00001,lepirudin,formononetin,formononetin may decrease the anticoagulant activities of lepirudin.
db00001,lepirudin,estriol,estriol may decrease the anticoagulant activities of lepirudin.
db00001,lepirudin,limaprost,the risk or severity of bleeding can be increased when limaprost is combined with lepirudin.
db00001,lepirudin,icosapent,the risk or severity of bleeding and hemorrhage can be increased when icosapent is combined with lepirudin.
db00001,lepirudin,mesalazine,the risk or severity of bleeding can be increased when mesalazine is combined with lepirudin.
db00001,lepirudin,indomethacin,the risk or severity of bleeding and hemorrhage can be increased when indomethacin is combined with lepirudin.
db00001,lepirudin,nabumetone,the risk or severity of bleeding and hemorrhage can be increased when nabumetone is combined with lepirudin.
db00001,lepirudin,ketorolac,the risk or severity of bleeding and hemorrhage can be increased when ketorolac is combined with lepirudin.
db00001,lepirudin,tenoxicam,the risk or severity of bleeding and hemorrhage can be increased when tenoxicam is combined with lepirudin.
db00001,lepirudin,celecoxib,the risk or severity of bleeding and hemorrhage can be increased when celecoxib is combined with lepirudin.
db00001,lepirudin,tolmetin,the risk or severity of bleeding and hemorrhage can be increased when tolmetin is combined with lepirudin.
db00001,lepirudin,rofecoxib,the risk or severity of bleeding and hemorrhage can be increased when rofecoxib is combined with lepirudin.
db00001,lepirudin,piroxicam,the risk or severity of bleeding and hemorrhage can be increased when piroxicam is combined with lepirudin.
db00001,lepirudin,fenoprofen,the risk or severity of bleeding and hemorrhage can be increased when fenoprofen is combined with lepirudin.
db00001,lepirudin,valdecoxib,the risk or severity of bleeding and hemorrhage can be increased when valdecoxib is combined with lepirudin.
db00001,lepirudin,diclofenac,the risk or severity of bleeding and hemorrhage can be increased when diclofenac is combined with lepirudin.
db00001,lepirudin,sulindac,the risk or severity of bleeding and hemorrhage can be increased when sulindac is combined with lepirudin.
db00001,lepirudin,flurbiprofen,the risk or severity of bleeding and hemorrhage can be increased when flurbiprofen is combined with lepirudin.
db00001,lepirudin,etodolac,the risk or severity of bleeding and hemorrhage can be increased when etodolac is combined with lepirudin.
db00001,lepirudin,mefenamic acid,the risk or severity of bleeding and hemorrhage can be increased when mefenamic acid is combined with lepirudin.
db00001,lepirudin,naproxen,the risk or severity of bleeding and hemorrhage can be increased when naproxen is combined with lepirudin.
db00001,lepirudin,sulfasalazine,the risk or severity of bleeding and hemorrhage can be increased when sulfasalazine is combined with lepirudin.
db00001,lepirudin,phenylbutazone,the risk or severity of bleeding and hemorrhage can be increased when phenylbutazone is combined with lepirudin.
db00001,lepirudin,meloxicam,the risk or severity of bleeding and hemorrhage can be increased when meloxicam is combined with lepirudin.
db00001,lepirudin,carprofen,the risk or severity of bleeding and hemorrhage can be increased when carprofen is combined with lepirudin.
db00001,lepirudin,diflunisal,the risk or severity of bleeding and hemorrhage can be increased when diflunisal is combined with lepirudin.
db00001,lepirudin,salicylic acid,the risk or severity of bleeding and hemorrhage can be increased when salicylic acid is combined with lepirudin.
db00001,lepirudin,meclofenamic acid,the risk or severity of bleeding and hemorrhage can be increased when meclofenamic acid is combined with lepirudin.
db00001,lepirudin,oxaprozin,the risk or severity of bleeding and hemorrhage can be increased when oxaprozin is combined with lepirudin.
db00001,lepirudin,ketoprofen,the risk or severity of bleeding and hemorrhage can be increased when ketoprofen is combined with lepirudin.
db00001,lepirudin,balsalazide,the risk or severity of bleeding and hemorrhage can be increased when balsalazide is combined with lepirudin.
db00001,lepirudin,olsalazine,the risk or severity of bleeding can be increased when olsalazine is combined with lepirudin.
db00001,lepirudin,lumiracoxib,the risk or severity of bleeding and hemorrhage can be increased when lumiracoxib is combined with lepirudin.
db00001,lepirudin,magnesium salicylate,the risk or severity of bleeding and hemorrhage can be increased when magnesium salicylate is combined with lepirudin.
db00001,lepirudin,salsalate,the risk or severity of bleeding and hemorrhage can be increased when salsalate is combined with lepirudin.
db00001,lepirudin,choline magnesium trisalicylate,the risk or severity of bleeding and hemorrhage can be increased when choline magnesium trisalicylate is combined with lepirudin.
db00001,lepirudin,antrafenine,the risk or severity of bleeding and hemorrhage can be increased when antrafenine is combined with lepirudin.
db00001,lepirudin,aminophenazone,the risk or severity of bleeding and hemorrhage can be increased when aminophenazone is combined with lepirudin.
db00001,lepirudin,antipyrine,the risk or severity of bleeding and hemorrhage can be increased when antipyrine is combined with lepirudin.
db00001,lepirudin,tiaprofenic acid,the risk or severity of bleeding and hemorrhage can be increased when tiaprofenic acid is combined with lepirudin.
db00001,lepirudin,etoricoxib,the risk or severity of bleeding and hemorrhage can be increased when etoricoxib is combined with lepirudin.
db00001,lepirudin,taxifolin,the risk or severity of bleeding and hemorrhage can be increased when taxifolin is combined with lepirudin.
db00001,lepirudin,oxyphenbutazone,the risk or severity of bleeding and hemorrhage can be increased when oxyphenbutazone is combined with lepirudin.
db00001,lepirudin,licofelone,the risk or severity of bleeding and hemorrhage can be increased when licofelone is combined with lepirudin.
db00001,lepirudin,benoxaprofen,the risk or severity of bleeding and hemorrhage can be increased when benoxaprofen is combined with lepirudin.
db00001,lepirudin,zomepirac,the risk or severity of bleeding and hemorrhage can be increased when zomepirac is combined with lepirudin.
db00001,lepirudin,cimicoxib,the risk or severity of bleeding and hemorrhage can be increased when cimicoxib is combined with lepirudin.
db00001,lepirudin,lornoxicam,the risk or severity of bleeding and hemorrhage can be increased when lornoxicam is combined with lepirudin.
db00001,lepirudin,aceclofenac,the risk or severity of bleeding and hemorrhage can be increased when aceclofenac is combined with lepirudin.
db00001,lepirudin,zaltoprofen,the risk or severity of bleeding and hemorrhage can be increased when zaltoprofen is combined with lepirudin.
db00001,lepirudin,azapropazone,the risk or severity of bleeding and hemorrhage can be increased when azapropazone is combined with lepirudin.
db00001,lepirudin,parecoxib,the risk or severity of bleeding and hemorrhage can be increased when parecoxib is combined with lepirudin.
db00001,lepirudin,salicylamide,the risk or severity of bleeding and hemorrhage can be increased when salicylamide is combined with lepirudin.
db00001,lepirudin,kebuzone,the risk or severity of bleeding and hemorrhage can be increased when kebuzone is combined with lepirudin.
db00001,lepirudin,isoxicam,the risk or severity of bleeding and hemorrhage can be increased when isoxicam is combined with lepirudin.
db00001,lepirudin,indoprofen,the risk or severity of bleeding and hemorrhage can be increased when indoprofen is combined with lepirudin.
db00001,lepirudin,ibuproxam,the risk or severity of bleeding and hemorrhage can be increased when ibuproxam is combined with lepirudin.
db00001,lepirudin,floctafenine,the risk or severity of bleeding and hemorrhage can be increased when floctafenine is combined with lepirudin.
db00001,lepirudin,fenbufen,the risk or severity of bleeding and hemorrhage can be increased when fenbufen is combined with lepirudin.
db00001,lepirudin,etofenamate,the risk or severity of bleeding and hemorrhage can be increased when etofenamate is combined with lepirudin.
db00001,lepirudin,epirizole,the risk or severity of bleeding and hemorrhage can be increased when epirizole is combined with lepirudin.
db00001,lepirudin,benzydamine,the risk or severity of bleeding and hemorrhage can be increased when benzydamine is combined with lepirudin.
db00001,lepirudin,dexketoprofen,the risk or severity of bleeding and hemorrhage can be increased when dexketoprofen is combined with lepirudin.
db00001,lepirudin,droxicam,the risk or severity of bleeding and hemorrhage can be increased when droxicam is combined with lepirudin.
db00001,lepirudin,tolfenamic acid,the risk or severity of bleeding and hemorrhage can be increased when tolfenamic acid is combined with lepirudin.
db00001,lepirudin,firocoxib,the risk or severity of bleeding and hemorrhage can be increased when firocoxib is combined with lepirudin.
db00001,lepirudin,clonixin,the risk or severity of bleeding and hemorrhage can be increased when clonixin is combined with lepirudin.
db00001,lepirudin,morniflumate,the risk or severity of bleeding and hemorrhage can be increased when morniflumate is combined with lepirudin.
db00001,lepirudin,propacetamol,the risk or severity of bleeding and hemorrhage can be increased when propacetamol is combined with lepirudin.
db00001,lepirudin,talniflumate,the risk or severity of bleeding and hemorrhage can be increased when talniflumate is combined with lepirudin.
db00001,lepirudin,robenacoxib,the risk or severity of bleeding and hemorrhage can be increased when robenacoxib is combined with lepirudin.
db00001,lepirudin,tepoxalin,the risk or severity of bleeding and hemorrhage can be increased when tepoxalin is combined with lepirudin.
db00001,lepirudin,flunixin,the risk or severity of bleeding and hemorrhage can be increased when flunixin is combined with lepirudin.
db00001,lepirudin,polmacoxib,the risk or severity of bleeding and hemorrhage can be increased when polmacoxib is combined with lepirudin.
db00001,lepirudin,ebselen,the risk or severity of bleeding and hemorrhage can be increased when ebselen is combined with lepirudin.
db00001,lepirudin,tinoridine,the risk or severity of bleeding and hemorrhage can be increased when tinoridine is combined with lepirudin.
db00001,lepirudin,alclofenac,the risk or severity of bleeding and hemorrhage can be increased when alclofenac is combined with lepirudin.
db00001,lepirudin,fentiazac,the risk or severity of bleeding and hemorrhage can be increased when fentiazac is combined with lepirudin.
db00001,lepirudin,suxibuzone,the risk or severity of bleeding and hemorrhage can be increased when suxibuzone is combined with lepirudin.
db00001,lepirudin,bumadizone,the risk or severity of bleeding and hemorrhage can be increased when bumadizone is combined with lepirudin.
db00001,lepirudin,alminoprofen,the risk or severity of bleeding and hemorrhage can be increased when alminoprofen is combined with lepirudin.
db00001,lepirudin,difenpiramide,the risk or severity of bleeding and hemorrhage can be increased when difenpiramide is combined with lepirudin.
db00001,lepirudin,nifenazone,the risk or severity of bleeding and hemorrhage can be increased when nifenazone is combined with lepirudin.
db00001,lepirudin,lonazolac,the risk or severity of bleeding and hemorrhage can be increased when lonazolac is combined with lepirudin.
db00001,lepirudin,tenidap,the risk or severity of bleeding and hemorrhage can be increased when tenidap is combined with lepirudin.
db00001,lepirudin,propyphenazone,the risk or severity of bleeding and hemorrhage can be increased when propyphenazone is combined with lepirudin.
db00001,lepirudin,proglumetacin,the risk or severity of bleeding and hemorrhage can be increased when proglumetacin is combined with lepirudin.
db00001,lepirudin,guacetisal,the risk or severity of bleeding and hemorrhage can be increased when guacetisal is combined with lepirudin.
db00001,lepirudin,ethenzamide,the risk or severity of bleeding and hemorrhage can be increased when ethenzamide is combined with lepirudin.
db00001,lepirudin,carbaspirin calcium,the risk or severity of bleeding and hemorrhage can be increased when carbaspirin calcium is combined with lepirudin.
db00001,lepirudin,mofebutazone,the risk or severity of bleeding and hemorrhage can be increased when mofebutazone is combined with lepirudin.
db00001,lepirudin,proquazone,the risk or severity of bleeding and hemorrhage can be increased when proquazone is combined with lepirudin.
db00001,lepirudin,benorilate,the risk or severity of bleeding and hemorrhage can be increased when benorilate is combined with lepirudin.
db00001,lepirudin,pirprofen,the risk or severity of bleeding and hemorrhage can be increased when pirprofen is combined with lepirudin.
db00001,lepirudin,imidazole salicylate,the risk or severity of bleeding and hemorrhage can be increased when imidazole salicylate is combined with lepirudin.
db00001,lepirudin,sc-236,the risk or severity of bleeding and hemorrhage can be increased when sc-236 is combined with lepirudin.
db00001,lepirudin,ns-398,the risk or severity of bleeding and hemorrhage can be increased when ns-398 is combined with lepirudin.
db00001,lepirudin,flurbiprofen axetil,the risk or severity of bleeding and hemorrhage can be increased when flurbiprofen axetil is combined with lepirudin.
db00001,lepirudin,loxoprofen,the risk or severity of bleeding and hemorrhage can be increased when loxoprofen is combined with lepirudin.
db00001,lepirudin,niflumic acid,the risk or severity of bleeding and hemorrhage can be increased when niflumic acid is combined with lepirudin.
db00001,lepirudin,omacetaxine mepesuccinate,the risk or severity of bleeding can be increased when lepirudin is combined with omacetaxine mepesuccinate.
db00001,lepirudin,omega-3 fatty acids,omega-3 fatty acids may increase the anticoagulant activities of lepirudin.
db00001,lepirudin,tositumomab,the risk or severity of bleeding and hemorrhage can be increased when lepirudin is combined with tositumomab.
db00001,lepirudin,collagenase clostridium histolyticum,the risk or severity of adverse effects can be increased when lepirudin is combined with collagenase clostridium histolyticum.
db00001,lepirudin,carbimazole,carbimazole may increase the anticoagulant activities of lepirudin.
db00001,lepirudin,propylthiouracil,propylthiouracil may increase the anticoagulant activities of lepirudin.
db00001,lepirudin,methimazole,methimazole may increase the anticoagulant activities of lepirudin.
db00001,lepirudin,"3,5-diiodotyrosine","3,5-diiodotyrosine may increase the anticoagulant activities of lepirudin."
db00001,lepirudin,potassium iodide,potassium iodide may increase the anticoagulant activities of lepirudin.
db00001,lepirudin,dibromotyrosine,dibromotyrosine may increase the anticoagulant activities of lepirudin.
db00001,lepirudin,potassium perchlorate,potassium perchlorate may increase the anticoagulant activities of lepirudin.
db00001,lepirudin,methylthiouracil,methylthiouracil may increase the anticoagulant activities of lepirudin.
db00001,lepirudin,benzylthiouracil,benzylthiouracil may increase the anticoagulant activities of lepirudin.
db00001,lepirudin,octylphenoxy polyethoxyethanol,the therapeutic efficacy of lepirudin can be decreased when used in combination with octylphenoxy polyethoxyethanol.
db00001,lepirudin,trestolone,the therapeutic efficacy of lepirudin can be decreased when used in combination with trestolone.
db00001,lepirudin,ulipristal,the therapeutic efficacy of lepirudin can be decreased when used in combination with ulipristal.
db00001,lepirudin,cloprostenol,the therapeutic efficacy of lepirudin can be decreased when used in combination with cloprostenol.
db00001,lepirudin,gossypol,the therapeutic efficacy of lepirudin can be decreased when used in combination with gossypol.
db00001,lepirudin,etonogestrel,the therapeutic efficacy of lepirudin can be decreased when used in combination with etonogestrel.
db00001,lepirudin,dydrogesterone,dydrogesterone may decrease the anticoagulant activities of lepirudin.
db00001,lepirudin,progesterone,the therapeutic efficacy of lepirudin can be decreased when used in combination with progesterone.
db00001,lepirudin,allylestrenol,allylestrenol may decrease the anticoagulant activities of lepirudin.
db00001,lepirudin,norelgestromin,the therapeutic efficacy of lepirudin can be decreased when used in combination with norelgestromin.
db00001,lepirudin,hydroxyprogesterone caproate,the therapeutic efficacy of lepirudin can be decreased when used in combination with hydroxyprogesterone caproate.
db00001,lepirudin,medrogestone,medrogestone may decrease the anticoagulant activities of lepirudin.
db00001,lepirudin,altrenogest,altrenogest may decrease the anticoagulant activities of lepirudin.
db00001,lepirudin,nomegestrol,the therapeutic efficacy of lepirudin can be decreased when used in combination with nomegestrol.
db00001,lepirudin,gestonorone,gestonorone may decrease the anticoagulant activities of lepirudin.
db00001,lepirudin,methylestrenolone,methylestrenolone may decrease the anticoagulant activities of lepirudin.
db00001,lepirudin,promegestone,promegestone may decrease the anticoagulant activities of lepirudin.
db00001,lepirudin,etynodiol,the therapeutic efficacy of lepirudin can be decreased when used in combination with etynodiol.
db00001,lepirudin,hydroxyprogesterone,hydroxyprogesterone may decrease the anticoagulant activities of lepirudin.
db00001,lepirudin,quingestanol acetate,quingestanol acetate may decrease the anticoagulant activities of lepirudin.
db00001,lepirudin,aminosalicylic acid,the risk or severity of bleeding can be increased when aminosalicylic acid is combined with lepirudin.
db00001,lepirudin,bismuth subsalicylate,the risk or severity of bleeding can be increased when bismuth subsalicylate is combined with lepirudin.
db00001,lepirudin,dersalazine,the risk or severity of bleeding can be increased when dersalazine is combined with lepirudin.
db00001,lepirudin,phenyl aminosalicylate,the risk or severity of bleeding can be increased when phenyl aminosalicylate is combined with lepirudin.
db00001,lepirudin,methyl salicylate,the risk or severity of bleeding can be increased when methyl salicylate is combined with lepirudin.
db00001,lepirudin,trolamine salicylate,the risk or severity of bleeding can be increased when trolamine salicylate is combined with lepirudin.
db00001,lepirudin,aloxiprin,the risk or severity of bleeding can be increased when aloxiprin is combined with lepirudin.
db00001,lepirudin,choline salicylate,the risk or severity of bleeding can be increased when choline salicylate is combined with lepirudin.
db00001,lepirudin,thiosalicylic acid,the risk or severity of bleeding can be increased when thiosalicylic acid is combined with lepirudin.
db00001,lepirudin,abciximab,the risk or severity of bleeding can be increased when abciximab is combined with lepirudin.
db00001,lepirudin,eptifibatide,the risk or severity of bleeding can be increased when eptifibatide is combined with lepirudin.
db00001,lepirudin,ticlopidine,the risk or severity of bleeding can be increased when ticlopidine is combined with lepirudin.
db00001,lepirudin,anagrelide,the risk or severity of bleeding can be increased when anagrelide is combined with lepirudin.
db00001,lepirudin,clopidogrel,the risk or severity of bleeding can be increased when clopidogrel is combined with lepirudin.
db00001,lepirudin,tirofiban,the risk or severity of bleeding can be increased when tirofiban is combined with lepirudin.
db00001,lepirudin,dipyridamole,the risk or severity of bleeding can be increased when dipyridamole is combined with lepirudin.
db00001,lepirudin,iloprost,iloprost may increase the anticoagulant activities of lepirudin.
db00001,lepirudin,sulfinpyrazone,the risk or severity of bleeding can be increased when sulfinpyrazone is combined with lepirudin.
db00001,lepirudin,cilostazol,the risk or severity of bleeding can be increased when cilostazol is combined with lepirudin.
db00001,lepirudin,ridogrel,the risk or severity of bleeding can be increased when ridogrel is combined with lepirudin.
db00001,lepirudin,epoprostenol,the risk or severity of bleeding can be increased when epoprostenol is combined with lepirudin.
db00001,lepirudin,resveratrol,the risk or severity of bleeding can be increased when resveratrol is combined with lepirudin.
db00001,lepirudin,nimesulide,the risk or severity of bleeding can be increased when nimesulide is combined with lepirudin.
db00001,lepirudin,tesmilifene,the risk or severity of bleeding can be increased when tesmilifene is combined with lepirudin.
db00001,lepirudin,defibrotide,the risk or severity of bleeding can be increased when defibrotide is combined with lepirudin.
db00001,lepirudin,beraprost,the risk or severity of bleeding can be increased when beraprost is combined with lepirudin.
db00001,lepirudin,ibudilast,the risk or severity of bleeding can be increased when ibudilast is combined with lepirudin.
db00001,lepirudin,andrographolide,the risk or severity of bleeding can be increased when andrographolide is combined with lepirudin.
db00001,lepirudin,caplacizumab,the risk or severity of bleeding can be increased when caplacizumab is combined with lepirudin.
db00001,lepirudin,prasugrel,the risk or severity of bleeding can be increased when prasugrel is combined with lepirudin.
db00001,lepirudin,cangrelor,the risk or severity of bleeding can be increased when cangrelor is combined with lepirudin.
db00001,lepirudin,tranilast,the risk or severity of bleeding can be increased when tranilast is combined with lepirudin.
db00001,lepirudin,triflusal,the risk or severity of bleeding can be increased when triflusal is combined with lepirudin.
db00001,lepirudin,ticagrelor,the risk or severity of bleeding can be increased when ticagrelor is combined with lepirudin.
db00001,lepirudin,icosapent ethyl,the risk or severity of bleeding can be increased when icosapent ethyl is combined with lepirudin.
db00001,lepirudin,trapidil,the risk or severity of bleeding can be increased when trapidil is combined with lepirudin.
db00001,lepirudin,naftopidil,the risk or severity of bleeding can be increased when naftopidil is combined with lepirudin.
db00001,lepirudin,sarpogrelate,the risk or severity of bleeding can be increased when sarpogrelate is combined with lepirudin.
db00001,lepirudin,ifetroban,the risk or severity of bleeding can be increased when ifetroban is combined with lepirudin.
db00001,lepirudin,nitroaspirin,the risk or severity of bleeding can be increased when nitroaspirin is combined with lepirudin.
db00001,lepirudin,indobufen,the risk or severity of bleeding can be increased when indobufen is combined with lepirudin.
db00001,lepirudin,butylphthalide,the risk or severity of bleeding can be increased when butylphthalide is combined with lepirudin.
db00001,lepirudin,hydroxytyrosol,the risk or severity of bleeding can be increased when hydroxytyrosol is combined with lepirudin.
db00001,lepirudin,ramatroban,the risk or severity of bleeding can be increased when ramatroban is combined with lepirudin.
db00001,lepirudin,picotamide,the risk or severity of bleeding can be increased when picotamide is combined with lepirudin.
db00001,lepirudin,cloricromen,the risk or severity of bleeding can be increased when cloricromen is combined with lepirudin.
db00001,lepirudin,linsidomine,the risk or severity of bleeding can be increased when linsidomine is combined with lepirudin.
db00001,lepirudin,buflomedil,the risk or severity of bleeding can be increased when buflomedil is combined with lepirudin.
db00001,lepirudin,relcovaptan,the risk or severity of bleeding can be increased when relcovaptan is combined with lepirudin.
db00001,lepirudin,maritime pine extract,the risk or severity of bleeding can be increased when maritime pine extract is combined with lepirudin.
db00001,lepirudin,treprostinil,the risk or severity of bleeding can be increased when treprostinil is combined with lepirudin.
db00001,lepirudin,hemin,hemin may increase the anticoagulant activities of lepirudin.
db00001,lepirudin,acemetacin,the risk or severity of bleeding and hemorrhage can be increased when lepirudin is combined with acemetacin.
db00001,lepirudin,testosterone,testosterone may increase the anticoagulant activities of lepirudin.
db00001,lepirudin,testosterone propionate,testosterone propionate may increase the anticoagulant activities of lepirudin.
db00001,lepirudin,1-testosterone,1-testosterone may increase the anticoagulant activities of lepirudin.
db00001,lepirudin,4-hydroxytestosterone,4-hydroxytestosterone may increase the anticoagulant activities of lepirudin.
db00001,lepirudin,dehydrochloromethyltestosterone,dehydrochloromethyltestosterone may increase the anticoagulant activities of lepirudin.
db00001,lepirudin,boldenone,boldenone may increase the anticoagulant activities of lepirudin.
db00001,lepirudin,18-methyl-19-nortestosterone,18-methyl-19-nortestosterone may increase the anticoagulant activities of lepirudin.
db00001,lepirudin,calusterone,calusterone may increase the anticoagulant activities of lepirudin.
db00001,lepirudin,formebolone,formebolone may increase the anticoagulant activities of lepirudin.
db00001,lepirudin,methyl-1-testosterone,methyl-1-testosterone may increase the anticoagulant activities of lepirudin.
db00001,lepirudin,5beta-dihydrotestosterone,5beta-dihydrotestosterone may increase the anticoagulant activities of lepirudin.
db00001,lepirudin,testosterone succinate,testosterone succinate may increase the anticoagulant activities of lepirudin.
db00001,lepirudin,mibolerone,mibolerone may increase the anticoagulant activities of lepirudin.
db00001,lepirudin,testosterone cypionate,testosterone cypionate may increase the anticoagulant activities of lepirudin.
db00001,lepirudin,testosterone enanthate,testosterone enanthate may increase the anticoagulant activities of lepirudin.
db00001,lepirudin,testosterone undecanoate,testosterone undecanoate may increase the anticoagulant activities of lepirudin.
db00001,lepirudin,testosterone enantate benzilic acid hydrazone,testosterone enantate benzilic acid hydrazone may increase the anticoagulant activities of lepirudin.
db00001,lepirudin,stanolone acetate,stanolone acetate may increase the anticoagulant activities of lepirudin.
db00001,lepirudin,trestolone acetate,trestolone acetate may increase the anticoagulant activities of lepirudin.
db00001,lepirudin,"(1,2,6,7-3h)testosterone","(1,2,6,7-3h)testosterone may increase the anticoagulant activities of lepirudin."
db00001,lepirudin,drostanolone propionate,drostanolone propionate may increase the anticoagulant activities of lepirudin.
db00001,lepirudin,stanolone,stanolone may increase the anticoagulant activities of lepirudin.
db00001,lepirudin,azficel-t,the risk or severity of adverse effects can be increased when lepirudin is combined with azficel-t.
db00001,lepirudin,omega-3-carboxylic acids,the therapeutic efficacy of lepirudin can be increased when used in combination with omega-3-carboxylic acids.
db00001,lepirudin,"antihemophilic factor, human recombinant","the therapeutic efficacy of antihemophilic factor, human recombinant can be decreased when used in combination with lepirudin."
db00001,lepirudin,coagulation factor viia recombinant human,the therapeutic efficacy of coagulation factor viia recombinant human can be decreased when used in combination with lepirudin.
db00001,lepirudin,coagulation factor ix (recombinant),the therapeutic efficacy of coagulation factor ix (recombinant) can be decreased when used in combination with lepirudin.
db00001,lepirudin,calcium,the therapeutic efficacy of calcium can be decreased when used in combination with lepirudin.
db00001,lepirudin,pantothenic acid,the therapeutic efficacy of pantothenic acid can be decreased when used in combination with lepirudin.
db00001,lepirudin,formic acid,the therapeutic efficacy of formic acid can be decreased when used in combination with lepirudin.
db00001,lepirudin,platelet activating factor,the therapeutic efficacy of platelet activating factor can be decreased when used in combination with lepirudin.
db00001,lepirudin,turoctocog alfa,the therapeutic efficacy of turoctocog alfa can be decreased when used in combination with lepirudin.
db00001,lepirudin,fibrinogen human,the therapeutic efficacy of fibrinogen human can be decreased when used in combination with lepirudin.
db00001,lepirudin,catridecacog,the therapeutic efficacy of catridecacog can be decreased when used in combination with lepirudin.
db00001,lepirudin,"antihemophilic factor (recombinant), pegylated","the therapeutic efficacy of antihemophilic factor (recombinant), pegylated can be decreased when used in combination with lepirudin."
db00001,lepirudin,prothrombin,the therapeutic efficacy of prothrombin can be decreased when used in combination with lepirudin.
db00001,lepirudin,factor ix complex (human),the therapeutic efficacy of factor ix complex (human) can be decreased when used in combination with lepirudin.
db00001,lepirudin,susoctocog alfa,the therapeutic efficacy of susoctocog alfa can be decreased when used in combination with lepirudin.
db00001,lepirudin,eftrenonacog alfa,the therapeutic efficacy of eftrenonacog alfa can be decreased when used in combination with lepirudin.
db00001,lepirudin,rusalatide acetate,the therapeutic efficacy of rusalatide acetate can be decreased when used in combination with lepirudin.
db00001,lepirudin,vatreptacog alfa,the therapeutic efficacy of vatreptacog alfa can be decreased when used in combination with lepirudin.
db00001,lepirudin,factor xiii (human),the therapeutic efficacy of factor xiii (human) can be decreased when used in combination with lepirudin.
db00001,lepirudin,von willebrand factor human,the therapeutic efficacy of von willebrand factor human can be decreased when used in combination with lepirudin.
db00001,lepirudin,coagulation factor x human,the therapeutic efficacy of coagulation factor x human can be decreased when used in combination with lepirudin.
db00001,lepirudin,coagulation factor vii human,the therapeutic efficacy of coagulation factor vii human can be decreased when used in combination with lepirudin.
db00001,lepirudin,anti-inhibitor coagulant complex,the therapeutic efficacy of anti-inhibitor coagulant complex can be decreased when used in combination with lepirudin.
db00001,lepirudin,coagulation factor ix human,the therapeutic efficacy of coagulation factor ix human can be decreased when used in combination with lepirudin.
db00001,lepirudin,antihemophilic factor human,the therapeutic efficacy of antihemophilic factor human can be decreased when used in combination with lepirudin.
db00001,lepirudin,kallidinogenase,the therapeutic efficacy of kallidinogenase can be decreased when used in combination with lepirudin.
db00001,lepirudin,trenonacog alfa,the therapeutic efficacy of trenonacog alfa can be decreased when used in combination with lepirudin.
db00001,lepirudin,albutrepenonacog alfa,the therapeutic efficacy of albutrepenonacog alfa can be decreased when used in combination with lepirudin.
db00001,lepirudin,emicizumab,the therapeutic efficacy of emicizumab can be decreased when used in combination with lepirudin.
db00001,lepirudin,nonacog beta pegol,the therapeutic efficacy of nonacog beta pegol can be decreased when used in combination with lepirudin.
db00001,lepirudin,moroctocog alfa,the therapeutic efficacy of moroctocog alfa can be decreased when used in combination with lepirudin.
db00001,lepirudin,beroctocog alfa,the therapeutic efficacy of beroctocog alfa can be decreased when used in combination with lepirudin.
db00001,lepirudin,andexanet alfa,the therapeutic efficacy of andexanet alfa can be decreased when used in combination with lepirudin.
db00001,lepirudin,calcium cation,the therapeutic efficacy of calcium cation can be decreased when used in combination with lepirudin.
db00001,lepirudin,damoctocog alfa pegol,the therapeutic efficacy of damoctocog alfa pegol can be decreased when used in combination with lepirudin.
db00001,lepirudin,turoctocog alfa pegol,the therapeutic efficacy of turoctocog alfa pegol can be decreased when used in combination with lepirudin.
db00001,lepirudin,fluvoxamine,the risk or severity of hemorrhage can be increased when fluvoxamine is combined with lepirudin.
db00001,lepirudin,citalopram,the risk or severity of bleeding can be increased when lepirudin is combined with citalopram.
db00001,lepirudin,fluoxetine,the risk or severity of hemorrhage can be increased when fluoxetine is combined with lepirudin.
db00001,lepirudin,paroxetine,the risk or severity of hemorrhage can be increased when paroxetine is combined with lepirudin.
db00001,lepirudin,nefazodone,the risk or severity of hemorrhage can be increased when nefazodone is combined with lepirudin.
db00001,lepirudin,zimelidine,the risk or severity of hemorrhage can be increased when zimelidine is combined with lepirudin.
db00001,lepirudin,dapoxetine,the risk or severity of hemorrhage can be increased when dapoxetine is combined with lepirudin.
db00001,lepirudin,seproxetine,the risk or severity of hemorrhage can be increased when seproxetine is combined with lepirudin.
db00001,lepirudin,indalpine,the risk or severity of hemorrhage can be increased when indalpine is combined with lepirudin.
db00001,lepirudin,ritanserin,the risk or severity of hemorrhage can be increased when ritanserin is combined with lepirudin.
db00001,lepirudin,alaproclate,the risk or severity of hemorrhage can be increased when alaproclate is combined with lepirudin.
db00001,lepirudin,duloxetine,the risk or severity of hemorrhage can be increased when duloxetine is combined with lepirudin.
db00001,lepirudin,sibutramine,the risk or severity of hemorrhage can be increased when sibutramine is combined with lepirudin.
db00001,lepirudin,milnacipran,the risk or severity of hemorrhage can be increased when milnacipran is combined with lepirudin.
db00001,lepirudin,desvenlafaxine,the risk or severity of adverse effects can be increased when desvenlafaxine is combined with lepirudin.
db00001,lepirudin,levomilnacipran,the risk or severity of bleeding can be increased when lepirudin is combined with levomilnacipran.
db00001,lepirudin,venlafaxine,the risk or severity of bleeding can be increased when lepirudin is combined with venlafaxine.
db00001,lepirudin,linezolid,the risk or severity of bleeding and hemorrhage can be increased when linezolid is combined with lepirudin.
db00001,lepirudin,furazolidone,the risk or severity of bleeding and hemorrhage can be increased when furazolidone is combined with lepirudin.
db00001,lepirudin,procaine,the risk or severity of bleeding and hemorrhage can be increased when procaine is combined with lepirudin.
db00001,lepirudin,tranylcypromine,the risk or severity of bleeding and hemorrhage can be increased when tranylcypromine is combined with lepirudin.
db00001,lepirudin,phenelzine,the risk or severity of bleeding and hemorrhage can be increased when phenelzine is combined with lepirudin.
db00001,lepirudin,minaprine,the risk or severity of bleeding and hemorrhage can be increased when minaprine is combined with lepirudin.
db00001,lepirudin,selegiline,the risk or severity of bleeding and hemorrhage can be increased when selegiline is combined with lepirudin.
db00001,lepirudin,procarbazine,the risk or severity of bleeding and hemorrhage can be increased when procarbazine is combined with lepirudin.
db00001,lepirudin,moclobemide,the risk or severity of bleeding and hemorrhage can be increased when moclobemide is combined with lepirudin.
db00001,lepirudin,isocarboxazid,the risk or severity of bleeding and hemorrhage can be increased when isocarboxazid is combined with lepirudin.
db00001,lepirudin,rasagiline,the risk or severity of bleeding and hemorrhage can be increased when rasagiline is combined with lepirudin.
db00001,lepirudin,pargyline,the risk or severity of bleeding and hemorrhage can be increased when pargyline is combined with lepirudin.
db00001,lepirudin,clorgiline,the risk or severity of bleeding and hemorrhage can be increased when clorgiline is combined with lepirudin.
db00001,lepirudin,iproniazid,the risk or severity of bleeding and hemorrhage can be increased when iproniazid is combined with lepirudin.
db00001,lepirudin,nialamide,the risk or severity of bleeding and hemorrhage can be increased when nialamide is combined with lepirudin.
db00001,lepirudin,safinamide,the risk or severity of bleeding and hemorrhage can be increased when safinamide is combined with lepirudin.
db00001,lepirudin,"7,8-dichloro-1,2,3,4-tetrahydroisoquinoline","the risk or severity of bleeding and hemorrhage can be increased when 7,8-dichloro-1,2,3,4-tetrahydroisoquinoline is combined with lepirudin."
db00001,lepirudin,methylene blue,the risk or severity of bleeding and hemorrhage can be increased when methylene blue is combined with lepirudin.
db00001,lepirudin,hydracarbazine,the risk or severity of bleeding and hemorrhage can be increased when hydracarbazine is combined with lepirudin.
db00001,lepirudin,pirlindole,the risk or severity of bleeding and hemorrhage can be increased when pirlindole is combined with lepirudin.
db00001,lepirudin,toloxatone,the risk or severity of bleeding and hemorrhage can be increased when toloxatone is combined with lepirudin.
db00001,lepirudin,benmoxin,the risk or severity of bleeding and hemorrhage can be increased when benmoxin is combined with lepirudin.
db00001,lepirudin,mebanazine,the risk or severity of bleeding and hemorrhage can be increased when mebanazine is combined with lepirudin.
db00001,lepirudin,octamoxin,the risk or severity of bleeding and hemorrhage can be increased when octamoxin is combined with lepirudin.
db00001,lepirudin,pheniprazine,the risk or severity of bleeding and hemorrhage can be increased when pheniprazine is combined with lepirudin.
db00001,lepirudin,phenoxypropazine,the risk or severity of bleeding and hemorrhage can be increased when phenoxypropazine is combined with lepirudin.
db00001,lepirudin,pivhydrazine,the risk or severity of bleeding and hemorrhage can be increased when pivhydrazine is combined with lepirudin.
db00001,lepirudin,safrazine,the risk or severity of bleeding and hemorrhage can be increased when safrazine is combined with lepirudin.
db00001,lepirudin,caroxazone,the risk or severity of bleeding and hemorrhage can be increased when caroxazone is combined with lepirudin.
db00001,lepirudin,harmaline,the risk or severity of bleeding and hemorrhage can be increased when harmaline is combined with lepirudin.
db00001,lepirudin,brofaromine,the risk or severity of bleeding and hemorrhage can be increased when brofaromine is combined with lepirudin.
db00001,lepirudin,bivalirudin,the risk or severity of bleeding can be increased when lepirudin is combined with bivalirudin.
db00001,lepirudin,dicoumarol,the risk or severity of bleeding can be increased when dicoumarol is combined with lepirudin.
db00001,lepirudin,argatroban,the risk or severity of bleeding can be increased when lepirudin is combined with argatroban.
db00001,lepirudin,ardeparin,the risk or severity of bleeding can be increased when lepirudin is combined with ardeparin.
db00001,lepirudin,phenindione,the risk or severity of bleeding can be increased when lepirudin is combined with phenindione.
db00001,lepirudin,fondaparinux,the risk or severity of bleeding can be increased when lepirudin is combined with fondaparinux.
db00001,lepirudin,warfarin,the risk or severity of bleeding can be increased when warfarin is combined with lepirudin.
db00001,lepirudin,phenprocoumon,the risk or severity of bleeding can be increased when phenprocoumon is combined with lepirudin.
db00001,lepirudin,edetic acid,the risk or severity of bleeding can be increased when lepirudin is combined with edetic acid.
db00001,lepirudin,heparin,the risk or severity of bleeding can be increased when lepirudin is combined with heparin.
db00001,lepirudin,enoxaparin,the risk or severity of bleeding can be increased when lepirudin is combined with enoxaparin.
db00001,lepirudin,acenocoumarol,the risk or severity of bleeding can be increased when acenocoumarol is combined with lepirudin.
db00001,lepirudin,ximelagatran,the risk or severity of bleeding can be increased when lepirudin is combined with ximelagatran.
db00001,lepirudin,ancrod,the risk or severity of bleeding can be increased when ancrod is combined with lepirudin.
db00001,lepirudin,sulodexide,the risk or severity of bleeding can be increased when sulodexide is combined with lepirudin.
db00001,lepirudin,idraparinux,the risk or severity of bleeding can be increased when lepirudin is combined with idraparinux.
db00001,lepirudin,otamixaban,the risk or severity of bleeding can be increased when lepirudin is combined with otamixaban.
db00001,lepirudin,danaparoid,the risk or severity of bleeding can be increased when lepirudin is combined with danaparoid.
db00001,lepirudin,dalteparin,the risk or severity of bleeding can be increased when lepirudin is combined with dalteparin.
db00001,lepirudin,ethyl biscoumacetate,the risk or severity of bleeding can be increased when ethyl biscoumacetate is combined with lepirudin.
db00001,lepirudin,nadroparin,the risk or severity of bleeding can be increased when lepirudin is combined with nadroparin.
db00001,lepirudin,dextran,the risk or severity of bleeding can be increased when lepirudin is combined with dextran.
db00001,lepirudin,desirudin,the risk or severity of bleeding can be increased when lepirudin is combined with desirudin.
db00001,lepirudin,protocatechualdehyde,the risk or severity of bleeding can be increased when lepirudin is combined with protocatechualdehyde.
db00001,lepirudin,protein c,the risk or severity of bleeding can be increased when protein c is combined with lepirudin.
db00001,lepirudin,antithrombin iii human,the risk or severity of bleeding can be increased when lepirudin is combined with antithrombin iii human.
db00001,lepirudin,letaxaban,the risk or severity of bleeding can be increased when lepirudin is combined with letaxaban.
db00001,lepirudin,darexaban,the risk or severity of bleeding can be increased when lepirudin is combined with darexaban.
db00001,lepirudin,nafamostat,the risk or severity of bleeding can be increased when lepirudin is combined with nafamostat.
db00001,lepirudin,gabexate,the risk or severity of bleeding can be increased when lepirudin is combined with gabexate.
db00001,lepirudin,troxerutin,the risk or severity of bleeding can be increased when lepirudin is combined with troxerutin.
db00001,lepirudin,fluindione,the risk or severity of bleeding can be increased when lepirudin is combined with fluindione.
db00001,lepirudin,protein s human,the therapeutic efficacy of protein s human can be decreased when used in combination with lepirudin.
db00001,lepirudin,melagatran,the risk or severity of bleeding can be increased when lepirudin is combined with melagatran.
db00001,lepirudin,sodium citrate,the risk or severity of bleeding can be increased when lepirudin is combined with sodium citrate.
db00001,lepirudin,tenecteplase,the risk or severity of bleeding can be increased when tenecteplase is combined with lepirudin.
db00001,lepirudin,drotrecogin alfa,the risk or severity of bleeding can be increased when drotrecogin alfa is combined with lepirudin.
db00001,lepirudin,tinzaparin,the risk or severity of bleeding can be increased when lepirudin is combined with tinzaparin.
db00001,lepirudin,brinase,the risk or severity of bleeding can be increased when brinase is combined with lepirudin.
db00001,lepirudin,saruplase,the risk or severity of bleeding can be increased when saruplase is combined with lepirudin.
db00001,lepirudin,streptokinase,the risk or severity of bleeding can be increased when streptokinase is combined with lepirudin.
db00001,lepirudin,desmoteplase,the risk or severity of bleeding can be increased when desmoteplase is combined with lepirudin.
db00001,lepirudin,astaxanthin,the risk or severity of bleeding can be increased when astaxanthin is combined with lepirudin.
db00001,lepirudin,ditazole,the risk or severity of bleeding can be increased when lepirudin is combined with ditazole.
db00001,lepirudin,bemiparin,the risk or severity of bleeding can be increased when lepirudin is combined with bemiparin.
db00001,lepirudin,parnaparin,the risk or severity of bleeding can be increased when lepirudin is combined with parnaparin.
db00001,lepirudin,clorindione,the risk or severity of bleeding can be increased when lepirudin is combined with clorindione.
db00001,lepirudin,diphenadione,the risk or severity of bleeding can be increased when lepirudin is combined with diphenadione.
db00001,lepirudin,tioclomarol,the risk or severity of bleeding can be increased when lepirudin is combined with tioclomarol.
db00001,lepirudin,alteplase,the risk or severity of bleeding can be increased when alteplase is combined with lepirudin.
db00001,lepirudin,reteplase,the risk or severity of bleeding can be increased when reteplase is combined with lepirudin.
db00001,lepirudin,anistreplase,the risk or severity of bleeding can be increased when anistreplase is combined with lepirudin.
db00001,lepirudin,tocopherylquinone,the risk or severity of bleeding can be increased when lepirudin is combined with tocopherylquinone.
db00001,lepirudin,amediplase,the risk or severity of bleeding can be increased when amediplase is combined with lepirudin.
db00001,lepirudin,4-hydroxycoumarin,the risk or severity of bleeding can be increased when 4-hydroxycoumarin is combined with lepirudin.
db00001,lepirudin,(r)-warfarin,the risk or severity of bleeding can be increased when lepirudin is combined with (r)-warfarin.
db00001,lepirudin,(s)-warfarin,the risk or severity of bleeding can be increased when lepirudin is combined with (s)-warfarin.
db00001,lepirudin,betrixaban,the risk or severity of bleeding can be increased when lepirudin is combined with betrixaban.
db00001,lepirudin,antithrombin alfa,the risk or severity of bleeding can be increased when lepirudin is combined with antithrombin alfa.
db00001,lepirudin,coumarin,the risk or severity of bleeding can be increased when lepirudin is combined with coumarin.
db00001,lepirudin,dabigatran,the risk or severity of bleeding can be increased when lepirudin is combined with dabigatran.
db00001,lepirudin,semuloparin,the risk or severity of bleeding can be increased when lepirudin is combined with semuloparin.
db00001,lepirudin,monteplase,the risk or severity of bleeding can be increased when monteplase is combined with lepirudin.
db00001,lepirudin,reviparin,the risk or severity of bleeding can be increased when lepirudin is combined with reviparin.
db00001,lepirudin,dermatan sulfate,the risk or severity of bleeding can be increased when lepirudin is combined with dermatan sulfate.
db00001,lepirudin,sr-123781a,the risk or severity of bleeding can be increased when lepirudin is combined with sr-123781a.
db00001,lepirudin,sildenafil,the risk or severity of hemorrhage can be increased when lepirudin is combined with sildenafil.
db00001,lepirudin,peginterferon alfa-2a,the risk or severity of bleeding can be increased when lepirudin is combined with peginterferon alfa-2a.
db00001,lepirudin,interferon alfa-n1,the risk or severity of bleeding can be increased when lepirudin is combined with interferon alfa-n1.
db00001,lepirudin,interferon alfa-n3,the risk or severity of bleeding can be increased when lepirudin is combined with interferon alfa-n3.
db00001,lepirudin,peginterferon alfa-2b,the risk or severity of bleeding can be increased when lepirudin is combined with peginterferon alfa-2b.
db00001,lepirudin,interferon gamma-1b,the risk or severity of bleeding can be increased when lepirudin is combined with interferon gamma-1b.
db00001,lepirudin,interferon alfa-2a,the risk or severity of bleeding can be increased when lepirudin is combined with interferon alfa-2a.
db00001,lepirudin,aldesleukin,the risk or severity of bleeding can be increased when lepirudin is combined with aldesleukin.
db00001,lepirudin,gemtuzumab ozogamicin,the risk or severity of bleeding can be increased when lepirudin is combined with gemtuzumab ozogamicin.
db00001,lepirudin,interferon beta-1b,the risk or severity of bleeding can be increased when lepirudin is combined with interferon beta-1b.
db00001,lepirudin,interferon alfacon-1,the risk or severity of bleeding can be increased when lepirudin is combined with interferon alfacon-1.
db00001,lepirudin,rituximab,the risk or severity of bleeding can be increased when lepirudin is combined with rituximab.
db00001,lepirudin,ibritumomab tiuxetan,the risk or severity of bleeding can be increased when lepirudin is combined with ibritumomab tiuxetan.
db00001,lepirudin,alemtuzumab,the risk or severity of bleeding can be increased when lepirudin is combined with alemtuzumab.
db00001,lepirudin,interferon alfa-2b,the risk or severity of bleeding can be increased when lepirudin is combined with interferon alfa-2b.
db00001,lepirudin,phenylalanine,the risk or severity of bleeding can be increased when lepirudin is combined with phenylalanine.
db00001,lepirudin,bortezomib,the risk or severity of bleeding can be increased when lepirudin is combined with bortezomib.
db00001,lepirudin,cladribine,the risk or severity of bleeding can be increased when lepirudin is combined with cladribine.
db00001,lepirudin,carmustine,the risk or severity of bleeding can be increased when lepirudin is combined with carmustine.
db00001,lepirudin,amsacrine,the risk or severity of bleeding can be increased when lepirudin is combined with amsacrine.
db00001,lepirudin,chlorambucil,the risk or severity of bleeding can be increased when lepirudin is combined with chlorambucil.
db00001,lepirudin,raltitrexed,the risk or severity of bleeding can be increased when lepirudin is combined with raltitrexed.
db00001,lepirudin,mitomycin,the risk or severity of bleeding can be increased when lepirudin is combined with mitomycin.
db00001,lepirudin,bexarotene,the risk or severity of bleeding can be increased when lepirudin is combined with bexarotene.
db00001,lepirudin,vindesine,the risk or severity of bleeding can be increased when lepirudin is combined with vindesine.
db00001,lepirudin,floxuridine,the risk or severity of bleeding can be increased when lepirudin is combined with floxuridine.
db00001,lepirudin,tioguanine,the risk or severity of bleeding can be increased when lepirudin is combined with tioguanine.
db00001,lepirudin,vinorelbine,the risk or severity of bleeding can be increased when lepirudin is combined with vinorelbine.
db00001,lepirudin,dexrazoxane,the risk or severity of bleeding can be increased when lepirudin is combined with dexrazoxane.
db00001,lepirudin,sorafenib,the risk or severity of bleeding can be increased when lepirudin is combined with sorafenib.
db00001,lepirudin,streptozocin,the risk or severity of bleeding can be increased when lepirudin is combined with streptozocin.
db00001,lepirudin,gemcitabine,the risk or severity of bleeding can be increased when lepirudin is combined with gemcitabine.
db00001,lepirudin,teniposide,the risk or severity of bleeding can be increased when lepirudin is combined with teniposide.
db00001,lepirudin,epirubicin,the risk or severity of bleeding can be increased when lepirudin is combined with epirubicin.
db00001,lepirudin,chloramphenicol,the risk or severity of bleeding can be increased when lepirudin is combined with chloramphenicol.
db00001,lepirudin,lenalidomide,the risk or severity of bleeding can be increased when lepirudin is combined with lenalidomide.
db00001,lepirudin,altretamine,the risk or severity of bleeding can be increased when lepirudin is combined with altretamine.
db00001,lepirudin,zidovudine,the risk or severity of bleeding can be increased when lepirudin is combined with zidovudine.
db00001,lepirudin,cisplatin,the risk or severity of bleeding can be increased when lepirudin is combined with cisplatin.
db00001,lepirudin,oxaliplatin,the risk or severity of hemorrhage can be increased when oxaliplatin is combined with lepirudin.
db00001,lepirudin,cyclophosphamide,the risk or severity of bleeding can be increased when lepirudin is combined with cyclophosphamide.
db00001,lepirudin,fluorouracil,the risk or severity of bleeding can be increased when lepirudin is combined with fluorouracil.
db00001,lepirudin,pentostatin,the risk or severity of bleeding can be increased when lepirudin is combined with pentostatin.
db00001,lepirudin,methotrexate,the risk or severity of bleeding can be increased when lepirudin is combined with methotrexate.
db00001,lepirudin,carbamazepine,the risk or severity of bleeding can be increased when lepirudin is combined with carbamazepine.
db00001,lepirudin,vinblastine,the risk or severity of bleeding can be increased when lepirudin is combined with vinblastine.
db00001,lepirudin,imatinib,the risk or severity of bleeding can be increased when lepirudin is combined with imatinib.
db00001,lepirudin,clofarabine,the risk or severity of bleeding can be increased when lepirudin is combined with clofarabine.
db00001,lepirudin,pemetrexed,the risk or severity of bleeding can be increased when lepirudin is combined with pemetrexed.
db00001,lepirudin,daunorubicin,the risk or severity of bleeding can be increased when lepirudin is combined with daunorubicin.
db00001,lepirudin,irinotecan,the risk or severity of bleeding can be increased when lepirudin is combined with irinotecan.
db00001,lepirudin,etoposide,the risk or severity of bleeding can be increased when lepirudin is combined with etoposide.
db00001,lepirudin,dacarbazine,the risk or severity of bleeding can be increased when lepirudin is combined with dacarbazine.
db00001,lepirudin,temozolomide,the risk or severity of bleeding can be increased when lepirudin is combined with temozolomide.
db00001,lepirudin,penicillamine,the risk or severity of bleeding can be increased when lepirudin is combined with penicillamine.
db00001,lepirudin,tacrolimus,the risk or severity of bleeding can be increased when lepirudin is combined with tacrolimus.
db00001,lepirudin,sirolimus,the risk or severity of bleeding can be increased when lepirudin is combined with sirolimus.
db00001,lepirudin,mechlorethamine,the risk or severity of bleeding can be increased when lepirudin is combined with mechlorethamine.
db00001,lepirudin,azacitidine,the risk or severity of bleeding can be increased when lepirudin is combined with azacitidine.
db00001,lepirudin,carboplatin,the risk or severity of bleeding can be increased when lepirudin is combined with carboplatin.
db00001,lepirudin,dactinomycin,the risk or severity of bleeding can be increased when lepirudin is combined with dactinomycin.
db00001,lepirudin,cytarabine,the risk or severity of bleeding can be increased when lepirudin is combined with cytarabine.
db00001,lepirudin,doxorubicin,the risk or severity of bleeding can be increased when lepirudin is combined with doxorubicin.
db00001,lepirudin,hydroxyurea,the risk or severity of bleeding can be increased when lepirudin is combined with hydroxyurea.
db00001,lepirudin,busulfan,the risk or severity of bleeding can be increased when lepirudin is combined with busulfan.
db00001,lepirudin,topotecan,the risk or severity of bleeding can be increased when lepirudin is combined with topotecan.
db00001,lepirudin,mercaptopurine,the risk or severity of bleeding can be increased when lepirudin is combined with mercaptopurine.
db00001,lepirudin,thalidomide,the risk or severity of bleeding can be increased when lepirudin is combined with thalidomide.
db00001,lepirudin,melphalan,the risk or severity of bleeding can be increased when lepirudin is combined with melphalan.
db00001,lepirudin,fludarabine,the risk or severity of bleeding can be increased when lepirudin is combined with fludarabine.
db00001,lepirudin,flucytosine,the risk or severity of bleeding can be increased when lepirudin is combined with flucytosine.
db00001,lepirudin,capecitabine,the risk or severity of bleeding can be increased when lepirudin is combined with capecitabine.
db00001,lepirudin,arsenic trioxide,the risk or severity of bleeding can be increased when lepirudin is combined with arsenic trioxide.
db00001,lepirudin,idarubicin,the risk or severity of bleeding can be increased when lepirudin is combined with idarubicin.
db00001,lepirudin,mitoxantrone,the risk or severity of bleeding can be increased when lepirudin is combined with mitoxantrone.
db00001,lepirudin,lomustine,the risk or severity of bleeding can be increased when lepirudin is combined with lomustine.
db00001,lepirudin,paclitaxel,the risk or severity of bleeding can be increased when lepirudin is combined with paclitaxel.
db00001,lepirudin,docetaxel,the risk or severity of bleeding can be increased when lepirudin is combined with docetaxel.
db00001,lepirudin,decitabine,the risk or severity of bleeding can be increased when lepirudin is combined with decitabine.
db00001,lepirudin,nelarabine,the risk or severity of bleeding can be increased when lepirudin is combined with nelarabine.
db00001,lepirudin,everolimus,the risk or severity of bleeding can be increased when lepirudin is combined with everolimus.
db00001,lepirudin,vorinostat,the risk or severity of bleeding can be increased when lepirudin is combined with vorinostat.
db00001,lepirudin,thiotepa,the risk or severity of bleeding can be increased when lepirudin is combined with thiotepa.
db00001,lepirudin,ixabepilone,the risk or severity of bleeding can be increased when lepirudin is combined with ixabepilone.
db00001,lepirudin,nilotinib,the risk or severity of bleeding can be increased when lepirudin is combined with nilotinib.
db00001,lepirudin,belinostat,the risk or severity of bleeding can be increased when lepirudin is combined with belinostat.
db00001,lepirudin,trabectedin,the risk or severity of bleeding can be increased when lepirudin is combined with trabectedin.
db00001,lepirudin,interferon alfa,the risk or severity of bleeding can be increased when lepirudin is combined with interferon alfa.
db00001,lepirudin,human interferon omega-1,the risk or severity of bleeding can be increased when lepirudin is combined with human interferon omega-1.
db00001,lepirudin,trastuzumab emtansine,the risk or severity of bleeding can be increased when lepirudin is combined with trastuzumab emtansine.
db00001,lepirudin,temsirolimus,the risk or severity of bleeding can be increased when lepirudin is combined with temsirolimus.
db00001,lepirudin,bosutinib,the risk or severity of bleeding can be increased when lepirudin is combined with bosutinib.
db00001,lepirudin,bendamustine,the risk or severity of bleeding can be increased when lepirudin is combined with bendamustine.
db00001,lepirudin,cabazitaxel,the risk or severity of bleeding can be increased when lepirudin is combined with cabazitaxel.
db00001,lepirudin,eribulin,the risk or severity of bleeding can be increased when lepirudin is combined with eribulin.
db00001,lepirudin,ruxolitinib,the risk or severity of bleeding can be increased when lepirudin is combined with ruxolitinib.
db00001,lepirudin,carfilzomib,the risk or severity of bleeding can be increased when lepirudin is combined with carfilzomib.
db00001,lepirudin,tofacitinib,the risk or severity of bleeding can be increased when lepirudin is combined with tofacitinib.
db00001,lepirudin,ponatinib,the risk or severity of bleeding can be increased when lepirudin is combined with ponatinib.
db00001,lepirudin,pomalidomide,the risk or severity of bleeding can be increased when lepirudin is combined with pomalidomide.
db00001,lepirudin,tedizolid phosphate,the risk or severity of bleeding can be increased when lepirudin is combined with tedizolid phosphate.
db00001,lepirudin,blinatumomab,the risk or severity of bleeding can be increased when lepirudin is combined with blinatumomab.
db00001,lepirudin,palbociclib,the risk or severity of bleeding can be increased when lepirudin is combined with palbociclib.
db00001,lepirudin,olaparib,the risk or severity of bleeding can be increased when lepirudin is combined with olaparib.
db00001,lepirudin,dinutuximab,the risk or severity of bleeding can be increased when lepirudin is combined with dinutuximab.
db00001,lepirudin,peginterferon beta-1a,the risk or severity of bleeding can be increased when lepirudin is combined with peginterferon beta-1a.
db00001,lepirudin,cepeginterferon alfa-2b,the risk or severity of bleeding can be increased when lepirudin is combined with cepeginterferon alfa-2b.
db00001,lepirudin,cefotiam,the therapeutic efficacy of lepirudin can be decreased when used in combination with cefotiam.
db00001,lepirudin,cefmenoxime,the therapeutic efficacy of lepirudin can be decreased when used in combination with cefmenoxime.
db00001,lepirudin,cefmetazole,the therapeutic efficacy of lepirudin can be decreased when used in combination with cefmetazole.
db00001,lepirudin,cefpiramide,the therapeutic efficacy of lepirudin can be decreased when used in combination with cefpiramide.
db00001,lepirudin,ceftazidime,the therapeutic efficacy of lepirudin can be decreased when used in combination with ceftazidime.
db00001,lepirudin,loracarbef,the therapeutic efficacy of lepirudin can be decreased when used in combination with loracarbef.
db00001,lepirudin,cefalotin,the therapeutic efficacy of lepirudin can be decreased when used in combination with cefalotin.
db00001,lepirudin,cefotaxime,the therapeutic efficacy of lepirudin can be decreased when used in combination with cefotaxime.
db00001,lepirudin,cefdinir,the therapeutic efficacy of lepirudin can be decreased when used in combination with cefdinir.
db00001,lepirudin,cephalexin,the therapeutic efficacy of lepirudin can be decreased when used in combination with cephalexin.
db00001,lepirudin,cefixime,the therapeutic efficacy of lepirudin can be decreased when used in combination with cefixime.
db00001,lepirudin,cephaloglycin,the therapeutic efficacy of lepirudin can be decreased when used in combination with cephaloglycin.
db00001,lepirudin,cefaclor,the therapeutic efficacy of lepirudin can be decreased when used in combination with cefaclor.
db00001,lepirudin,ceforanide,the therapeutic efficacy of lepirudin can be decreased when used in combination with ceforanide.
db00001,lepirudin,cefditoren,the therapeutic efficacy of lepirudin can be decreased when used in combination with cefditoren.
db00001,lepirudin,cefuroxime,the therapeutic efficacy of lepirudin can be decreased when used in combination with cefuroxime.
db00001,lepirudin,cefapirin,the therapeutic efficacy of lepirudin can be decreased when used in combination with cefapirin.
db00001,lepirudin,cefadroxil,the therapeutic efficacy of lepirudin can be decreased when used in combination with cefadroxil.
db00001,lepirudin,cefprozil,the therapeutic efficacy of lepirudin can be decreased when used in combination with cefprozil.
db00001,lepirudin,ceftriaxone,the therapeutic efficacy of lepirudin can be decreased when used in combination with ceftriaxone.
db00001,lepirudin,cefamandole,the therapeutic efficacy of lepirudin can be decreased when used in combination with cefamandole.
db00001,lepirudin,cefazolin,the therapeutic efficacy of lepirudin can be decreased when used in combination with cefazolin.
db00001,lepirudin,cefonicid,the therapeutic efficacy of lepirudin can be decreased when used in combination with cefonicid.
db00001,lepirudin,cefoperazone,the therapeutic efficacy of lepirudin can be decreased when used in combination with cefoperazone.
db00001,lepirudin,cefotetan,the therapeutic efficacy of lepirudin can be decreased when used in combination with cefotetan.
db00001,lepirudin,cefoxitin,the therapeutic efficacy of lepirudin can be decreased when used in combination with cefoxitin.
db00001,lepirudin,ceftizoxime,the therapeutic efficacy of lepirudin can be decreased when used in combination with ceftizoxime.
db00001,lepirudin,cefradine,the therapeutic efficacy of lepirudin can be decreased when used in combination with cefradine.
db00001,lepirudin,cefepime,the therapeutic efficacy of lepirudin can be decreased when used in combination with cefepime.
db00001,lepirudin,cefacetrile,the therapeutic efficacy of lepirudin can be decreased when used in combination with cefacetrile.
db00001,lepirudin,ceftibuten,the therapeutic efficacy of lepirudin can be decreased when used in combination with ceftibuten.
db00001,lepirudin,cefpodoxime,the therapeutic efficacy of lepirudin can be decreased when used in combination with cefpodoxime.
db00001,lepirudin,latamoxef,the therapeutic efficacy of lepirudin can be decreased when used in combination with latamoxef.
db00001,lepirudin,ceftobiprole,the therapeutic efficacy of lepirudin can be decreased when used in combination with ceftobiprole.
db00001,lepirudin,ceftaroline fosamil,the therapeutic efficacy of lepirudin can be decreased when used in combination with ceftaroline fosamil.
db00001,lepirudin,cefaloridine,the therapeutic efficacy of lepirudin can be decreased when used in combination with cefaloridine.
db00001,lepirudin,ceftolozane,the therapeutic efficacy of lepirudin can be decreased when used in combination with ceftolozane.
db00001,lepirudin,cefminox,the therapeutic efficacy of lepirudin can be decreased when used in combination with cefminox.
db00001,lepirudin,cefroxadine,the therapeutic efficacy of lepirudin can be decreased when used in combination with cefroxadine.
db00001,lepirudin,flomoxef,the therapeutic efficacy of lepirudin can be decreased when used in combination with flomoxef.
db00001,lepirudin,cefatrizine,the therapeutic efficacy of lepirudin can be decreased when used in combination with cefatrizine.
db00001,lepirudin,cefcapene,the therapeutic efficacy of lepirudin can be decreased when used in combination with cefcapene.
db00001,lepirudin,cefodizime,the therapeutic efficacy of lepirudin can be decreased when used in combination with cefodizime.
db00001,lepirudin,cefsulodin,the therapeutic efficacy of lepirudin can be decreased when used in combination with cefsulodin.
db00001,lepirudin,cefetamet,the therapeutic efficacy of lepirudin can be decreased when used in combination with cefetamet.
db00001,lepirudin,cefbuperazone,the therapeutic efficacy of lepirudin can be decreased when used in combination with cefbuperazone.
db00001,lepirudin,cefozopran,the therapeutic efficacy of lepirudin can be decreased when used in combination with cefozopran.
db00001,lepirudin,cefpirome,the therapeutic efficacy of lepirudin can be decreased when used in combination with cefpirome.
db00001,lepirudin,cefazedone,the therapeutic efficacy of lepirudin can be decreased when used in combination with cefazedone.
db00001,lepirudin,ceftezole,the therapeutic efficacy of lepirudin can be decreased when used in combination with ceftezole.
db00001,lepirudin,cefamandole nafate,the therapeutic efficacy of lepirudin can be decreased when used in combination with cefamandole nafate.
db00001,lepirudin,doxycycline,the risk or severity of bleeding can be increased when doxycycline is combined with lepirudin.
db00001,lepirudin,azithromycin,the risk or severity of adverse effects can be increased when azithromycin is combined with lepirudin.
db00001,lepirudin,omega-3-acid ethyl esters,the risk or severity of bleeding can be increased when omega-3-acid ethyl esters is combined with lepirudin.
db00001,lepirudin,acetylsalicylic acid,acetylsalicylic acid may increase the anticoagulant activities of lepirudin.
db00001,lepirudin,tazobactam,the risk or severity of bleeding can be increased when tazobactam is combined with lepirudin.
db00001,lepirudin,erythromycin,the risk or severity of bleeding can be increased when erythromycin is combined with lepirudin.
db00001,lepirudin,trazodone,the risk or severity of bleeding can be increased when trazodone is combined with lepirudin.
db00001,lepirudin,triamcinolone,the therapeutic efficacy of lepirudin can be decreased when used in combination with triamcinolone.
db00001,lepirudin,nintedanib,the risk or severity of bleeding can be increased when nintedanib is combined with lepirudin.
db00001,lepirudin,escitalopram,the risk or severity of bleeding can be increased when escitalopram is combined with lepirudin.
db00001,lepirudin,sertraline,the risk or severity of bleeding can be increased when sertraline is combined with lepirudin.
db00001,lepirudin,methyclothiazide,the therapeutic efficacy of lepirudin can be decreased when used in combination with methyclothiazide.
db00001,lepirudin,bendroflumethiazide,the therapeutic efficacy of lepirudin can be decreased when used in combination with bendroflumethiazide.
db00001,lepirudin,benzthiazide,the therapeutic efficacy of lepirudin can be decreased when used in combination with benzthiazide.
db00001,lepirudin,cyclothiazide,the therapeutic efficacy of lepirudin can be decreased when used in combination with cyclothiazide.
db00001,lepirudin,hydroflumethiazide,the therapeutic efficacy of lepirudin can be decreased when used in combination with hydroflumethiazide.
db00001,lepirudin,chlorothiazide,the therapeutic efficacy of lepirudin can be decreased when used in combination with chlorothiazide.
db00001,lepirudin,hydrochlorothiazide,the therapeutic efficacy of lepirudin can be decreased when used in combination with hydrochlorothiazide.
db00001,lepirudin,trichlormethiazide,the therapeutic efficacy of lepirudin can be decreased when used in combination with trichlormethiazide.
db00001,lepirudin,polythiazide,the therapeutic efficacy of lepirudin can be decreased when used in combination with polythiazide.
db00001,lepirudin,mebutizide,the therapeutic efficacy of lepirudin can be decreased when used in combination with mebutizide.
db00001,lepirudin,cyclopenthiazide,the therapeutic efficacy of lepirudin can be decreased when used in combination with cyclopenthiazide.
db00001,lepirudin,buthiazide,the therapeutic efficacy of lepirudin can be decreased when used in combination with buthiazide.
db00001,lepirudin,estradiol,the risk or severity of adverse effects can be increased when estradiol is combined with lepirudin.
db00001,lepirudin,ethinylestradiol,the risk or severity of adverse effects can be increased when ethinylestradiol is combined with lepirudin.
db00001,lepirudin,mifepristone,the risk or severity of adverse effects can be increased when mifepristone is combined with lepirudin.
db00001,lepirudin,ormeloxifene,the risk or severity of adverse effects can be increased when ormeloxifene is combined with lepirudin.
db00001,lepirudin,desogestrel,the risk or severity of adverse effects can be increased when desogestrel is combined with lepirudin.
db00001,lepirudin,megestrol acetate,the risk or severity of adverse effects can be increased when megestrol acetate is combined with lepirudin.
db00001,lepirudin,levonorgestrel,the risk or severity of adverse effects can be increased when levonorgestrel is combined with lepirudin.
db00001,lepirudin,medroxyprogesterone acetate,the risk or severity of adverse effects can be increased when medroxyprogesterone acetate is combined with lepirudin.
db00001,lepirudin,norethisterone,the risk or severity of adverse effects can be increased when norethisterone is combined with lepirudin.
db00001,lepirudin,ethynodiol diacetate,the risk or severity of adverse effects can be increased when ethynodiol diacetate is combined with lepirudin.
db00001,lepirudin,norgestimate,the risk or severity of adverse effects can be increased when norgestimate is combined with lepirudin.
db00001,lepirudin,drospirenone,the risk or severity of adverse effects can be increased when drospirenone is combined with lepirudin.
db00001,lepirudin,cyproterone acetate,the risk or severity of adverse effects can be increased when cyproterone acetate is combined with lepirudin.
db00001,lepirudin,gestodene,the risk or severity of adverse effects can be increased when gestodene is combined with lepirudin.
db00001,lepirudin,dienogest,the risk or severity of adverse effects can be increased when dienogest is combined with lepirudin.
db00001,lepirudin,norethynodrel,the risk or severity of adverse effects can be increased when norethynodrel is combined with lepirudin.
db00001,lepirudin,norgestrel,the risk or severity of adverse effects can be increased when norgestrel is combined with lepirudin.
db00001,lepirudin,gestrinone,the risk or severity of adverse effects can be increased when gestrinone is combined with lepirudin.
db00001,lepirudin,lynestrenol,the risk or severity of adverse effects can be increased when lynestrenol is combined with lepirudin.
db00001,lepirudin,chlormadinone,the risk or severity of adverse effects can be increased when chlormadinone is combined with lepirudin.
db00001,lepirudin,norgestrienone,the risk or severity of adverse effects can be increased when norgestrienone is combined with lepirudin.
db00001,lepirudin,quingestanol,the risk or severity of adverse effects can be increased when quingestanol is combined with lepirudin.
db00001,lepirudin,demegestone,the risk or severity of adverse effects can be increased when demegestone is combined with lepirudin.
db00001,lepirudin,nomegestrol acetate,the risk or severity of adverse effects can be increased when nomegestrol acetate is combined with lepirudin.
db00001,lepirudin,norethindrone enanthate,the risk or severity of adverse effects can be increased when norethindrone enanthate is combined with lepirudin.
db00001,lepirudin,algestone acetophenide,the therapeutic efficacy of lepirudin can be decreased when used in combination with algestone acetophenide.
db00001,lepirudin,estetrol,the risk or severity of adverse effects can be increased when estetrol is combined with lepirudin.
db00001,lepirudin,menthyl salicylate,the risk or severity of bleeding and hemorrhage can be increased when menthyl salicylate is combined with lepirudin.
db00001,lepirudin,glycol salicylate,the risk or severity of bleeding and hemorrhage can be increased when glycol salicylate is combined with lepirudin.
db00001,lepirudin,ropeginterferon alfa-2b,the risk or severity of bleeding can be increased when lepirudin is combined with ropeginterferon alfa-2b.
db00001,lepirudin,padeliporfin,the risk or severity of bleeding can be increased when lepirudin is combined with padeliporfin.
db00001,lepirudin,rurioctocog alfa pegol,the therapeutic efficacy of rurioctocog alfa pegol can be decreased when used in combination with lepirudin.
db00001,lepirudin,ceftobiprole medocaril,the therapeutic efficacy of lepirudin can be decreased when used in combination with ceftobiprole medocaril.
db00001,lepirudin,novobiocin,the risk or severity of bleeding can be increased when novobiocin is combined with lepirudin.
db00001,lepirudin,clorobiocin,the risk or severity of bleeding can be increased when clorobiocin is combined with lepirudin.
db00001,lepirudin,trioxsalen,the risk or severity of bleeding can be increased when trioxsalen is combined with lepirudin.
db00001,lepirudin,calanolide a,the risk or severity of bleeding can be increased when calanolide a is combined with lepirudin.
db00001,lepirudin,hymecromone,the risk or severity of bleeding can be increased when hymecromone is combined with lepirudin.
db00001,lepirudin,coumaphos,the risk or severity of bleeding can be increased when coumaphos is combined with lepirudin.
db00001,lepirudin,haloxon,the risk or severity of bleeding can be increased when haloxon is combined with lepirudin.
db00001,lepirudin,bergapten,the risk or severity of bleeding can be increased when bergapten is combined with lepirudin.
db00001,lepirudin,tecarfarin,the risk or severity of bleeding can be increased when tecarfarin is combined with lepirudin.
db00001,lepirudin,esculin,the risk or severity of bleeding can be increased when esculin is combined with lepirudin.
db00001,lepirudin,4-methylumbelliferyl beta-d-glucoside,the risk or severity of bleeding can be increased when 4-methylumbelliferyl beta-d-glucoside is combined with lepirudin.
db00001,lepirudin,carbocromen,the risk or severity of bleeding can be increased when carbocromen is combined with lepirudin.
db00001,lepirudin,coumermycin a1,the risk or severity of bleeding can be increased when coumermycin a1 is combined with lepirudin.
db00001,lepirudin,soybean oil,the therapeutic efficacy of lepirudin can be decreased when used in combination with soybean oil.
db00001,lepirudin,olive oil,the therapeutic efficacy of lepirudin can be decreased when used in combination with olive oil.
db00001,lepirudin,mosunetuzumab,the risk or severity of bleeding can be increased when lepirudin is combined with mosunetuzumab.
db00001,lepirudin,pirtobrutinib,the risk or severity of bleeding can be increased when lepirudin is combined with pirtobrutinib.
db00001,lepirudin,inotersen,the risk or severity of thrombocytopenia can be increased when inotersen is combined with lepirudin.
db00001,lepirudin,etranacogene dezaparvovec,the therapeutic efficacy of etranacogene dezaparvovec can be decreased when used in combination with lepirudin.
db00001,lepirudin,chlormadinone acetate,the therapeutic efficacy of lepirudin can be decreased when used in combination with chlormadinone acetate.
db00001,lepirudin,plumbagin,the therapeutic efficacy of lepirudin can be decreased when used in combination with plumbagin.
db00001,lepirudin,algestone,the therapeutic efficacy of lepirudin can be decreased when used in combination with algestone.
db00001,lepirudin,ferulic acid,the risk or severity of bleeding can be increased when lepirudin is combined with ferulic acid.
db00002,cetuximab,diethylstilbestrol,diethylstilbestrol may increase the thrombogenic activities of cetuximab.
db00002,cetuximab,chlorotrianisene,chlorotrianisene may increase the thrombogenic activities of cetuximab.
db00002,cetuximab,conjugated estrogens,conjugated estrogens may increase the thrombogenic activities of cetuximab.
db00002,cetuximab,estrone,estrone may increase the thrombogenic activities of cetuximab.
db00002,cetuximab,estradiol,estradiol may increase the thrombogenic activities of cetuximab.
db00002,cetuximab,dienestrol,dienestrol may increase the thrombogenic activities of cetuximab.
db00002,cetuximab,ethinylestradiol,ethinylestradiol may increase the thrombogenic activities of cetuximab.
db00002,cetuximab,mestranol,mestranol may increase the thrombogenic activities of cetuximab.
db00002,cetuximab,estriol,estriol may increase the thrombogenic activities of cetuximab.
db00002,cetuximab,estrone sulfate,estrone sulfate may increase the thrombogenic activities of cetuximab.
db00002,cetuximab,quinestrol,quinestrol may increase the thrombogenic activities of cetuximab.
db00002,cetuximab,hexestrol,hexestrol may increase the thrombogenic activities of cetuximab.
db00002,cetuximab,tibolone,tibolone may increase the thrombogenic activities of cetuximab.
db00002,cetuximab,"synthetic conjugated estrogens, a","synthetic conjugated estrogens, a may increase the thrombogenic activities of cetuximab."
db00002,cetuximab,"synthetic conjugated estrogens, b","synthetic conjugated estrogens, b may increase the thrombogenic activities of cetuximab."
db00002,cetuximab,polyestradiol phosphate,polyestradiol phosphate may increase the thrombogenic activities of cetuximab.
db00002,cetuximab,esterified estrogens,esterified estrogens may increase the thrombogenic activities of cetuximab.
db00002,cetuximab,zeranol,zeranol may increase the thrombogenic activities of cetuximab.
db00002,cetuximab,equol,equol may increase the thrombogenic activities of cetuximab.
db00002,cetuximab,promestriene,promestriene may increase the thrombogenic activities of cetuximab.
db00002,cetuximab,methallenestril,methallenestril may increase the thrombogenic activities of cetuximab.
db00002,cetuximab,epimestrol,epimestrol may increase the thrombogenic activities of cetuximab.
db00002,cetuximab,moxestrol,moxestrol may increase the thrombogenic activities of cetuximab.
db00002,cetuximab,estradiol acetate,estradiol acetate may increase the thrombogenic activities of cetuximab.
db00002,cetuximab,estradiol benzoate,estradiol benzoate may increase the thrombogenic activities of cetuximab.
db00002,cetuximab,estradiol cypionate,estradiol cypionate may increase the thrombogenic activities of cetuximab.
db00002,cetuximab,estradiol valerate,estradiol valerate may increase the thrombogenic activities of cetuximab.
db00002,cetuximab,biochanin a,biochanin a may increase the thrombogenic activities of cetuximab.
db00002,cetuximab,formononetin,formononetin may increase the thrombogenic activities of cetuximab.
db00002,cetuximab,estetrol,estetrol may increase the thrombogenic activities of cetuximab.
db00002,cetuximab,human immunoglobulin g,the risk or severity of adverse effects can be increased when cetuximab is combined with human immunoglobulin g.
db00002,cetuximab,omalizumab,the risk or severity of adverse effects can be increased when cetuximab is combined with omalizumab.
db00002,cetuximab,adalimumab,the risk or severity of adverse effects can be increased when cetuximab is combined with adalimumab.
db00002,cetuximab,abciximab,the risk or severity of adverse effects can be increased when cetuximab is combined with abciximab.
db00002,cetuximab,gemtuzumab ozogamicin,the risk or severity of adverse effects can be increased when cetuximab is combined with gemtuzumab ozogamicin.
db00002,cetuximab,indium in-111 satumomab pendetide,the risk or severity of adverse effects can be increased when cetuximab is combined with indium in-111 satumomab pendetide.
db00002,cetuximab,infliximab,the risk or severity of adverse effects can be increased when cetuximab is combined with infliximab.
db00002,cetuximab,trastuzumab,the risk or severity of adverse effects can be increased when cetuximab is combined with trastuzumab.
db00002,cetuximab,rituximab,the risk or severity of adverse effects can be increased when cetuximab is combined with rituximab.
db00002,cetuximab,basiliximab,the risk or severity of adverse effects can be increased when cetuximab is combined with basiliximab.
db00002,cetuximab,muromonab,the risk or severity of adverse effects can be increased when cetuximab is combined with muromonab.
db00002,cetuximab,digoxin immune fab (ovine),the risk or severity of adverse effects can be increased when cetuximab is combined with digoxin immune fab (ovine).
db00002,cetuximab,ibritumomab tiuxetan,the risk or severity of adverse effects can be increased when cetuximab is combined with ibritumomab tiuxetan.
db00002,cetuximab,tositumomab,the risk or severity of adverse effects can be increased when cetuximab is combined with tositumomab.
db00002,cetuximab,alemtuzumab,the risk or severity of adverse effects can be increased when cetuximab is combined with alemtuzumab.
db00002,cetuximab,capromab pendetide,the risk or severity of adverse effects can be increased when cetuximab is combined with capromab pendetide.
db00002,cetuximab,efalizumab,the risk or severity of adverse effects can be increased when cetuximab is combined with efalizumab.
db00002,cetuximab,antithymocyte immunoglobulin (rabbit),the risk or severity of adverse effects can be increased when cetuximab is combined with antithymocyte immunoglobulin (rabbit).
db00002,cetuximab,natalizumab,the risk or severity of adverse effects can be increased when cetuximab is combined with natalizumab.
db00002,cetuximab,palivizumab,the risk or severity of adverse effects can be increased when cetuximab is combined with palivizumab.
db00002,cetuximab,daclizumab,the risk or severity of adverse effects can be increased when cetuximab is combined with daclizumab.
db00002,cetuximab,bevacizumab,the risk or severity of adverse effects can be increased when cetuximab is combined with bevacizumab.
db00002,cetuximab,technetium tc-99m arcitumomab,the risk or severity of adverse effects can be increased when cetuximab is combined with technetium tc-99m arcitumomab.
db00002,cetuximab,eculizumab,the risk or severity of adverse effects can be increased when cetuximab is combined with eculizumab.
db00002,cetuximab,panitumumab,the risk or severity of adverse effects can be increased when cetuximab is combined with panitumumab.
db00002,cetuximab,ranibizumab,the risk or severity of adverse effects can be increased when cetuximab is combined with ranibizumab.
db00002,cetuximab,galiximab,the risk or severity of adverse effects can be increased when cetuximab is combined with galiximab.
db00002,cetuximab,pexelizumab,the risk or severity of adverse effects can be increased when cetuximab is combined with pexelizumab.
db00002,cetuximab,afelimomab,the risk or severity of adverse effects can be increased when cetuximab is combined with afelimomab.
db00002,cetuximab,epratuzumab,the risk or severity of adverse effects can be increased when cetuximab is combined with epratuzumab.
db00002,cetuximab,bectumomab,the risk or severity of adverse effects can be increased when cetuximab is combined with bectumomab.
db00002,cetuximab,oregovomab,the risk or severity of adverse effects can be increased when cetuximab is combined with oregovomab.
db00002,cetuximab,ign311,the risk or severity of adverse effects can be increased when cetuximab is combined with ign311.
db00002,cetuximab,adecatumumab,the risk or severity of adverse effects can be increased when cetuximab is combined with adecatumumab.
db00002,cetuximab,labetuzumab,the risk or severity of adverse effects can be increased when cetuximab is combined with labetuzumab.
db00002,cetuximab,matuzumab,the risk or severity of adverse effects can be increased when cetuximab is combined with matuzumab.
db00002,cetuximab,fontolizumab,the risk or severity of adverse effects can be increased when cetuximab is combined with fontolizumab.
db00002,cetuximab,bavituximab,the risk or severity of adverse effects can be increased when cetuximab is combined with bavituximab.
db00002,cetuximab,cr002,the risk or severity of adverse effects can be increased when cetuximab is combined with cr002.
db00002,cetuximab,rozrolimupab,the risk or severity of adverse effects can be increased when cetuximab is combined with rozrolimupab.
db00002,cetuximab,girentuximab,the risk or severity of adverse effects can be increased when cetuximab is combined with girentuximab.
db00002,cetuximab,obiltoxaximab,the risk or severity of adverse effects can be increased when cetuximab is combined with obiltoxaximab.
db00002,cetuximab,xtl-001,the risk or severity of adverse effects can be increased when cetuximab is combined with xtl-001.
db00002,cetuximab,nav 1800,the risk or severity of adverse effects can be increased when cetuximab is combined with nav 1800.
db00002,cetuximab,briakinumab,the risk or severity of adverse effects can be increased when cetuximab is combined with briakinumab.
db00002,cetuximab,otelixizumab,the risk or severity of adverse effects can be increased when cetuximab is combined with otelixizumab.
db00002,cetuximab,amg 108,the risk or severity of adverse effects can be increased when cetuximab is combined with amg 108.
db00002,cetuximab,iratumumab,the risk or severity of adverse effects can be increased when cetuximab is combined with iratumumab.
db00002,cetuximab,enokizumab,the risk or severity of adverse effects can be increased when cetuximab is combined with enokizumab.
db00002,cetuximab,ramucirumab,the risk or severity of adverse effects can be increased when cetuximab is combined with ramucirumab.
db00002,cetuximab,farletuzumab,the risk or severity of adverse effects can be increased when cetuximab is combined with farletuzumab.
db00002,cetuximab,veltuzumab,the risk or severity of adverse effects can be increased when cetuximab is combined with veltuzumab.
db00002,cetuximab,ustekinumab,the risk or severity of adverse effects can be increased when cetuximab is combined with ustekinumab.
db00002,cetuximab,trastuzumab emtansine,the risk or severity of adverse effects can be increased when cetuximab is combined with trastuzumab emtansine.
db00002,cetuximab,pro-542,the risk or severity of adverse effects can be increased when cetuximab is combined with pro-542.
db00002,cetuximab,tnx-901,the risk or severity of adverse effects can be increased when cetuximab is combined with tnx-901.
db00002,cetuximab,inotuzumab ozogamicin,the risk or severity of adverse effects can be increased when cetuximab is combined with inotuzumab ozogamicin.
db00002,cetuximab,ri 624,the risk or severity of adverse effects can be increased when cetuximab is combined with ri 624.
db00002,cetuximab,stamulumab,the risk or severity of adverse effects can be increased when cetuximab is combined with myo-029.
db00002,cetuximab,ct-011,the risk or severity of adverse effects can be increased when cetuximab is combined with ct-011.
db00002,cetuximab,leronlimab,the risk or severity of adverse effects can be increased when cetuximab is combined with leronlimab.
db00002,cetuximab,glembatumumab vedotin,the risk or severity of adverse effects can be increased when cetuximab is combined with glembatumumab vedotin.
db00002,cetuximab,olaratumab,the risk or severity of adverse effects can be increased when cetuximab is combined with olaratumab.
db00002,cetuximab,iph 2101,the risk or severity of adverse effects can be increased when cetuximab is combined with iph 2101.
db00002,cetuximab,tb-402,the risk or severity of adverse effects can be increased when cetuximab is combined with tb-402.
db00002,cetuximab,caplacizumab,the risk or severity of adverse effects can be increased when cetuximab is combined with caplacizumab.
db00002,cetuximab,imc-1c11,the risk or severity of adverse effects can be increased when cetuximab is combined with imc-1c11.
db00002,cetuximab,eldelumab,the risk or severity of adverse effects can be increased when cetuximab is combined with eldelumab.
db00002,cetuximab,lumiliximab,the risk or severity of adverse effects can be increased when cetuximab is combined with lumiliximab.
db00002,cetuximab,canakinumab,the risk or severity of adverse effects can be increased when cetuximab is combined with canakinumab.
db00002,cetuximab,ipilimumab,the risk or severity of adverse effects can be increased when cetuximab is combined with ipilimumab.
db00002,cetuximab,nimotuzumab,the risk or severity of adverse effects can be increased when cetuximab is combined with nimotuzumab.
db00002,cetuximab,clenoliximab,the risk or severity of adverse effects can be increased when cetuximab is combined with clenoliximab.
db00002,cetuximab,tocilizumab,the risk or severity of adverse effects can be increased when cetuximab is combined with tocilizumab.
db00002,cetuximab,biib015,the risk or severity of adverse effects can be increased when cetuximab is combined with biib015.
db00002,cetuximab,sonepcizumab,the risk or severity of adverse effects can be increased when cetuximab is combined with sonepcizumab.
db00002,cetuximab,motavizumab,the risk or severity of adverse effects can be increased when cetuximab is combined with motavizumab.
db00002,cetuximab,elotuzumab,the risk or severity of adverse effects can be increased when cetuximab is combined with elotuzumab.
db00002,cetuximab,ave9633,the risk or severity of adverse effects can be increased when cetuximab is combined with ave9633.
db00002,cetuximab,carotuximab,the risk or severity of adverse effects can be increased when cetuximab is combined with carotuximab.
db00002,cetuximab,xmab 2513,the risk or severity of adverse effects can be increased when cetuximab is combined with xmab 2513.
db00002,cetuximab,coltuximab ravtansine,the risk or severity of adverse effects can be increased when cetuximab is combined with coltuximab ravtansine.
db00002,cetuximab,lucatumumab,the risk or severity of adverse effects can be increased when cetuximab is combined with lucatumumab.
db00002,cetuximab,pertuzumab,the risk or severity of adverse effects can be increased when cetuximab is combined with pertuzumab.
db00002,cetuximab,siplizumab,the risk or severity of adverse effects can be increased when cetuximab is combined with siplizumab.
db00002,cetuximab,apolizumab,the risk or severity of adverse effects can be increased when cetuximab is combined with apolizumab.
db00002,cetuximab,sibrotuzumab,the risk or severity of adverse effects can be increased when cetuximab is combined with sibrotuzumab.
db00002,cetuximab,bivatuzumab,the risk or severity of adverse effects can be increased when cetuximab is combined with bivatuzumab.
db00002,cetuximab,lerdelimumab,the risk or severity of adverse effects can be increased when cetuximab is combined with lerdelimumab.
db00002,cetuximab,lexatumumab,the risk or severity of adverse effects can be increased when cetuximab is combined with lexatumumab.
db00002,cetuximab,reslizumab,the risk or severity of adverse effects can be increased when cetuximab is combined with reslizumab.
db00002,cetuximab,teplizumab,the risk or severity of adverse effects can be increased when cetuximab is combined with teplizumab.
db00002,cetuximab,catumaxomab,the risk or severity of adverse effects can be increased when cetuximab is combined with catumaxomab.
db00002,cetuximab,mepolizumab,the risk or severity of adverse effects can be increased when cetuximab is combined with mepolizumab.
db00002,cetuximab,denosumab,the risk or severity of adverse effects can be increased when cetuximab is combined with denosumab.
db00002,cetuximab,volociximab,the risk or severity of adverse effects can be increased when cetuximab is combined with volociximab.
db00002,cetuximab,ofatumumab,the risk or severity of adverse effects can be increased when cetuximab is combined with ofatumumab.
db00002,cetuximab,golimumab,the risk or severity of adverse effects can be increased when cetuximab is combined with golimumab.
db00002,cetuximab,brentuximab vedotin,the risk or severity of adverse effects can be increased when cetuximab is combined with brentuximab vedotin.
db00002,cetuximab,belimumab,the risk or severity of adverse effects can be increased when cetuximab is combined with belimumab.
db00002,cetuximab,raxibacumab,the risk or severity of adverse effects can be increased when cetuximab is combined with raxibacumab.
db00002,cetuximab,obinutuzumab,the risk or severity of adverse effects can be increased when cetuximab is combined with obinutuzumab.
db00002,cetuximab,secukinumab,the risk or severity of adverse effects can be increased when cetuximab is combined with secukinumab.
db00002,cetuximab,vedolizumab,the risk or severity of adverse effects can be increased when cetuximab is combined with vedolizumab.
db00002,cetuximab,nivolumab,the risk or severity of adverse effects can be increased when cetuximab is combined with nivolumab.
db00002,cetuximab,siltuximab,the risk or severity of adverse effects can be increased when cetuximab is combined with siltuximab.
db00002,cetuximab,pembrolizumab,the risk or severity of adverse effects can be increased when cetuximab is combined with pembrolizumab.
db00002,cetuximab,dulaglutide,the risk or severity of adverse effects can be increased when cetuximab is combined with dulaglutide.
db00002,cetuximab,blinatumomab,the risk or severity of adverse effects can be increased when cetuximab is combined with blinatumomab.
db00002,cetuximab,anthrax immune globulin human,the risk or severity of adverse effects can be increased when cetuximab is combined with anthrax immune globulin human.
db00002,cetuximab,dinutuximab,the risk or severity of adverse effects can be increased when cetuximab is combined with dinutuximab.
db00002,cetuximab,asfotase alfa,the risk or severity of adverse effects can be increased when cetuximab is combined with asfotase alfa.
db00002,cetuximab,idarucizumab,the risk or severity of adverse effects can be increased when cetuximab is combined with idarucizumab.
db00002,cetuximab,alirocumab,the risk or severity of adverse effects can be increased when cetuximab is combined with alirocumab.
db00002,cetuximab,evolocumab,the risk or severity of adverse effects can be increased when cetuximab is combined with evolocumab.
db00002,cetuximab,antilymphocyte immunoglobulin (horse),the risk or severity of adverse effects can be increased when cetuximab is combined with antilymphocyte immunoglobulin (horse).
db00002,cetuximab,daratumumab,the risk or severity of adverse effects can be increased when cetuximab is combined with daratumumab.
db00002,cetuximab,necitumumab,the risk or severity of adverse effects can be increased when cetuximab is combined with necitumumab.
db00002,cetuximab,ixekizumab,the risk or severity of adverse effects can be increased when cetuximab is combined with ixekizumab.
db00002,cetuximab,ravulizumab,the risk or severity of adverse effects can be increased when cetuximab is combined with ravulizumab.
db00002,cetuximab,atezolizumab,the risk or severity of adverse effects can be increased when cetuximab is combined with atezolizumab.
db00002,cetuximab,"tetanus immune globulin, human","the risk or severity of adverse effects can be increased when cetuximab is combined with tetanus immune globulin, human."
db00002,cetuximab,eftrenonacog alfa,the risk or severity of adverse effects can be increased when cetuximab is combined with eftrenonacog alfa.
db00002,cetuximab,human varicella-zoster immune globulin,the risk or severity of adverse effects can be increased when cetuximab is combined with human varicella-zoster immune globulin.
db00002,cetuximab,conatumumab,the risk or severity of adverse effects can be increased when cetuximab is combined with conatumumab.
db00002,cetuximab,tabalumab,the risk or severity of adverse effects can be increased when cetuximab is combined with tabalumab.
db00002,cetuximab,ficlatuzumab,the risk or severity of adverse effects can be increased when cetuximab is combined with ficlatuzumab.
db00002,cetuximab,figitumumab,the risk or severity of adverse effects can be increased when cetuximab is combined with figitumumab.
db00002,cetuximab,durvalumab,the risk or severity of adverse effects can be increased when cetuximab is combined with durvalumab.
db00002,cetuximab,bapineuzumab,the risk or severity of adverse effects can be increased when cetuximab is combined with bapineuzumab.
db00002,cetuximab,depatuxizumab mafodotin,the risk or severity of adverse effects can be increased when cetuximab is combined with depatuxizumab mafodotin.
db00002,cetuximab,onartuzumab,the risk or severity of adverse effects can be increased when cetuximab is combined with onartuzumab.
db00002,cetuximab,solanezumab,the risk or severity of adverse effects can be increased when cetuximab is combined with solanezumab.
db00002,cetuximab,sarilumab,the risk or severity of adverse effects can be increased when cetuximab is combined with sarilumab.
db00002,cetuximab,tremelimumab,the risk or severity of adverse effects can be increased when cetuximab is combined with tremelimumab.
db00002,cetuximab,brodalumab,the risk or severity of adverse effects can be increased when cetuximab is combined with brodalumab.
db00002,cetuximab,sirukumab,the risk or severity of adverse effects can be increased when cetuximab is combined with sirukumab.
db00002,cetuximab,lampalizumab,the risk or severity of adverse effects can be increased when cetuximab is combined with lampalizumab.
db00002,cetuximab,guselkumab,the risk or severity of adverse effects can be increased when cetuximab is combined with guselkumab.
db00002,cetuximab,dalotuzumab,the risk or severity of adverse effects can be increased when cetuximab is combined with dalotuzumab.
db00002,cetuximab,emibetuzumab,the risk or severity of adverse effects can be increased when cetuximab is combined with emibetuzumab.
db00002,cetuximab,ublituximab,the risk or severity of adverse effects can be increased when cetuximab is combined with ublituximab.
db00002,cetuximab,ligelizumab,the risk or severity of adverse effects can be increased when cetuximab is combined with ligelizumab.
db00002,cetuximab,seribantumab,the risk or severity of adverse effects can be increased when cetuximab is combined with seribantumab.
db00002,cetuximab,landogrozumab,the risk or severity of adverse effects can be increased when cetuximab is combined with landogrozumab.
db00002,cetuximab,romosozumab,the risk or severity of adverse effects can be increased when cetuximab is combined with romosozumab.
db00002,cetuximab,vadastuximab talirine,the risk or severity of adverse effects can be increased when cetuximab is combined with vadastuximab talirine.
db00002,cetuximab,lebrikizumab,the risk or severity of adverse effects can be increased when cetuximab is combined with lebrikizumab.
db00002,cetuximab,varlilumab,the risk or severity of adverse effects can be increased when cetuximab is combined with varlilumab.
db00002,cetuximab,avelumab,the risk or severity of adverse effects can be increased when cetuximab is combined with avelumab.
db00002,cetuximab,crenezumab,the risk or severity of adverse effects can be increased when cetuximab is combined with crenezumab.
db00002,cetuximab,rilotumumab,the risk or severity of adverse effects can be increased when cetuximab is combined with rilotumumab.
db00002,cetuximab,anifrolumab,the risk or severity of adverse effects can be increased when cetuximab is combined with anifrolumab.
db00002,cetuximab,ocrelizumab,the risk or severity of adverse effects can be increased when cetuximab is combined with ocrelizumab.
db00002,cetuximab,benralizumab,the risk or severity of adverse effects can be increased when cetuximab is combined with benralizumab.
db00002,cetuximab,gantenerumab,the risk or severity of adverse effects can be increased when cetuximab is combined with gantenerumab.
db00002,cetuximab,visilizumab,the risk or severity of adverse effects can be increased when cetuximab is combined with visilizumab.
db00002,cetuximab,urelumab,the risk or severity of adverse effects can be increased when cetuximab is combined with urelumab.
db00002,cetuximab,lorvotuzumab mertansine,the risk or severity of adverse effects can be increased when cetuximab is combined with lorvotuzumab mertansine.
db00002,cetuximab,patritumab,the risk or severity of adverse effects can be increased when cetuximab is combined with patritumab.
db00002,cetuximab,fulranumab,the risk or severity of adverse effects can be increased when cetuximab is combined with fulranumab.
db00002,cetuximab,tarextumab,the risk or severity of adverse effects can be increased when cetuximab is combined with tarextumab.
db00002,cetuximab,sotatercept,the risk or severity of adverse effects can be increased when cetuximab is combined with sotatercept.
db00002,cetuximab,gevokizumab,the risk or severity of adverse effects can be increased when cetuximab is combined with gevokizumab.
db00002,cetuximab,duligotuzumab,the risk or severity of adverse effects can be increased when cetuximab is combined with duligotuzumab.
db00002,cetuximab,simtuzumab,the risk or severity of adverse effects can be increased when cetuximab is combined with simtuzumab.
db00002,cetuximab,fasinumab,the risk or severity of adverse effects can be increased when cetuximab is combined with fasinumab.
db00002,cetuximab,dupilumab,the risk or severity of adverse effects can be increased when cetuximab is combined with dupilumab.
db00002,cetuximab,tralokinumab,the risk or severity of adverse effects can be increased when cetuximab is combined with tralokinumab.
db00002,cetuximab,etrolizumab,the risk or severity of adverse effects can be increased when cetuximab is combined with etrolizumab.
db00002,cetuximab,zalutumumab,the risk or severity of adverse effects can be increased when cetuximab is combined with zalutumumab.
db00002,cetuximab,ganitumab,the risk or severity of adverse effects can be increased when cetuximab is combined with ganitumab.
db00002,cetuximab,etaracizumab,the risk or severity of adverse effects can be increased when cetuximab is combined with etaracizumab.
db00002,cetuximab,polatuzumab vedotin,the risk or severity of adverse effects can be increased when cetuximab is combined with polatuzumab vedotin.
db00002,cetuximab,inclacumab,the risk or severity of adverse effects can be increased when cetuximab is combined with inclacumab.
db00002,cetuximab,cixutumumab,the risk or severity of adverse effects can be increased when cetuximab is combined with cixutumumab.
db00002,cetuximab,ascrinvacumab,the risk or severity of adverse effects can be increased when cetuximab is combined with ascrinvacumab.
db00002,cetuximab,aducanumab,the risk or severity of adverse effects can be increased when cetuximab is combined with aducanumab.
db00002,cetuximab,gs-5745,the risk or severity of adverse effects can be increased when cetuximab is combined with gs-5745.
db00002,cetuximab,vanucizumab,the risk or severity of adverse effects can be increased when cetuximab is combined with vanucizumab.
db00002,cetuximab,labetuzumab govitecan,the risk or severity of adverse effects can be increased when cetuximab is combined with labetuzumab govitecan.
db00002,cetuximab,tanezumab,the risk or severity of adverse effects can be increased when cetuximab is combined with tanezumab.
db00002,cetuximab,ensituximab,the risk or severity of adverse effects can be increased when cetuximab is combined with ensituximab.
db00002,cetuximab,fezakinumab,the risk or severity of adverse effects can be increased when cetuximab is combined with fezakinumab.
db00002,cetuximab,dusigitumab,the risk or severity of adverse effects can be increased when cetuximab is combined with dusigitumab.
db00002,cetuximab,fresolimumab,the risk or severity of adverse effects can be increased when cetuximab is combined with fresolimumab.
db00002,cetuximab,indusatumab vedotin,the risk or severity of adverse effects can be increased when cetuximab is combined with indusatumab vedotin.
db00002,cetuximab,bococizumab,the risk or severity of adverse effects can be increased when cetuximab is combined with bococizumab.
db00002,cetuximab,mirvetuximab soravtansine,the risk or severity of adverse effects can be increased when cetuximab is combined with mirvetuximab soravtansine.
db00002,cetuximab,mogamulizumab,the risk or severity of adverse effects can be increased when cetuximab is combined with mogamulizumab.
db00002,cetuximab,plozalizumab,the risk or severity of adverse effects can be increased when cetuximab is combined with plozalizumab.
db00002,cetuximab,inebilizumab,the risk or severity of adverse effects can be increased when cetuximab is combined with inebilizumab.
db00002,cetuximab,mavrilimumab,the risk or severity of adverse effects can be increased when cetuximab is combined with mavrilimumab.
db00002,cetuximab,blosozumab,the risk or severity of adverse effects can be increased when cetuximab is combined with blosozumab.
db00002,cetuximab,bimagrumab,the risk or severity of adverse effects can be increased when cetuximab is combined with bimagrumab.
db00002,cetuximab,dacetuzumab,the risk or severity of adverse effects can be increased when cetuximab is combined with dacetuzumab.
db00002,cetuximab,tovetumab,the risk or severity of adverse effects can be increased when cetuximab is combined with tovetumab.
db00002,cetuximab,lumretuzumab,the risk or severity of adverse effects can be increased when cetuximab is combined with lumretuzumab.
db00002,cetuximab,ibalizumab,the risk or severity of adverse effects can be increased when cetuximab is combined with ibalizumab.
db00002,cetuximab,intetumumab,the risk or severity of adverse effects can be increased when cetuximab is combined with intetumumab.
db00002,cetuximab,carlumab,the risk or severity of adverse effects can be increased when cetuximab is combined with carlumab.
db00002,cetuximab,demcizumab,the risk or severity of adverse effects can be increased when cetuximab is combined with demcizumab.
db00002,cetuximab,sifalimumab,the risk or severity of adverse effects can be increased when cetuximab is combined with sifalimumab.
db00002,cetuximab,abituzumab,the risk or severity of adverse effects can be increased when cetuximab is combined with abituzumab.
db00002,cetuximab,ecromeximab,the risk or severity of adverse effects can be increased when cetuximab is combined with ecromeximab.
db00002,cetuximab,naptumomab estafenatox,the risk or severity of adverse effects can be increased when cetuximab is combined with naptumomab estafenatox.
db00002,cetuximab,crotedumab,the risk or severity of adverse effects can be increased when cetuximab is combined with crotedumab.
db00002,cetuximab,concizumab,the risk or severity of adverse effects can be increased when cetuximab is combined with concizumab.
db00002,cetuximab,depatuxizumab,the risk or severity of adverse effects can be increased when cetuximab is combined with depatuxizumab.
db00002,cetuximab,rontalizumab,the risk or severity of adverse effects can be increased when cetuximab is combined with rontalizumab.
db00002,cetuximab,amatuximab,the risk or severity of adverse effects can be increased when cetuximab is combined with amatuximab.
db00002,cetuximab,clazakizumab,the risk or severity of adverse effects can be increased when cetuximab is combined with clazakizumab.
db00002,cetuximab,ozanezumab,the risk or severity of adverse effects can be increased when cetuximab is combined with ozanezumab.
db00002,cetuximab,sacituzumab govitecan,the risk or severity of adverse effects can be increased when cetuximab is combined with sacituzumab govitecan.
db00002,cetuximab,bimekizumab,the risk or severity of adverse effects can be increased when cetuximab is combined with bimekizumab.
db00002,cetuximab,milatuzumab,the risk or severity of adverse effects can be increased when cetuximab is combined with milatuzumab.
db00002,cetuximab,robatumumab,the risk or severity of adverse effects can be increased when cetuximab is combined with robatumumab.
db00002,cetuximab,rovalpituzumab tesirine,the risk or severity of adverse effects can be increased when cetuximab is combined with rovalpituzumab tesirine.
db00002,cetuximab,namilumab,the risk or severity of adverse effects can be increased when cetuximab is combined with namilumab.
db00002,cetuximab,racotumomab,the risk or severity of adverse effects can be increased when cetuximab is combined with racotumomab.
db00002,cetuximab,tregalizumab,the risk or severity of adverse effects can be increased when cetuximab is combined with tregalizumab.
db00002,cetuximab,olokizumab,the risk or severity of adverse effects can be increased when cetuximab is combined with olokizumab.
db00002,cetuximab,bezlotoxumab,the risk or severity of adverse effects can be increased when cetuximab is combined with bezlotoxumab.
db00002,cetuximab,edrecolomab,the risk or severity of adverse effects can be increased when cetuximab is combined with edrecolomab.
db00002,cetuximab,nebacumab,the risk or severity of adverse effects can be increased when cetuximab is combined with nebacumab.
db00002,cetuximab,human cytomegalovirus immune globulin,the risk or severity of adverse effects can be increased when cetuximab is combined with human cytomegalovirus immune globulin.
db00002,cetuximab,emicizumab,the risk or severity of adverse effects can be increased when cetuximab is combined with emicizumab.
db00002,cetuximab,sulesomab,the risk or severity of adverse effects can be increased when cetuximab is combined with sulesomab.
db00002,cetuximab,besilesomab,the risk or severity of adverse effects can be increased when cetuximab is combined with besilesomab.
db00002,cetuximab,tildrakizumab,the risk or severity of adverse effects can be increased when cetuximab is combined with tildrakizumab.
db00002,cetuximab,burosumab,the risk or severity of adverse effects can be increased when cetuximab is combined with burosumab.
db00002,cetuximab,erenumab,the risk or severity of adverse effects can be increased when cetuximab is combined with erenumab.
db00002,cetuximab,eptinezumab,the risk or severity of adverse effects can be increased when cetuximab is combined with eptinezumab.
db00002,cetuximab,fremanezumab,the risk or severity of adverse effects can be increased when cetuximab is combined with fremanezumab.
db00002,cetuximab,galcanezumab,the risk or severity of adverse effects can be increased when cetuximab is combined with galcanezumab.
db00002,cetuximab,fanolesomab,the risk or severity of adverse effects can be increased when cetuximab is combined with fanolesomab.
db00002,cetuximab,lecanemab,the risk or severity of adverse effects can be increased when cetuximab is combined with lecanemab.
db00002,cetuximab,lanadelumab,the risk or severity of adverse effects can be increased when cetuximab is combined with lanadelumab.
db00002,cetuximab,cemiplimab,the risk or severity of adverse effects can be increased when cetuximab is combined with cemiplimab.
db00002,cetuximab,emapalumab,the risk or severity of adverse effects can be increased when cetuximab is combined with emapalumab.
db00002,cetuximab,risankizumab,the risk or severity of adverse effects can be increased when cetuximab is combined with risankizumab.
db00002,cetuximab,camrelizumab,the risk or severity of adverse effects can be increased when cetuximab is combined with camrelizumab.
db00002,cetuximab,setrusumab,the risk or severity of adverse effects can be increased when cetuximab is combined with setrusumab.
db00002,cetuximab,gancotamab,the risk or severity of adverse effects can be increased when cetuximab is combined with gancotamab.
db00002,cetuximab,anetumab ravtansine,the risk or severity of adverse effects can be increased when cetuximab is combined with anetumab ravtansine.
db00002,cetuximab,isatuximab,the risk or severity of adverse effects can be increased when cetuximab is combined with isatuximab.
db00002,cetuximab,icrucumab,the risk or severity of adverse effects can be increased when cetuximab is combined with icrucumab.
db00002,cetuximab,codrituzumab,the risk or severity of adverse effects can be increased when cetuximab is combined with codrituzumab.
db00002,cetuximab,brolucizumab,the risk or severity of adverse effects can be increased when cetuximab is combined with brolucizumab.
db00002,cetuximab,xentuzumab,the risk or severity of adverse effects can be increased when cetuximab is combined with xentuzumab.
db00002,cetuximab,lintuzumab,the risk or severity of adverse effects can be increased when cetuximab is combined with lintuzumab.
db00002,cetuximab,vobarilizumab,the risk or severity of adverse effects can be increased when cetuximab is combined with vobarilizumab.
db00002,cetuximab,parsatuzumab,the risk or severity of adverse effects can be increased when cetuximab is combined with parsatuzumab.
db00002,cetuximab,emactuzumab,the risk or severity of adverse effects can be increased when cetuximab is combined with emactuzumab.
db00002,cetuximab,bevacizumab zirconium zr-89,the risk or severity of adverse effects can be increased when cetuximab is combined with bevacizumab zirconium zr-89.
db00002,cetuximab,refanezumab,the risk or severity of adverse effects can be increased when cetuximab is combined with refanezumab.
db00002,cetuximab,rozanolixizumab,the risk or severity of adverse effects can be increased when cetuximab is combined with rozanolixizumab.
db00002,cetuximab,bermekimab,the risk or severity of adverse effects can be increased when cetuximab is combined with bermekimab.
db00002,cetuximab,pamrevlumab,the risk or severity of adverse effects can be increased when cetuximab is combined with pamrevlumab.
db00002,cetuximab,opicinumab,the risk or severity of adverse effects can be increased when cetuximab is combined with opicinumab.
db00002,cetuximab,trastuzumab deruxtecan,the risk or severity of adverse effects can be increased when cetuximab is combined with trastuzumab deruxtecan.
db00002,cetuximab,margetuximab,the risk or severity of adverse effects can be increased when cetuximab is combined with margetuximab.
db00002,cetuximab,dalantercept,the risk or severity of adverse effects can be increased when cetuximab is combined with dalantercept.
db00002,cetuximab,pateclizumab,the risk or severity of adverse effects can be increased when cetuximab is combined with pateclizumab.
db00002,cetuximab,gremubamab,the risk or severity of adverse effects can be increased when cetuximab is combined with gremubamab.
db00002,cetuximab,apomab,the risk or severity of adverse effects can be increased when cetuximab is combined with apomab.
db00002,cetuximab,tafasitamab,the risk or severity of adverse effects can be increased when cetuximab is combined with tafasitamab.
db00002,cetuximab,ipafricept,the risk or severity of adverse effects can be increased when cetuximab is combined with ipafricept.
db00002,cetuximab,abrilumab,the risk or severity of adverse effects can be increased when cetuximab is combined with abrilumab.
db00002,cetuximab,frovocimab,the risk or severity of adverse effects can be increased when cetuximab is combined with frovocimab.
db00002,cetuximab,tezepelumab,the risk or severity of adverse effects can be increased when cetuximab is combined with tezepelumab.
db00002,cetuximab,tigatuzumab,the risk or severity of adverse effects can be increased when cetuximab is combined with tigatuzumab.
db00002,cetuximab,telisotuzumab vedotin,the risk or severity of adverse effects can be increased when cetuximab is combined with telisotuzumab vedotin.
db00002,cetuximab,utomilumab,the risk or severity of adverse effects can be increased when cetuximab is combined with utomilumab.
db00002,cetuximab,zolbetuximab,the risk or severity of adverse effects can be increased when cetuximab is combined with zolbetuximab.
db00002,cetuximab,ponezumab,the risk or severity of adverse effects can be increased when cetuximab is combined with ponezumab.
db00002,cetuximab,asunercept,the risk or severity of adverse effects can be increased when cetuximab is combined with asunercept.
db00002,cetuximab,suvratoxumab,the risk or severity of adverse effects can be increased when cetuximab is combined with suvratoxumab.
db00002,cetuximab,mitazalimab,the risk or severity of adverse effects can be increased when cetuximab is combined with mitazalimab.
db00002,cetuximab,nemolizumab,the risk or severity of adverse effects can be increased when cetuximab is combined with nemolizumab.
db00002,cetuximab,bleselumab,the risk or severity of adverse effects can be increased when cetuximab is combined with bleselumab.
db00002,cetuximab,gedivumab,the risk or severity of adverse effects can be increased when cetuximab is combined with gedivumab.
db00002,cetuximab,valanafusp alfa,the risk or severity of adverse effects can be increased when cetuximab is combined with valanafusp alfa.
db00002,cetuximab,sofituzumab vedotin,the risk or severity of adverse effects can be increased when cetuximab is combined with sofituzumab vedotin.
db00002,cetuximab,istiratumab,the risk or severity of adverse effects can be increased when cetuximab is combined with istiratumab.
db00002,cetuximab,pidilizumab,the risk or severity of adverse effects can be increased when cetuximab is combined with pidilizumab.
db00002,cetuximab,gma-161,the risk or severity of adverse effects can be increased when cetuximab is combined with gma-161.
db00002,cetuximab,ladiratuzumab vedotin,the risk or severity of adverse effects can be increased when cetuximab is combined with ladiratuzumab vedotin.
db00002,cetuximab,tomaralimab,the risk or severity of adverse effects can be increased when cetuximab is combined with tomaralimab.
db00002,cetuximab,vesencumab,the risk or severity of adverse effects can be increased when cetuximab is combined with vesencumab.
db00002,cetuximab,pinatuzumab vedotin,the risk or severity of adverse effects can be increased when cetuximab is combined with pinatuzumab vedotin.
db00002,cetuximab,lulizumab pegol,the risk or severity of adverse effects can be increased when cetuximab is combined with lulizumab pegol.
db00002,cetuximab,lorukafusp alfa,the risk or severity of adverse effects can be increased when cetuximab is combined with lorukafusp alfa.
db00002,cetuximab,naratuximab emtansine,the risk or severity of adverse effects can be increased when cetuximab is combined with naratuximab emtansine.
db00002,cetuximab,zenocutuzumab,the risk or severity of adverse effects can be increased when cetuximab is combined with zenocutuzumab.
db00002,cetuximab,atoltivimab,the risk or severity of adverse effects can be increased when cetuximab is combined with atoltivimab.
db00002,cetuximab,maftivimab,the risk or severity of adverse effects can be increased when cetuximab is combined with maftivimab.
db00002,cetuximab,odesivimab,the risk or severity of adverse effects can be increased when cetuximab is combined with odesivimab.
db00002,cetuximab,belantamab mafodotin,the risk or severity of adverse effects can be increased when cetuximab is combined with belantamab mafodotin.
db00002,cetuximab,ansuvimab,the risk or severity of adverse effects can be increased when cetuximab is combined with ansuvimab.
db00002,cetuximab,bamlanivimab,the risk or severity of adverse effects can be increased when cetuximab is combined with bamlanivimab.
db00002,cetuximab,hepatitis b immune globulin,the risk or severity of adverse effects can be increased when cetuximab is combined with hepatitis b immune globulin.
db00002,cetuximab,human rho(d) immune globulin,the risk or severity of adverse effects can be increased when cetuximab is combined with human rho(d) immune globulin.
db00002,cetuximab,dostarlimab,the risk or severity of adverse effects can be increased when cetuximab is combined with dostarlimab.
db00002,cetuximab,certolizumab pegol,the risk or severity of adverse effects can be increased when cetuximab is combined with certolizumab pegol.
db00002,cetuximab,inolimomab,the risk or severity of adverse effects can be increased when cetuximab is combined with inolimomab.
db00002,cetuximab,pentaglobin,the risk or severity of adverse effects can be increased when cetuximab is combined with pentaglobin.
db00002,cetuximab,abagovomab,the risk or severity of adverse effects can be increased when cetuximab is combined with abagovomab.
db00002,cetuximab,efungumab,the risk or severity of adverse effects can be increased when cetuximab is combined with efungumab.
db00002,cetuximab,foralumab,the risk or severity of adverse effects can be increased when cetuximab is combined with foralumab.
db00002,cetuximab,indatuximab ravtansine,the risk or severity of adverse effects can be increased when cetuximab is combined with indatuximab ravtansine.
db00002,cetuximab,magrolimab,the risk or severity of adverse effects can be increased when cetuximab is combined with magrolimab.
db00002,cetuximab,olinvacimab,the risk or severity of adverse effects can be increased when cetuximab is combined with olinvacimab.
db00002,cetuximab,actoxumab,the risk or severity of adverse effects can be increased when cetuximab is combined with actoxumab.
db00002,cetuximab,volagidemab,the risk or severity of adverse effects can be increased when cetuximab is combined with volagidemab.
db00002,cetuximab,bentracimab,the risk or severity of adverse effects can be increased when cetuximab is combined with bentracimab.
db00002,cetuximab,amivantamab,the risk or severity of adverse effects can be increased when cetuximab is combined with amivantamab.
db00002,cetuximab,"ebola zaire vaccine (live, attenuated)","the therapeutic efficacy of ebola zaire vaccine (live, attenuated) can be decreased when used in combination with cetuximab."
db00002,cetuximab,imlifidase,the therapeutic efficacy of cetuximab can be decreased when used in combination with imlifidase.
db00002,cetuximab,darbepoetin alfa,the risk or severity of thrombosis can be increased when darbepoetin alfa is combined with cetuximab.
db00002,cetuximab,erythropoietin,the risk or severity of thrombosis can be increased when erythropoietin is combined with cetuximab.
db00002,cetuximab,peginesatide,the risk or severity of thrombosis can be increased when peginesatide is combined with cetuximab.
db00002,cetuximab,methoxy polyethylene glycol-epoetin beta,the risk or severity of thrombosis can be increased when methoxy polyethylene glycol-epoetin beta is combined with cetuximab.
db00002,cetuximab,imdevimab,the risk or severity of adverse effects can be increased when cetuximab is combined with imdevimab.
db00002,cetuximab,casirivimab,the risk or severity of adverse effects can be increased when cetuximab is combined with casirivimab.
db00002,cetuximab,cilgavimab,the risk or severity of adverse effects can be increased when cetuximab is combined with cilgavimab.
db00002,cetuximab,tixagevimab,the risk or severity of adverse effects can be increased when cetuximab is combined with tixagevimab.
db00002,cetuximab,sotrovimab,the risk or severity of adverse effects can be increased when cetuximab is combined with sotrovimab.
db00002,cetuximab,loncastuximab tesirine,the risk or severity of adverse effects can be increased when cetuximab is combined with loncastuximab tesirine.
db00002,cetuximab,tisotumab vedotin,the risk or severity of adverse effects can be increased when cetuximab is combined with tisotumab vedotin.
db00002,cetuximab,sutimlimab,the risk or severity of adverse effects can be increased when cetuximab is combined with sutimlimab.
db00002,cetuximab,bebtelovimab,the risk or severity of adverse effects can be increased when cetuximab is combined with bebtelovimab.
db00002,cetuximab,mosunetuzumab,the risk or severity of adverse effects can be increased when cetuximab is combined with mosunetuzumab.
db00002,cetuximab,spesolimab,the risk or severity of adverse effects can be increased when cetuximab is combined with spesolimab.
db00002,cetuximab,eflapegrastim,the risk or severity of adverse effects can be increased when cetuximab is combined with eflapegrastim.
db00002,cetuximab,lidocaine,the risk or severity of methemoglobinemia can be increased when cetuximab is combined with lidocaine.
db00002,cetuximab,ropivacaine,the risk or severity of methemoglobinemia can be increased when cetuximab is combined with ropivacaine.
db00002,cetuximab,bupivacaine,the risk or severity of methemoglobinemia can be increased when cetuximab is combined with bupivacaine.
db00002,cetuximab,cinchocaine,the risk or severity of methemoglobinemia can be increased when cetuximab is combined with cinchocaine.
db00002,cetuximab,dyclonine,the risk or severity of methemoglobinemia can be increased when cetuximab is combined with dyclonine.
db00002,cetuximab,procaine,the risk or severity of methemoglobinemia can be increased when cetuximab is combined with procaine.
db00002,cetuximab,prilocaine,the risk or severity of methemoglobinemia can be increased when cetuximab is combined with prilocaine.
db00002,cetuximab,proparacaine,the risk or severity of methemoglobinemia can be increased when cetuximab is combined with proparacaine.
db00002,cetuximab,meloxicam,the risk or severity of methemoglobinemia can be increased when cetuximab is combined with meloxicam.
db00002,cetuximab,oxybuprocaine,the risk or severity of methemoglobinemia can be increased when cetuximab is combined with oxybuprocaine.
db00002,cetuximab,cocaine,the risk or severity of methemoglobinemia can be increased when cetuximab is combined with cocaine.
db00002,cetuximab,mepivacaine,the risk or severity of methemoglobinemia can be increased when cetuximab is combined with mepivacaine.
db00002,cetuximab,levobupivacaine,the risk or severity of methemoglobinemia can be increased when cetuximab is combined with levobupivacaine.
db00002,cetuximab,diphenhydramine,the risk or severity of methemoglobinemia can be increased when cetuximab is combined with diphenhydramine.
db00002,cetuximab,benzocaine,the risk or severity of methemoglobinemia can be increased when cetuximab is combined with benzocaine.
db00002,cetuximab,chloroprocaine,the risk or severity of methemoglobinemia can be increased when cetuximab is combined with chloroprocaine.
db00002,cetuximab,phenol,the risk or severity of methemoglobinemia can be increased when cetuximab is combined with phenol.
db00002,cetuximab,tetrodotoxin,the risk or severity of methemoglobinemia can be increased when cetuximab is combined with tetrodotoxin.
db00002,cetuximab,benzyl alcohol,the risk or severity of methemoglobinemia can be increased when cetuximab is combined with benzyl alcohol.
db00002,cetuximab,capsaicin,the risk or severity of methemoglobinemia can be increased when cetuximab is combined with capsaicin.
db00002,cetuximab,etidocaine,the risk or severity of methemoglobinemia can be increased when cetuximab is combined with etidocaine.
db00002,cetuximab,articaine,the risk or severity of methemoglobinemia can be increased when cetuximab is combined with articaine.
db00002,cetuximab,tetracaine,the risk or severity of methemoglobinemia can be increased when cetuximab is combined with tetracaine.
db00002,cetuximab,propoxycaine,the risk or severity of methemoglobinemia can be increased when cetuximab is combined with propoxycaine.
db00002,cetuximab,pramocaine,the risk or severity of methemoglobinemia can be increased when cetuximab is combined with pramocaine.
db00002,cetuximab,butamben,the risk or severity of methemoglobinemia can be increased when cetuximab is combined with butamben.
db00002,cetuximab,butacaine,the risk or severity of methemoglobinemia can be increased when cetuximab is combined with butacaine.
db00002,cetuximab,oxetacaine,the risk or severity of methemoglobinemia can be increased when cetuximab is combined with oxetacaine.
db00002,cetuximab,ethyl chloride,the risk or severity of methemoglobinemia can be increased when cetuximab is combined with ethyl chloride.
db00002,cetuximab,butanilicaine,the risk or severity of methemoglobinemia can be increased when cetuximab is combined with butanilicaine.
db00002,cetuximab,metabutethamine,the risk or severity of methemoglobinemia can be increased when cetuximab is combined with metabutethamine.
db00002,cetuximab,quinisocaine,the risk or severity of methemoglobinemia can be increased when cetuximab is combined with quinisocaine.
db00002,cetuximab,glofitamab,the risk or severity of adverse effects can be increased when cetuximab is combined with glofitamab.
db00002,cetuximab,relatlimab,the risk or severity of adverse effects can be increased when cetuximab is combined with relatlimab.
db00002,cetuximab,vilobelimab,the risk or severity of adverse effects can be increased when cetuximab is combined with vilobelimab.
db00002,cetuximab,ambroxol,the risk or severity of methemoglobinemia can be increased when cetuximab is combined with ambroxol.
db00002,cetuximab,pozelimab,the serum concentration of pozelimab can be decreased when it is combined with cetuximab.
db00002,cetuximab,etrasimod,the risk or severity of immunosuppression can be increased when cetuximab is combined with etrasimod.
db00002,cetuximab,toripalimab,the risk or severity of adverse effects can be increased when cetuximab is combined with toripalimab.
db00002,cetuximab,tislelizumab,the risk or severity of adverse effects can be increased when cetuximab is combined with tislelizumab.
db00002,cetuximab,teprotumumab,the risk or severity of adverse effects can be increased when cetuximab is combined with teprotumumab.
db00002,cetuximab,crovalimab,the risk or severity of adverse effects can be increased when cetuximab is combined with crovalimab.
db00002,cetuximab,donanemab,the risk or severity of adverse effects can be increased when cetuximab is combined with donanemab.
db00002,cetuximab,axatilimab,the risk or severity of adverse effects can be increased when cetuximab is combined with axatilimab.
db00002,cetuximab,marstacimab,the risk or severity of adverse effects can be increased when cetuximab is combined with marstacimab.
db00002,cetuximab,zanidatamab,the risk or severity of adverse effects can be increased when cetuximab is combined with zanidatamab.
db00004,denileukin diftitox,darbepoetin alfa,the risk or severity of thrombosis can be increased when darbepoetin alfa is combined with denileukin diftitox.
db00004,denileukin diftitox,erythropoietin,the risk or severity of thrombosis can be increased when erythropoietin is combined with denileukin diftitox.
db00004,denileukin diftitox,peginesatide,the risk or severity of thrombosis can be increased when peginesatide is combined with denileukin diftitox.
db00004,denileukin diftitox,methoxy polyethylene glycol-epoetin beta,the risk or severity of thrombosis can be increased when methoxy polyethylene glycol-epoetin beta is combined with denileukin diftitox.
db00004,denileukin diftitox,lidocaine,the risk or severity of methemoglobinemia can be increased when denileukin diftitox is combined with lidocaine.
db00004,denileukin diftitox,ropivacaine,the risk or severity of methemoglobinemia can be increased when denileukin diftitox is combined with ropivacaine.
db00004,denileukin diftitox,bupivacaine,the risk or severity of methemoglobinemia can be increased when denileukin diftitox is combined with bupivacaine.
db00004,denileukin diftitox,cinchocaine,the risk or severity of methemoglobinemia can be increased when denileukin diftitox is combined with cinchocaine.
db00004,denileukin diftitox,dyclonine,the risk or severity of methemoglobinemia can be increased when denileukin diftitox is combined with dyclonine.
db00004,denileukin diftitox,procaine,the risk or severity of methemoglobinemia can be increased when denileukin diftitox is combined with procaine.
db00004,denileukin diftitox,prilocaine,the risk or severity of methemoglobinemia can be increased when denileukin diftitox is combined with prilocaine.
db00004,denileukin diftitox,proparacaine,the risk or severity of methemoglobinemia can be increased when denileukin diftitox is combined with proparacaine.
db00004,denileukin diftitox,meloxicam,the risk or severity of methemoglobinemia can be increased when denileukin diftitox is combined with meloxicam.
db00004,denileukin diftitox,oxybuprocaine,the risk or severity of methemoglobinemia can be increased when denileukin diftitox is combined with oxybuprocaine.
db00004,denileukin diftitox,cocaine,the risk or severity of methemoglobinemia can be increased when denileukin diftitox is combined with cocaine.
db00004,denileukin diftitox,mepivacaine,the risk or severity of methemoglobinemia can be increased when denileukin diftitox is combined with mepivacaine.
db00004,denileukin diftitox,levobupivacaine,the risk or severity of methemoglobinemia can be increased when denileukin diftitox is combined with levobupivacaine.
db00004,denileukin diftitox,diphenhydramine,the risk or severity of methemoglobinemia can be increased when denileukin diftitox is combined with diphenhydramine.
db00004,denileukin diftitox,benzocaine,the risk or severity of methemoglobinemia can be increased when denileukin diftitox is combined with benzocaine.
db00004,denileukin diftitox,chloroprocaine,the risk or severity of methemoglobinemia can be increased when denileukin diftitox is combined with chloroprocaine.
db00004,denileukin diftitox,phenol,the risk or severity of methemoglobinemia can be increased when denileukin diftitox is combined with phenol.
db00004,denileukin diftitox,tetrodotoxin,the risk or severity of methemoglobinemia can be increased when denileukin diftitox is combined with tetrodotoxin.
db00004,denileukin diftitox,benzyl alcohol,the risk or severity of methemoglobinemia can be increased when denileukin diftitox is combined with benzyl alcohol.
db00004,denileukin diftitox,capsaicin,the risk or severity of methemoglobinemia can be increased when denileukin diftitox is combined with capsaicin.
db00004,denileukin diftitox,etidocaine,the risk or severity of methemoglobinemia can be increased when denileukin diftitox is combined with etidocaine.
db00004,denileukin diftitox,articaine,the risk or severity of methemoglobinemia can be increased when denileukin diftitox is combined with articaine.
db00004,denileukin diftitox,tetracaine,the risk or severity of methemoglobinemia can be increased when denileukin diftitox is combined with tetracaine.
db00004,denileukin diftitox,propoxycaine,the risk or severity of methemoglobinemia can be increased when denileukin diftitox is combined with propoxycaine.
db00004,denileukin diftitox,pramocaine,the risk or severity of methemoglobinemia can be increased when denileukin diftitox is combined with pramocaine.
db00004,denileukin diftitox,butamben,the risk or severity of methemoglobinemia can be increased when denileukin diftitox is combined with butamben.
db00004,denileukin diftitox,butacaine,the risk or severity of methemoglobinemia can be increased when denileukin diftitox is combined with butacaine.
db00004,denileukin diftitox,oxetacaine,the risk or severity of methemoglobinemia can be increased when denileukin diftitox is combined with oxetacaine.
db00004,denileukin diftitox,ethyl chloride,the risk or severity of methemoglobinemia can be increased when denileukin diftitox is combined with ethyl chloride.
db00004,denileukin diftitox,butanilicaine,the risk or severity of methemoglobinemia can be increased when denileukin diftitox is combined with butanilicaine.
db00004,denileukin diftitox,metabutethamine,the risk or severity of methemoglobinemia can be increased when denileukin diftitox is combined with metabutethamine.
db00004,denileukin diftitox,quinisocaine,the risk or severity of methemoglobinemia can be increased when denileukin diftitox is combined with quinisocaine.
db00004,denileukin diftitox,ambroxol,the risk or severity of methemoglobinemia can be increased when denileukin diftitox is combined with ambroxol.
db00004,denileukin diftitox,etrasimod,the risk or severity of immunosuppression can be increased when denileukin diftitox is combined with etrasimod.
db00005,etanercept,belimumab,the risk or severity of adverse effects can be increased when etanercept is combined with belimumab.
db00005,etanercept,cyclophosphamide,the risk or severity of adverse effects can be increased when etanercept is combined with cyclophosphamide.
db00005,etanercept,denosumab,the risk or severity of adverse effects can be increased when denosumab is combined with etanercept.
db00005,etanercept,infliximab,etanercept may increase the immunosuppressive activities of infliximab.
db00005,etanercept,peginterferon alfa-2a,the risk or severity of adverse effects can be increased when etanercept is combined with peginterferon alfa-2a.
db00005,etanercept,interferon alfa-n1,the risk or severity of adverse effects can be increased when etanercept is combined with interferon alfa-n1.
db00005,etanercept,interferon alfa-n3,the risk or severity of adverse effects can be increased when etanercept is combined with interferon alfa-n3.
db00005,etanercept,peginterferon alfa-2b,the risk or severity of adverse effects can be increased when etanercept is combined with peginterferon alfa-2b.
db00005,etanercept,interferon gamma-1b,the risk or severity of adverse effects can be increased when etanercept is combined with interferon gamma-1b.
db00005,etanercept,interferon alfa-2a,the risk or severity of adverse effects can be increased when etanercept is combined with interferon alfa-2a.
db00005,etanercept,aldesleukin,the risk or severity of adverse effects can be increased when etanercept is combined with aldesleukin.
db00005,etanercept,adalimumab,the risk or severity of infection can be increased when adalimumab is combined with etanercept.
db00005,etanercept,gemtuzumab ozogamicin,the risk or severity of adverse effects can be increased when etanercept is combined with gemtuzumab ozogamicin.
db00005,etanercept,pegaspargase,the risk or severity of adverse effects can be increased when etanercept is combined with pegaspargase.
db00005,etanercept,interferon beta-1b,the risk or severity of adverse effects can be increased when etanercept is combined with interferon beta-1b.
db00005,etanercept,interferon alfacon-1,the risk or severity of adverse effects can be increased when etanercept is combined with interferon alfacon-1.
db00005,etanercept,rituximab,the risk or severity of adverse effects can be increased when etanercept is combined with rituximab.
db00005,etanercept,basiliximab,the risk or severity of adverse effects can be increased when etanercept is combined with basiliximab.
db00005,etanercept,muromonab,the risk or severity of adverse effects can be increased when etanercept is combined with muromonab.
db00005,etanercept,ibritumomab tiuxetan,the risk or severity of adverse effects can be increased when etanercept is combined with ibritumomab tiuxetan.
db00005,etanercept,tositumomab,the risk or severity of adverse effects can be increased when etanercept is combined with tositumomab.
db00005,etanercept,alemtuzumab,the risk or severity of adverse effects can be increased when etanercept is combined with alemtuzumab.
db00005,etanercept,alefacept,the risk or severity of adverse effects can be increased when etanercept is combined with alefacept.
db00005,etanercept,efalizumab,the risk or severity of adverse effects can be increased when etanercept is combined with efalizumab.
db00005,etanercept,antithymocyte immunoglobulin (rabbit),the risk or severity of adverse effects can be increased when etanercept is combined with antithymocyte immunoglobulin (rabbit).
db00005,etanercept,interferon alfa-2b,the risk or severity of adverse effects can be increased when etanercept is combined with interferon alfa-2b.
db00005,etanercept,daclizumab,the risk or severity of adverse effects can be increased when etanercept is combined with daclizumab.
db00005,etanercept,phenylalanine,the risk or severity of adverse effects can be increased when etanercept is combined with phenylalanine.
db00005,etanercept,cladribine,etanercept may increase the immunosuppressive activities of cladribine.
db00005,etanercept,amsacrine,the risk or severity of adverse effects can be increased when etanercept is combined with amsacrine.
db00005,etanercept,bleomycin,the risk or severity of adverse effects can be increased when etanercept is combined with bleomycin.
db00005,etanercept,chlorambucil,the risk or severity of adverse effects can be increased when etanercept is combined with chlorambucil.
db00005,etanercept,raltitrexed,the risk or severity of adverse effects can be increased when etanercept is combined with raltitrexed.
db00005,etanercept,mitomycin,the risk or severity of adverse effects can be increased when etanercept is combined with mitomycin.
db00005,etanercept,floxuridine,the risk or severity of adverse effects can be increased when etanercept is combined with floxuridine.
db00005,etanercept,tioguanine,the risk or severity of adverse effects can be increased when etanercept is combined with tioguanine.
db00005,etanercept,dexrazoxane,the risk or severity of adverse effects can be increased when etanercept is combined with dexrazoxane.
db00005,etanercept,streptozocin,the risk or severity of adverse effects can be increased when etanercept is combined with streptozocin.
db00005,etanercept,trifluridine,the risk or severity of adverse effects can be increased when etanercept is combined with trifluridine.
db00005,etanercept,gemcitabine,the risk or severity of adverse effects can be increased when etanercept is combined with gemcitabine.
db00005,etanercept,epirubicin,the risk or severity of adverse effects can be increased when etanercept is combined with epirubicin.
db00005,etanercept,chloramphenicol,the risk or severity of adverse effects can be increased when etanercept is combined with chloramphenicol.
db00005,etanercept,lenalidomide,the risk or severity of adverse effects can be increased when etanercept is combined with lenalidomide.
db00005,etanercept,altretamine,the risk or severity of adverse effects can be increased when etanercept is combined with altretamine.
db00005,etanercept,cisplatin,the risk or severity of adverse effects can be increased when etanercept is combined with cisplatin.
db00005,etanercept,oxaliplatin,the risk or severity of adverse effects can be increased when etanercept is combined with oxaliplatin.
db00005,etanercept,propylthiouracil,the risk or severity of adverse effects can be increased when etanercept is combined with propylthiouracil.
db00005,etanercept,pentostatin,the risk or severity of adverse effects can be increased when etanercept is combined with pentostatin.
db00005,etanercept,linezolid,the risk or severity of adverse effects can be increased when etanercept is combined with linezolid.
db00005,etanercept,clofarabine,the risk or severity of adverse effects can be increased when etanercept is combined with clofarabine.
db00005,etanercept,methimazole,the risk or severity of adverse effects can be increased when etanercept is combined with methimazole.
db00005,etanercept,temozolomide,the risk or severity of adverse effects can be increased when etanercept is combined with temozolomide.
db00005,etanercept,penicillamine,the risk or severity of adverse effects can be increased when etanercept is combined with penicillamine.
db00005,etanercept,mechlorethamine,the risk or severity of adverse effects can be increased when etanercept is combined with mechlorethamine.
db00005,etanercept,azacitidine,the risk or severity of adverse effects can be increased when etanercept is combined with azacitidine.
db00005,etanercept,carboplatin,the risk or severity of adverse effects can be increased when etanercept is combined with carboplatin.
db00005,etanercept,dactinomycin,the risk or severity of adverse effects can be increased when etanercept is combined with dactinomycin.
db00005,etanercept,hydroxyurea,the risk or severity of adverse effects can be increased when etanercept is combined with hydroxyurea.
db00005,etanercept,mycophenolic acid,the risk or severity of adverse effects can be increased when etanercept is combined with mycophenolic acid.
db00005,etanercept,topotecan,the risk or severity of adverse effects can be increased when etanercept is combined with topotecan.
db00005,etanercept,mercaptopurine,the risk or severity of adverse effects can be increased when etanercept is combined with mercaptopurine.
db00005,etanercept,melphalan,the risk or severity of adverse effects can be increased when etanercept is combined with melphalan.
db00005,etanercept,fludarabine,the risk or severity of adverse effects can be increased when etanercept is combined with fludarabine.
db00005,etanercept,flucytosine,the risk or severity of adverse effects can be increased when etanercept is combined with flucytosine.
db00005,etanercept,procarbazine,the risk or severity of adverse effects can be increased when etanercept is combined with procarbazine.
db00005,etanercept,arsenic trioxide,the risk or severity of adverse effects can be increased when etanercept is combined with arsenic trioxide.
db00005,etanercept,mitoxantrone,the risk or severity of adverse effects can be increased when etanercept is combined with mitoxantrone.
db00005,etanercept,lomustine,the risk or severity of adverse effects can be increased when etanercept is combined with lomustine.
db00005,etanercept,eculizumab,the risk or severity of adverse effects can be increased when etanercept is combined with eculizumab.
db00005,etanercept,decitabine,the risk or severity of adverse effects can be increased when etanercept is combined with decitabine.
db00005,etanercept,nelarabine,the risk or severity of adverse effects can be increased when etanercept is combined with nelarabine.
db00005,etanercept,stepronin,the risk or severity of adverse effects can be increased when etanercept is combined with stepronin.
db00005,etanercept,castanospermine,the risk or severity of adverse effects can be increased when etanercept is combined with castanospermine.
db00005,etanercept,vorinostat,the risk or severity of adverse effects can be increased when etanercept is combined with vorinostat.
db00005,etanercept,2-methoxyethanol,the risk or severity of adverse effects can be increased when etanercept is combined with 2-methoxyethanol.
db00005,etanercept,brequinar,the risk or severity of adverse effects can be increased when etanercept is combined with brequinar.
db00005,etanercept,afelimomab,the risk or severity of adverse effects can be increased when etanercept is combined with afelimomab.
db00005,etanercept,interferon alfa,the risk or severity of adverse effects can be increased when etanercept is combined with interferon alfa.
db00005,etanercept,glatiramer,the risk or severity of adverse effects can be increased when etanercept is combined with glatiramer.
db00005,etanercept,briakinumab,the risk or severity of adverse effects can be increased when etanercept is combined with briakinumab.
db00005,etanercept,human interferon omega-1,the risk or severity of adverse effects can be increased when etanercept is combined with human interferon omega-1.
db00005,etanercept,mepolizumab,the risk or severity of adverse effects can be increased when etanercept is combined with mepolizumab.
db00005,etanercept,abetimus,the risk or severity of adverse effects can be increased when etanercept is combined with abetimus.
db00005,etanercept,golimumab,the risk or severity of adverse effects can be increased when etanercept is combined with golimumab.
db00005,etanercept,belatacept,the risk or severity of adverse effects can be increased when etanercept is combined with belatacept.
db00005,etanercept,pralatrexate,the risk or severity of adverse effects can be increased when etanercept is combined with pralatrexate.
db00005,etanercept,wortmannin,the risk or severity of adverse effects can be increased when etanercept is combined with wortmannin.
db00005,etanercept,eribulin,the risk or severity of adverse effects can be increased when etanercept is combined with eribulin.
db00005,etanercept,teriflunomide,the risk or severity of adverse effects can be increased when etanercept is combined with teriflunomide.
db00005,etanercept,carfilzomib,the risk or severity of adverse effects can be increased when etanercept is combined with carfilzomib.
db00005,etanercept,dimethyl fumarate,the risk or severity of adverse effects can be increased when etanercept is combined with dimethyl fumarate.
db00005,etanercept,obinutuzumab,the risk or severity of adverse effects can be increased when etanercept is combined with obinutuzumab.
db00005,etanercept,secukinumab,the risk or severity of adverse effects can be increased when etanercept is combined with secukinumab.
db00005,etanercept,siltuximab,the risk or severity of adverse effects can be increased when etanercept is combined with siltuximab.
db00005,etanercept,blinatumomab,the risk or severity of adverse effects can be increased when etanercept is combined with blinatumomab.
db00005,etanercept,dinutuximab,the risk or severity of adverse effects can be increased when etanercept is combined with dinutuximab.
db00005,etanercept,tixocortol,the risk or severity of adverse effects can be increased when etanercept is combined with tixocortol.
db00005,etanercept,peginterferon beta-1a,the risk or severity of adverse effects can be increased when etanercept is combined with peginterferon beta-1a.
db00005,etanercept,antilymphocyte immunoglobulin (horse),the risk or severity of adverse effects can be increased when etanercept is combined with antilymphocyte immunoglobulin (horse).
db00005,etanercept,tepoxalin,the risk or severity of adverse effects can be increased when etanercept is combined with tepoxalin.
db00005,etanercept,ixekizumab,the risk or severity of adverse effects can be increased when etanercept is combined with ixekizumab.
db00005,etanercept,ravulizumab,the risk or severity of adverse effects can be increased when etanercept is combined with ravulizumab.
db00005,etanercept,pirarubicin,the risk or severity of adverse effects can be increased when etanercept is combined with pirarubicin.
db00005,etanercept,voclosporin,the risk or severity of adverse effects can be increased when etanercept is combined with voclosporin.
db00005,etanercept,peficitinib,the risk or severity of adverse effects can be increased when etanercept is combined with peficitinib.
db00005,etanercept,sarilumab,the risk or severity of adverse effects can be increased when etanercept is combined with sarilumab.
db00005,etanercept,brodalumab,the risk or severity of adverse effects can be increased when etanercept is combined with brodalumab.
db00005,etanercept,sirukumab,the risk or severity of adverse effects can be increased when etanercept is combined with sirukumab.
db00005,etanercept,guselkumab,the risk or severity of adverse effects can be increased when etanercept is combined with guselkumab.
db00005,etanercept,ocrelizumab,the risk or severity of adverse effects can be increased when etanercept is combined with ocrelizumab.
db00005,etanercept,triptolide,the risk or severity of adverse effects can be increased when etanercept is combined with triptolide.
db00005,etanercept,ozanimod,the risk or severity of adverse effects can be increased when etanercept is combined with ozanimod.
db00005,etanercept,mizoribine,the risk or severity of adverse effects can be increased when etanercept is combined with mizoribine.
db00005,etanercept,gusperimus,the risk or severity of adverse effects can be increased when etanercept is combined with gusperimus.
db00005,etanercept,cepeginterferon alfa-2b,the risk or severity of adverse effects can be increased when etanercept is combined with cepeginterferon alfa-2b.
db00005,etanercept,trofosfamide,the risk or severity of adverse effects can be increased when etanercept is combined with trofosfamide.
db00005,etanercept,doxifluridine,the risk or severity of adverse effects can be increased when etanercept is combined with doxifluridine.
db00005,etanercept,deoxyspergualin,the risk or severity of adverse effects can be increased when etanercept is combined with deoxyspergualin.
db00005,etanercept,acteoside,the risk or severity of adverse effects can be increased when etanercept is combined with acteoside.
db00005,etanercept,cortivazol,the risk or severity of adverse effects can be increased when etanercept is combined with cortivazol.
db00005,etanercept,hypericin,the risk or severity of adverse effects can be increased when etanercept is combined with hypericin.
db00005,etanercept,9-(n-methyl-l-isoleucine)-cyclosporin a,the risk or severity of adverse effects can be increased when etanercept is combined with 9-(n-methyl-l-isoleucine)-cyclosporin a.
db00005,etanercept,fluocortin,the risk or severity of adverse effects can be increased when etanercept is combined with fluocortin.
db00005,etanercept,begelomab,the risk or severity of adverse effects can be increased when etanercept is combined with begelomab.
db00005,etanercept,fluperolone,the risk or severity of adverse effects can be increased when etanercept is combined with fluperolone.
db00005,etanercept,cloprednol,the risk or severity of adverse effects can be increased when etanercept is combined with cloprednol.
db00005,etanercept,fluclorolone,the risk or severity of adverse effects can be increased when etanercept is combined with fluclorolone.
db00005,etanercept,monomethyl fumarate,the risk or severity of adverse effects can be increased when etanercept is combined with monomethyl fumarate.
db00005,etanercept,emapalumab,the risk or severity of adverse effects can be increased when etanercept is combined with emapalumab.
db00005,etanercept,risankizumab,the risk or severity of adverse effects can be increased when etanercept is combined with risankizumab.
db00005,etanercept,rozanolixizumab,the risk or severity of adverse effects can be increased when etanercept is combined with rozanolixizumab.
db00005,etanercept,bleselumab,the risk or severity of adverse effects can be increased when etanercept is combined with bleselumab.
db00005,etanercept,flunisolide,the risk or severity of adverse effects can be increased when etanercept is combined with flunisolide.
db00005,etanercept,beclomethasone dipropionate,the risk or severity of adverse effects can be increased when etanercept is combined with beclomethasone dipropionate.
db00005,etanercept,betamethasone,the risk or severity of adverse effects can be increased when etanercept is combined with betamethasone.
db00005,etanercept,fluocinolone acetonide,the risk or severity of adverse effects can be increased when etanercept is combined with fluocinolone acetonide.
db00005,etanercept,prednisone,the risk or severity of adverse effects can be increased when etanercept is combined with prednisone.
db00005,etanercept,fludrocortisone,the risk or severity of adverse effects can be increased when etanercept is combined with fludrocortisone.
db00005,etanercept,prednisolone,the risk or severity of adverse effects can be increased when etanercept is combined with prednisolone.
db00005,etanercept,methylprednisolone,the risk or severity of adverse effects can be increased when etanercept is combined with methylprednisolone.
db00005,etanercept,estramustine,the risk or severity of adverse effects can be increased when etanercept is combined with estramustine.
db00005,etanercept,corticotropin,the risk or severity of adverse effects can be increased when etanercept is combined with corticotropin.
db00005,etanercept,cortisone acetate,the risk or severity of adverse effects can be increased when etanercept is combined with cortisone acetate.
db00005,etanercept,paramethasone,the risk or severity of adverse effects can be increased when etanercept is combined with paramethasone.
db00005,etanercept,aldosterone,the risk or severity of adverse effects can be increased when etanercept is combined with aldosterone.
db00005,etanercept,fluprednidene,the risk or severity of adverse effects can be increased when etanercept is combined with fluprednidene.
db00005,etanercept,vilanterol,the risk or severity of adverse effects can be increased when etanercept is combined with vilanterol.
db00005,etanercept,fluprednisolone,the risk or severity of adverse effects can be increased when etanercept is combined with fluprednisolone.
db00005,etanercept,meprednisone,the risk or severity of adverse effects can be increased when etanercept is combined with meprednisone.
db00005,etanercept,dexamethasone isonicotinate,the risk or severity of adverse effects can be increased when etanercept is combined with dexamethasone isonicotinate.
db00005,etanercept,melengestrol,the risk or severity of adverse effects can be increased when etanercept is combined with melengestrol.
db00005,etanercept,deflazacort,the risk or severity of adverse effects can be increased when etanercept is combined with deflazacort.
db00005,etanercept,prednylidene,the risk or severity of adverse effects can be increased when etanercept is combined with prednylidene.
db00005,etanercept,tetrandrine,the risk or severity of adverse effects can be increased when etanercept is combined with tetrandrine.
db00005,etanercept,mometasone furoate,the risk or severity of adverse effects can be increased when etanercept is combined with mometasone furoate.
db00005,etanercept,hydrocortisone succinate,the risk or severity of adverse effects can be increased when etanercept is combined with hydrocortisone succinate.
db00005,etanercept,budesonide,the risk or severity of adverse effects can be increased when etanercept is combined with budesonide.
db00005,etanercept,daunorubicin,the risk or severity of adverse effects can be increased when etanercept is combined with daunorubicin.
db00005,etanercept,cytarabine,the risk or severity of adverse effects can be increased when etanercept is combined with cytarabine.
db00005,etanercept,trilostane,the risk or severity of adverse effects can be increased when etanercept is combined with trilostane.
db00005,etanercept,belinostat,the risk or severity of adverse effects can be increased when etanercept is combined with belinostat.
db00005,etanercept,clobetasol propionate,the risk or severity of adverse effects can be increased when etanercept is combined with clobetasol propionate.
db00005,etanercept,fluocinonide,the risk or severity of adverse effects can be increased when etanercept is combined with fluocinonide.
db00005,etanercept,desoximetasone,the risk or severity of adverse effects can be increased when etanercept is combined with desoximetasone.
db00005,etanercept,mometasone,the risk or severity of adverse effects can be increased when etanercept is combined with mometasone.
db00005,etanercept,fluocortolone,the risk or severity of adverse effects can be increased when etanercept is combined with fluocortolone.
db00005,etanercept,fluorometholone,the risk or severity of adverse effects can be increased when etanercept is combined with fluorometholone.
db00005,etanercept,difluocortolone,the risk or severity of adverse effects can be increased when etanercept is combined with difluocortolone.
db00005,etanercept,upadacitinib,the risk or severity of adverse effects can be increased when etanercept is combined with upadacitinib.
db00005,etanercept,lexacalcitol,the risk or severity of adverse effects can be increased when etanercept is combined with lexacalcitol.
db00005,etanercept,inolimomab,the risk or severity of adverse effects can be increased when etanercept is combined with inolimomab.
db00005,etanercept,fasitibant,the risk or severity of adverse effects can be increased when etanercept is combined with fasitibant.
db00005,etanercept,anakinra,the risk or severity of adverse effects can be increased when etanercept is combined with anakinra.
db00005,etanercept,abatacept,the risk or severity of infection can be increased when etanercept is combined with abatacept.
db00005,etanercept,canakinumab,the risk or severity of infection and neutropenia can be increased when etanercept is combined with canakinumab.
db00005,etanercept,tocilizumab,tocilizumab may increase the immunosuppressive activities of etanercept.
db00005,etanercept,rilonacept,the risk or severity of adverse effects can be increased when etanercept is combined with rilonacept.
db00005,etanercept,certolizumab pegol,the risk or severity of infection can be increased when etanercept is combined with certolizumab pegol.
db00005,etanercept,vedolizumab,the risk or severity of infection can be increased when etanercept is combined with vedolizumab.
db00005,etanercept,natalizumab,the risk or severity of immunosuppression can be increased when etanercept is combined with natalizumab.
db00005,etanercept,pimecrolimus,the risk or severity of adverse effects can be increased when pimecrolimus is combined with etanercept.
db00005,etanercept,roflumilast,roflumilast may increase the immunosuppressive activities of etanercept.
db00005,etanercept,sipuleucel-t,the therapeutic efficacy of sipuleucel-t can be decreased when used in combination with etanercept.
db00005,etanercept,sulfamethoxazole,the risk or severity of myelosuppression can be increased when sulfamethoxazole is combined with etanercept.
db00005,etanercept,leflunomide,the risk or severity of adverse effects can be increased when etanercept is combined with leflunomide.
db00005,etanercept,tofacitinib,the risk or severity of adverse effects can be increased when etanercept is combined with tofacitinib.
db00005,etanercept,trastuzumab,the risk or severity of neutropenia can be increased when trastuzumab is combined with etanercept.
db00005,etanercept,fingolimod,etanercept may increase the immunosuppressive activities of fingolimod.
db00005,etanercept,tacrolimus,tacrolimus may increase the immunosuppressive activities of etanercept.
db00005,etanercept,g17dt immunogen,the therapeutic efficacy of g17dt can be decreased when used in combination with etanercept.
db00005,etanercept,pev3a,the therapeutic efficacy of pev3a can be decreased when used in combination with etanercept.
db00005,etanercept,ingn 225,the therapeutic efficacy of ingn 225 can be decreased when used in combination with etanercept.
db00005,etanercept,rindopepimut,the therapeutic efficacy of rindopepimut can be decreased when used in combination with etanercept.
db00005,etanercept,srp 299,the therapeutic efficacy of srp 299 can be decreased when used in combination with etanercept.
db00005,etanercept,gi-5005,the therapeutic efficacy of gi-5005 can be decreased when used in combination with etanercept.
db00005,etanercept,vitespen,the therapeutic efficacy of vitespen can be decreased when used in combination with etanercept.
db00005,etanercept,tg4010,the therapeutic efficacy of tg4010 can be decreased when used in combination with etanercept.
db00005,etanercept,anthrax immune globulin human,the therapeutic efficacy of anthrax immune globulin human can be decreased when used in combination with etanercept.
db00005,etanercept,"rabies virus inactivated antigen, b","the therapeutic efficacy of rabies virus inactivated antigen, b can be decreased when used in combination with etanercept."
db00005,etanercept,rotavirus vaccine,the therapeutic efficacy of rotavirus vaccine can be decreased when used in combination with etanercept.
db00005,etanercept,"rabies virus inactivated antigen, a","the therapeutic efficacy of rabies virus inactivated antigen, a can be decreased when used in combination with etanercept."
db00005,etanercept,clostridium tetani toxoid antigen (formaldehyde inactivated),the therapeutic efficacy of clostridium tetani toxoid antigen (formaldehyde inactivated) can be decreased when used in combination with etanercept.
db00005,etanercept,corynebacterium diphtheriae toxoid antigen (formaldehyde inactivated),the therapeutic efficacy of corynebacterium diphtheriae toxoid antigen (formaldehyde inactivated) can be decreased when used in combination with etanercept.
db00005,etanercept,influenza a virus a/california/7/2009 x-181 (h1n1) antigen (propiolactone inactivated),the therapeutic efficacy of influenza a virus a/california/7/2009 x-181 (h1n1) antigen (propiolactone inactivated) can be decreased when used in combination with etanercept.
db00005,etanercept,japanese encephalitis virus strain sa 14-14-2 antigen (formaldehyde inactivated),the therapeutic efficacy of japanese encephalitis virus strain sa 14-14-2 antigen (formaldehyde inactivated) can be decreased when used in combination with etanercept.
db00005,etanercept,influenza b virus b/brisbane/60/2008 antigen (formaldehyde inactivated),the therapeutic efficacy of influenza b virus b/brisbane/60/2008 antigen (formaldehyde inactivated) can be decreased when used in combination with etanercept.
db00005,etanercept,typhoid vi polysaccharide vaccine,the therapeutic efficacy of typhoid vi polysaccharide vaccine can be decreased when used in combination with etanercept.
db00005,etanercept,hepatitis a vaccine,the therapeutic efficacy of hepatitis a vaccine can be decreased when used in combination with etanercept.
db00005,etanercept,haemophilus influenzae type b strain 20752 capsular polysaccharide tetanus toxoid conjugate antigen,the therapeutic efficacy of haemophilus influenzae type b strain 20752 capsular polysaccharide tetanus toxoid conjugate antigen can be decreased when used in combination with etanercept.
db00005,etanercept,influenza a virus a/brisbane/59/2007(h1n1) hemagglutinin antigen (propiolactone inactivated),the therapeutic efficacy of influenza a virus a/brisbane/59/2007(h1n1) hemagglutinin antigen (propiolactone inactivated) can be decreased when used in combination with etanercept.
db00005,etanercept,influenza b virus b/brisbane/60/2008 hemagglutinin antigen (propiolactone inactivated),the therapeutic efficacy of influenza b virus b/brisbane/60/2008 hemagglutinin antigen (propiolactone inactivated) can be decreased when used in combination with etanercept.
db00005,etanercept,influenza a virus a/california/7/2009 x-181 (h1n1) hemagglutinin antigen (propiolactone inactivated),the therapeutic efficacy of influenza a virus a/california/7/2009 x-181 (h1n1) hemagglutinin antigen (propiolactone inactivated) can be decreased when used in combination with etanercept.
db00005,etanercept,influenza b virus b/brisbane/60/2008 antigen (propiolactone inactivated),the therapeutic efficacy of influenza b virus b/brisbane/60/2008 antigen (propiolactone inactivated) can be decreased when used in combination with etanercept.
db00005,etanercept,"rabies immune globulin, human","the therapeutic efficacy of rabies immune globulin, human can be decreased when used in combination with etanercept."
db00005,etanercept,hepatitis b vaccine (recombinant),the therapeutic efficacy of hepatitis b vaccine (recombinant) can be decreased when used in combination with etanercept.
db00005,etanercept,tecemotide,the therapeutic efficacy of tecemotide can be decreased when used in combination with etanercept.
db00005,etanercept,typhoid vaccine,the therapeutic efficacy of typhoid vaccine can be decreased when used in combination with etanercept.
db00005,etanercept,influenza a virus a/victoria/210/2009 x-187 (h3n2) hemagglutinin antigen (formaldehyde inactivated),the therapeutic efficacy of influenza a virus a/victoria/210/2009 x-187 (h3n2) hemagglutinin antigen (formaldehyde inactivated) can be decreased when used in combination with etanercept.
db00005,etanercept,influenza b virus b/brisbane/60/2008 hemagglutinin antigen (formaldehyde inactivated),the therapeutic efficacy of influenza b virus b/brisbane/60/2008 hemagglutinin antigen (formaldehyde inactivated) can be decreased when used in combination with etanercept.
db00005,etanercept,influenza a virus a/california/7/2009 (h1n1) live (attenuated) antigen,the therapeutic efficacy of influenza a virus a/california/7/2009 (h1n1) live (attenuated) antigen can be decreased when used in combination with etanercept.
db00005,etanercept,influenza a virus a/victoria/210/2009 x-187 (h3n2) antigen (formaldehyde inactivated),the therapeutic efficacy of influenza a virus a/victoria/210/2009 x-187 (h3n2) antigen (formaldehyde inactivated) can be decreased when used in combination with etanercept.
db00005,etanercept,influenza a virus a/perth/16/2009 (h3n2) live (attenuated) antigen,the therapeutic efficacy of influenza a virus a/perth/16/2009 (h3n2) live (attenuated) antigen can be decreased when used in combination with etanercept.
db00005,etanercept,influenza a virus a/uruguay/716/2007(h3n2) antigen (propiolactone inactivated),the therapeutic efficacy of influenza a virus a/uruguay/716/2007(h3n2) antigen (propiolactone inactivated) can be decreased when used in combination with etanercept.
db00005,etanercept,influenza a virus a/brisbane/59/2007(h1n1) antigen (propiolactone inactivated),the therapeutic efficacy of influenza a virus a/brisbane/59/2007(h1n1) antigen (propiolactone inactivated) can be decreased when used in combination with etanercept.
db00005,etanercept,"smallpox (vaccinia) vaccine, live","the risk or severity of infection can be increased when smallpox (vaccinia) vaccine, live is combined with etanercept."
db00005,etanercept,pertussis vaccine,the therapeutic efficacy of pertussis vaccine can be decreased when used in combination with etanercept.
db00005,etanercept,yersinia pestis 195/p antigen (formaldehyde inactivated),the therapeutic efficacy of yersinia pestis 195/p antigen (formaldehyde inactivated) can be decreased when used in combination with etanercept.
db00005,etanercept,varicella zoster vaccine (recombinant),the therapeutic efficacy of varicella zoster vaccine (recombinant) can be decreased when used in combination with etanercept.
db00005,etanercept,modified vaccinia ankara,the therapeutic efficacy of modified vaccinia ankara can be decreased when used in combination with etanercept.
db00005,etanercept,"ebola zaire vaccine (live, attenuated)","the therapeutic efficacy of ebola zaire vaccine (live, attenuated) can be decreased when used in combination with etanercept."
db00005,etanercept,moderna covid-19 vaccine,the therapeutic efficacy of moderna covid-19 vaccine can be decreased when used in combination with etanercept.
db00005,etanercept,measles virus vaccine live attenuated,the therapeutic efficacy of measles virus vaccine live attenuated can be decreased when used in combination with etanercept.
db00005,etanercept,rubella virus vaccine,the risk or severity of infection can be increased when rubella virus vaccine is combined with etanercept.
db00005,etanercept,varicella zoster vaccine (live/attenuated),the risk or severity of infection can be increased when varicella zoster vaccine (live/attenuated) is combined with etanercept.
db00005,etanercept,bacillus calmette-guerin substrain tice live antigen,the risk or severity of infection can be increased when bacillus calmette-guerin substrain tice live antigen is combined with etanercept.
db00005,etanercept,bacillus calmette-guerin substrain connaught live antigen,the risk or severity of infection can be increased when bacillus calmette-guerin substrain connaught live antigen is combined with etanercept.
db00005,etanercept,yellow fever vaccine,the risk or severity of infection can be increased when yellow fever vaccine is combined with etanercept.
db00005,etanercept,anthrax vaccine,the therapeutic efficacy of anthrax vaccine can be decreased when used in combination with etanercept.
db00005,etanercept,typhoid vaccine live,the risk or severity of infection can be increased when typhoid vaccine live is combined with etanercept.
db00005,etanercept,bacillus calmette-guerin substrain danish 1331 live antigen,the therapeutic efficacy of bacillus calmette-guerin substrain danish 1331 live antigen can be decreased when used in combination with etanercept.
db00005,etanercept,bcg vaccine,the risk or severity of infection can be increased when bcg vaccine is combined with etanercept.
db00005,etanercept,human adenovirus e serotype 4 strain cl-68578 antigen,the risk or severity of infection can be increased when human adenovirus e serotype 4 strain cl-68578 antigen is combined with etanercept.
db00005,etanercept,vibrio cholerae cvd 103-hgr strain live antigen,the therapeutic efficacy of vibrio cholerae cvd 103-hgr strain live antigen can be decreased when used in combination with etanercept.
db00005,etanercept,adenovirus type 7 vaccine live,the risk or severity of infection can be increased when adenovirus type 7 vaccine live is combined with etanercept.
db00005,etanercept,sulfasalazine,the risk or severity of neutropenia can be increased when etanercept is combined with sulfasalazine.
db00005,etanercept,caffeine,the metabolism of caffeine can be increased when combined with etanercept.
db00005,etanercept,fluvoxamine,the metabolism of fluvoxamine can be increased when combined with etanercept.
db00005,etanercept,betaxolol,the metabolism of betaxolol can be increased when combined with etanercept.
db00005,etanercept,carmustine,the metabolism of carmustine can be increased when combined with etanercept.
db00005,etanercept,ropinirole,the metabolism of ropinirole can be increased when combined with etanercept.
db00005,etanercept,disopyramide,the metabolism of disopyramide can be increased when combined with etanercept.
db00005,etanercept,conjugated estrogens,the metabolism of conjugated estrogens can be increased when combined with etanercept.
db00005,etanercept,ropivacaine,the metabolism of ropivacaine can be increased when combined with etanercept.
db00005,etanercept,zolmitriptan,the metabolism of zolmitriptan can be increased when combined with etanercept.
db00005,etanercept,acetaminophen,the metabolism of acetaminophen can be increased when combined with etanercept.
db00005,etanercept,olanzapine,the metabolism of olanzapine can be increased when combined with etanercept.
db00005,etanercept,chlorzoxazone,the metabolism of chlorzoxazone can be increased when combined with etanercept.
db00005,etanercept,grepafloxacin,the metabolism of grepafloxacin can be increased when combined with etanercept.
db00005,etanercept,mirtazapine,the metabolism of mirtazapine can be increased when combined with etanercept.
db00005,etanercept,mexiletine,the metabolism of mexiletine can be increased when combined with etanercept.
db00005,etanercept,tacrine,the metabolism of tacrine can be increased when combined with etanercept.
db00005,etanercept,triamterene,the metabolism of triamterene can be increased when combined with etanercept.
db00005,etanercept,entecavir,the metabolism of entecavir can be increased when combined with etanercept.
db00005,etanercept,chlorpromazine,the metabolism of chlorpromazine can be increased when combined with etanercept.
db00005,etanercept,albendazole,the metabolism of albendazole can be increased when combined with etanercept.
db00005,etanercept,guanabenz,the metabolism of guanabenz can be increased when combined with etanercept.
db00005,etanercept,pemetrexed,the metabolism of pemetrexed can be increased when combined with etanercept.
db00005,etanercept,thiabendazole,the metabolism of thiabendazole can be increased when combined with etanercept.
db00005,etanercept,riluzole,the metabolism of riluzole can be increased when combined with etanercept.
db00005,etanercept,acyclovir,the metabolism of acyclovir can be increased when combined with etanercept.
db00005,etanercept,pentoxifylline,the metabolism of pentoxifylline can be increased when combined with etanercept.
db00005,etanercept,trifluoperazine,the metabolism of trifluoperazine can be increased when combined with etanercept.
db00005,etanercept,ranitidine,the metabolism of ranitidine can be increased when combined with etanercept.
db00005,etanercept,ethanol,the metabolism of ethanol can be increased when combined with etanercept.
db00005,etanercept,maprotiline,the metabolism of maprotiline can be increased when combined with etanercept.
db00005,etanercept,lomefloxacin,the metabolism of lomefloxacin can be increased when combined with etanercept.
db00005,etanercept,azathioprine,the metabolism of azathioprine can be increased when combined with etanercept.
db00005,etanercept,frovatriptan,the metabolism of frovatriptan can be increased when combined with etanercept.
db00005,etanercept,levobupivacaine,the metabolism of levobupivacaine can be increased when combined with etanercept.
db00005,etanercept,cinacalcet,the metabolism of cinacalcet can be increased when combined with etanercept.
db00005,etanercept,tocainide,the metabolism of tocainide can be increased when combined with etanercept.
db00005,etanercept,primaquine,the metabolism of primaquine can be increased when combined with etanercept.
db00005,etanercept,hesperetin,the metabolism of hesperetin can be increased when combined with etanercept.
db00005,etanercept,propafenone,the metabolism of propafenone can be increased when combined with etanercept.
db00005,etanercept,dexfenfluramine,the metabolism of dexfenfluramine can be increased when combined with etanercept.
db00005,etanercept,oxtriphylline,the metabolism of oxtriphylline can be increased when combined with etanercept.
db00005,etanercept,rasagiline,the metabolism of rasagiline can be increased when combined with etanercept.
db00005,etanercept,temafloxacin,the metabolism of temafloxacin can be increased when combined with etanercept.
db00005,etanercept,theobromine,the metabolism of theobromine can be increased when combined with etanercept.
db00005,etanercept,fenethylline,the metabolism of fenethylline can be increased when combined with etanercept.
db00005,etanercept,bromazepam,the metabolism of bromazepam can be increased when combined with etanercept.
db00005,etanercept,thiothixene,the metabolism of thiothixene can be increased when combined with etanercept.
db00005,etanercept,genistein,the metabolism of genistein can be increased when combined with etanercept.
db00005,etanercept,8-azaguanine,the metabolism of 8-azaguanine can be increased when combined with etanercept.
db00005,etanercept,xanthine,the metabolism of xanthine can be increased when combined with etanercept.
db00005,etanercept,9-methylguanine,the metabolism of 9-methylguanine can be increased when combined with etanercept.
db00005,etanercept,peldesine,the metabolism of peldesine can be increased when combined with etanercept.
db00005,etanercept,hypoxanthine,the metabolism of hypoxanthine can be increased when combined with etanercept.
db00005,etanercept,9-deazaguanine,the metabolism of 9-deazaguanine can be increased when combined with etanercept.
db00005,etanercept,lorcaserin,the metabolism of lorcaserin can be increased when combined with etanercept.
db00005,etanercept,lofexidine,the metabolism of lofexidine can be increased when combined with etanercept.
db00005,etanercept,pirfenidone,the metabolism of pirfenidone can be increased when combined with etanercept.
db00005,etanercept,mianserin,the metabolism of mianserin can be increased when combined with etanercept.
db00005,etanercept,eltrombopag,the metabolism of eltrombopag can be increased when combined with etanercept.
db00005,etanercept,asenapine,the metabolism of asenapine can be increased when combined with etanercept.
db00005,etanercept,vadimezan,the metabolism of vadimezan can be increased when combined with etanercept.
db00005,etanercept,propentofylline,the metabolism of propentofylline can be increased when combined with etanercept.
db00005,etanercept,agomelatine,the metabolism of agomelatine can be increased when combined with etanercept.
db00005,etanercept,benzyl alcohol,the metabolism of benzyl alcohol can be increased when combined with etanercept.
db00005,etanercept,capsaicin,the metabolism of capsaicin can be increased when combined with etanercept.
db00005,etanercept,(r)-warfarin,the metabolism of (r)-warfarin can be increased when combined with etanercept.
db00005,etanercept,tasimelteon,the metabolism of tasimelteon can be increased when combined with etanercept.
db00005,etanercept,stiripentol,the metabolism of stiripentol can be increased when combined with etanercept.
db00005,etanercept,zotepine,the metabolism of zotepine can be increased when combined with etanercept.
db00005,etanercept,doxofylline,the metabolism of doxofylline can be increased when combined with etanercept.
db00005,etanercept,ramosetron,the metabolism of ramosetron can be increased when combined with etanercept.
db00005,etanercept,6-o-benzylguanine,the metabolism of 6-o-benzylguanine can be increased when combined with etanercept.
db00005,etanercept,binimetinib,the metabolism of binimetinib can be increased when combined with etanercept.
db00005,etanercept,voxilaprevir,the metabolism of voxilaprevir can be increased when combined with etanercept.
db00005,etanercept,triclabendazole,the metabolism of triclabendazole can be increased when combined with etanercept.
db00005,etanercept,rucaparib,the metabolism of rucaparib can be increased when combined with etanercept.
db00005,etanercept,lisofylline,the metabolism of lisofylline can be increased when combined with etanercept.
db00005,etanercept,lobucavir,the metabolism of lobucavir can be increased when combined with etanercept.
db00005,etanercept,cafedrine,the metabolism of cafedrine can be increased when combined with etanercept.
db00005,etanercept,theodrenaline,the metabolism of theodrenaline can be increased when combined with etanercept.
db00005,etanercept,dihydralazine,the metabolism of dihydralazine can be increased when combined with etanercept.
db00005,etanercept,bamifylline,the metabolism of bamifylline can be increased when combined with etanercept.
db00005,etanercept,proxyphylline,the metabolism of proxyphylline can be increased when combined with etanercept.
db00005,etanercept,acefylline,the metabolism of acefylline can be increased when combined with etanercept.
db00005,etanercept,etamiphylline,the metabolism of etamiphylline can be increased when combined with etanercept.
db00005,etanercept,pentifylline,the metabolism of pentifylline can be increased when combined with etanercept.
db00005,etanercept,bufylline,the metabolism of bufylline can be increased when combined with etanercept.
db00005,etanercept,bromotheophylline,the metabolism of bromotheophylline can be increased when combined with etanercept.
db00005,etanercept,8-chlorotheophylline,the metabolism of 8-chlorotheophylline can be increased when combined with etanercept.
db00005,etanercept,istradefylline,the metabolism of istradefylline can be increased when combined with etanercept.
db00005,etanercept,bicifadine,the metabolism of bicifadine can be increased when combined with etanercept.
db00005,etanercept,gts-21,the metabolism of gts-21 can be increased when combined with etanercept.
db00005,etanercept,ethinylestradiol,the metabolism of ethinylestradiol can be increased when combined with etanercept.
db00005,etanercept,zolpidem,the metabolism of zolpidem can be increased when combined with etanercept.
db00005,etanercept,mephenytoin,the metabolism of mephenytoin can be increased when combined with etanercept.
db00005,etanercept,cyclobenzaprine,the metabolism of cyclobenzaprine can be increased when combined with etanercept.
db00005,etanercept,selumetinib,the metabolism of selumetinib can be increased when combined with etanercept.
db00005,etanercept,clozapine,the metabolism of clozapine can be increased when combined with etanercept.
db00005,etanercept,penciclovir,the metabolism of penciclovir can be increased when combined with etanercept.
db00005,etanercept,fenfluramine,the metabolism of fenfluramine can be increased when combined with etanercept.
db00005,etanercept,melatonin,the metabolism of melatonin can be increased when combined with etanercept.
db00005,etanercept,methylene blue,the metabolism of methylene blue can be increased when combined with etanercept.
db00005,etanercept,benzocaine,the metabolism of benzocaine can be increased when combined with etanercept.
db00005,etanercept,theophylline,the metabolism of theophylline can be increased when combined with etanercept.
db00005,etanercept,warfarin,the metabolism of warfarin can be increased when combined with etanercept.
db00005,etanercept,tizanidine,the metabolism of tizanidine can be increased when combined with etanercept.
db00005,etanercept,pimozide,the metabolism of pimozide can be increased when combined with etanercept.
db00005,etanercept,aminophylline,the metabolism of aminophylline can be increased when combined with etanercept.
db00005,etanercept,acenocoumarol,the metabolism of acenocoumarol can be increased when combined with etanercept.
db00005,etanercept,tegafur,the metabolism of tegafur can be increased when combined with etanercept.
db00005,etanercept,anagrelide,the metabolism of anagrelide can be increased when combined with etanercept.
db00005,etanercept,fluorouracil,the metabolism of fluorouracil can be increased when combined with etanercept.
db00005,etanercept,dacarbazine,the metabolism of dacarbazine can be increased when combined with etanercept.
db00005,etanercept,bendamustine,the metabolism of bendamustine can be increased when combined with etanercept.
db00005,etanercept,pomalidomide,the metabolism of pomalidomide can be increased when combined with etanercept.
db00005,etanercept,imipramine,the metabolism of imipramine can be increased when combined with etanercept.
db00005,etanercept,clonidine,the metabolism of clonidine can be increased when combined with etanercept.
db00005,etanercept,clomipramine,the metabolism of clomipramine can be increased when combined with etanercept.
db00005,etanercept,nevirapine,the metabolism of nevirapine can be increased when combined with etanercept.
db00005,etanercept,montelukast,the metabolism of montelukast can be increased when combined with etanercept.
db00005,etanercept,flurazepam,the metabolism of flurazepam can be increased when combined with etanercept.
db00005,etanercept,metronidazole,the metabolism of metronidazole can be increased when combined with etanercept.
db00005,etanercept,formoterol,the metabolism of formoterol can be increased when combined with etanercept.
db00005,etanercept,letrozole,the metabolism of letrozole can be increased when combined with etanercept.
db00005,etanercept,methoxyflurane,the metabolism of methoxyflurane can be increased when combined with etanercept.
db00005,etanercept,halothane,the metabolism of halothane can be increased when combined with etanercept.
db00005,etanercept,sevoflurane,the metabolism of sevoflurane can be increased when combined with etanercept.
db00005,etanercept,arformoterol,the metabolism of arformoterol can be increased when combined with etanercept.
db00005,etanercept,flunitrazepam,the metabolism of flunitrazepam can be increased when combined with etanercept.
db00005,etanercept,clomethiazole,the metabolism of clomethiazole can be increased when combined with etanercept.
db00005,etanercept,vortioxetine,the metabolism of vortioxetine can be increased when combined with etanercept.
db00005,etanercept,tegafur-uracil,the metabolism of tegafur-uracil can be increased when combined with etanercept.
db00005,etanercept,asunaprevir,the metabolism of asunaprevir can be increased when combined with etanercept.
db00005,etanercept,plitidepsin,the metabolism of plitidepsin can be increased when combined with etanercept.
db00005,etanercept,cenobamate,the metabolism of cenobamate can be increased when combined with etanercept.
db00005,etanercept,valproic acid,the metabolism of valproic acid can be increased when combined with etanercept.
db00005,etanercept,cisapride,the metabolism of cisapride can be increased when combined with etanercept.
db00005,etanercept,nicotine,the metabolism of nicotine can be increased when combined with etanercept.
db00005,etanercept,tramadol,the metabolism of tramadol can be increased when combined with etanercept.
db00005,etanercept,methadone,the metabolism of methadone can be increased when combined with etanercept.
db00005,etanercept,clobazam,the metabolism of clobazam can be increased when combined with etanercept.
db00005,etanercept,efavirenz,the metabolism of efavirenz can be increased when combined with etanercept.
db00005,etanercept,isoflurane,the metabolism of isoflurane can be increased when combined with etanercept.
db00005,etanercept,propofol,the metabolism of propofol can be increased when combined with etanercept.
db00005,etanercept,brompheniramine,the metabolism of brompheniramine can be increased when combined with etanercept.
db00005,etanercept,loperamide,the metabolism of loperamide can be increased when combined with etanercept.
db00005,etanercept,methylphenobarbital,the metabolism of methylphenobarbital can be increased when combined with etanercept.
db00005,etanercept,benzphetamine,the metabolism of benzphetamine can be increased when combined with etanercept.
db00005,etanercept,promethazine,the metabolism of promethazine can be increased when combined with etanercept.
db00005,etanercept,perhexiline,the metabolism of perhexiline can be increased when combined with etanercept.
db00005,etanercept,ketamine,the metabolism of ketamine can be increased when combined with etanercept.
db00005,etanercept,ethylmorphine,the metabolism of ethylmorphine can be increased when combined with etanercept.
db00005,etanercept,clotiazepam,the metabolism of clotiazepam can be increased when combined with etanercept.
db00005,etanercept,ospemifene,the metabolism of ospemifene can be increased when combined with etanercept.
db00005,etanercept,banoxantrone,the metabolism of banoxantrone can be increased when combined with etanercept.
db00005,etanercept,brivaracetam,the metabolism of brivaracetam can be increased when combined with etanercept.
db00005,etanercept,prasugrel,the metabolism of prasugrel can be increased when combined with etanercept.
db00005,etanercept,artemether,the metabolism of artemether can be increased when combined with etanercept.
db00005,etanercept,methyltestosterone,the metabolism of methyltestosterone can be increased when combined with etanercept.
db00005,etanercept,ketobemidone,the metabolism of ketobemidone can be increased when combined with etanercept.
db00005,etanercept,seratrodast,the metabolism of seratrodast can be increased when combined with etanercept.
db00005,etanercept,velpatasvir,the metabolism of velpatasvir can be increased when combined with etanercept.
db00005,etanercept,artemisinin,the metabolism of artemisinin can be increased when combined with etanercept.
db00005,etanercept,testosterone cypionate,the metabolism of testosterone cypionate can be increased when combined with etanercept.
db00005,etanercept,testosterone enanthate,the metabolism of testosterone enanthate can be increased when combined with etanercept.
db00005,etanercept,bupropion,the metabolism of bupropion can be increased when combined with etanercept.
db00005,etanercept,hydrocodone,the metabolism of hydrocodone can be increased when combined with etanercept.
db00005,etanercept,voxelotor,the metabolism of voxelotor can be increased when combined with etanercept.
db00005,etanercept,osilodrostat,the metabolism of osilodrostat can be increased when combined with etanercept.
db00005,etanercept,apomorphine,the metabolism of apomorphine can be increased when combined with etanercept.
db00005,etanercept,epinastine,the metabolism of epinastine can be increased when combined with etanercept.
db00005,etanercept,norgestimate,the metabolism of norgestimate can be increased when combined with etanercept.
db00005,etanercept,pantoprazole,the metabolism of pantoprazole can be increased when combined with etanercept.
db00005,etanercept,citalopram,the metabolism of citalopram can be increased when combined with etanercept.
db00005,etanercept,pentobarbital,the metabolism of pentobarbital can be increased when combined with etanercept.
db00005,etanercept,omeprazole,the metabolism of omeprazole can be increased when combined with etanercept.
db00005,etanercept,trimethadione,the metabolism of trimethadione can be increased when combined with etanercept.
db00005,etanercept,carisoprodol,the metabolism of carisoprodol can be increased when combined with etanercept.
db00005,etanercept,lansoprazole,the metabolism of lansoprazole can be increased when combined with etanercept.
db00005,etanercept,voriconazole,the metabolism of voriconazole can be increased when combined with etanercept.
db00005,etanercept,thioridazine,the metabolism of thioridazine can be increased when combined with etanercept.
db00005,etanercept,esomeprazole,the metabolism of esomeprazole can be increased when combined with etanercept.
db00005,etanercept,primidone,the metabolism of primidone can be increased when combined with etanercept.
db00005,etanercept,zonisamide,the metabolism of zonisamide can be increased when combined with etanercept.
db00005,etanercept,rabeprazole,the metabolism of rabeprazole can be increased when combined with etanercept.
db00005,etanercept,proguanil,the metabolism of proguanil can be increased when combined with etanercept.
db00005,etanercept,escitalopram,the metabolism of escitalopram can be increased when combined with etanercept.
db00005,etanercept,lapatinib,the metabolism of lapatinib can be increased when combined with etanercept.
db00005,etanercept,st. johns wort,the metabolism of st. johns wort can be increased when combined with etanercept.
db00005,etanercept,hexobarbital,the metabolism of hexobarbital can be increased when combined with etanercept.
db00005,etanercept,barbital,the metabolism of barbital can be increased when combined with etanercept.
db00005,etanercept,methsuximide,the metabolism of methsuximide can be increased when combined with etanercept.
db00005,etanercept,dexlansoprazole,the metabolism of dexlansoprazole can be increased when combined with etanercept.
db00005,etanercept,lacosamide,the metabolism of lacosamide can be increased when combined with etanercept.
db00005,etanercept,etravirine,the metabolism of etravirine can be increased when combined with etanercept.
db00005,etanercept,apixaban,the metabolism of apixaban can be increased when combined with etanercept.
db00005,etanercept,etizolam,the metabolism of etizolam can be increased when combined with etanercept.
db00005,etanercept,lynestrenol,the metabolism of lynestrenol can be increased when combined with etanercept.
db00005,etanercept,dexrabeprazole,the metabolism of dexrabeprazole can be increased when combined with etanercept.
db00005,etanercept,(s)-warfarin,the metabolism of (s)-warfarin can be increased when combined with etanercept.
db00005,etanercept,paroxetine,the metabolism of paroxetine can be increased when combined with etanercept.
db00005,etanercept,fedratinib,the metabolism of fedratinib can be increased when combined with etanercept.
db00005,etanercept,nebivolol,the metabolism of nebivolol can be increased when combined with etanercept.
db00005,etanercept,vilazodone,the metabolism of vilazodone can be increased when combined with etanercept.
db00005,etanercept,sertraline,the metabolism of sertraline can be increased when combined with etanercept.
db00005,etanercept,esketamine,the metabolism of esketamine can be increased when combined with etanercept.
db00005,etanercept,nilutamide,the metabolism of nilutamide can be increased when combined with etanercept.
db00005,etanercept,moclobemide,the metabolism of moclobemide can be increased when combined with etanercept.
db00005,etanercept,rilpivirine,the metabolism of rilpivirine can be increased when combined with etanercept.
db00005,etanercept,phenytoin,the metabolism of phenytoin can be increased when combined with etanercept.
db00005,etanercept,thiopental,the metabolism of thiopental can be increased when combined with etanercept.
db00005,etanercept,phenobarbital,the metabolism of phenobarbital can be increased when combined with etanercept.
db00005,etanercept,fosphenytoin,the metabolism of fosphenytoin can be increased when combined with etanercept.
db00005,etanercept,trimipramine,the metabolism of trimipramine can be increased when combined with etanercept.
db00005,etanercept,amodiaquine,the metabolism of amodiaquine can be increased when combined with etanercept.
db00005,etanercept,tazarotene,the metabolism of tazarotene can be increased when combined with etanercept.
db00005,etanercept,beraprost,the metabolism of beraprost can be increased when combined with etanercept.
db00005,etanercept,muraglitazar,the metabolism of muraglitazar can be increased when combined with etanercept.
db00005,etanercept,ombitasvir,the metabolism of ombitasvir can be increased when combined with etanercept.
db00005,etanercept,anastrozole,the metabolism of anastrozole can be increased when combined with etanercept.
db00005,etanercept,diethylstilbestrol,the metabolism of diethylstilbestrol can be increased when combined with etanercept.
db00005,etanercept,morphine,the metabolism of morphine can be increased when combined with etanercept.
db00005,etanercept,sulfadiazine,the metabolism of sulfadiazine can be increased when combined with etanercept.
db00005,etanercept,eszopiclone,the metabolism of eszopiclone can be increased when combined with etanercept.
db00005,etanercept,nicardipine,the metabolism of nicardipine can be increased when combined with etanercept.
db00005,etanercept,repaglinide,the metabolism of repaglinide can be increased when combined with etanercept.
db00005,etanercept,sitagliptin,the metabolism of sitagliptin can be increased when combined with etanercept.
db00005,etanercept,odanacatib,the metabolism of odanacatib can be increased when combined with etanercept.
db00005,etanercept,capravirine,the metabolism of capravirine can be increased when combined with etanercept.
db00005,etanercept,riociguat,the metabolism of riociguat can be increased when combined with etanercept.
db00005,etanercept,lobeglitazone,the metabolism of lobeglitazone can be increased when combined with etanercept.
db00005,etanercept,netoglitazone,the metabolism of netoglitazone can be increased when combined with etanercept.
db00005,etanercept,rivoglitazone,the metabolism of rivoglitazone can be increased when combined with etanercept.
db00005,etanercept,ciglitazone,the metabolism of ciglitazone can be increased when combined with etanercept.
db00005,etanercept,selexipag,the metabolism of selexipag can be increased when combined with etanercept.
db00005,etanercept,apalutamide,the metabolism of apalutamide can be increased when combined with etanercept.
db00005,etanercept,glasdegib,the metabolism of glasdegib can be increased when combined with etanercept.
db00005,etanercept,balaglitazone,the metabolism of balaglitazone can be increased when combined with etanercept.
db00005,etanercept,pioglitazone,the metabolism of pioglitazone can be increased when combined with etanercept.
db00005,etanercept,tucatinib,the metabolism of tucatinib can be increased when combined with etanercept.
db00005,etanercept,finerenone,the metabolism of finerenone can be increased when combined with etanercept.
db00005,etanercept,phenprocoumon,the metabolism of phenprocoumon can be increased when combined with etanercept.
db00005,etanercept,paclitaxel,the metabolism of paclitaxel can be increased when combined with etanercept.
db00005,etanercept,cabazitaxel,the metabolism of cabazitaxel can be increased when combined with etanercept.
db00005,etanercept,valsartan,the metabolism of valsartan can be increased when combined with etanercept.
db00005,etanercept,troglitazone,the metabolism of troglitazone can be increased when combined with etanercept.
db00005,etanercept,torasemide,the metabolism of torasemide can be increased when combined with etanercept.
db00005,etanercept,glimepiride,the metabolism of glimepiride can be increased when combined with etanercept.
db00005,etanercept,venlafaxine,the metabolism of venlafaxine can be increased when combined with etanercept.
db00005,etanercept,desogestrel,the metabolism of desogestrel can be increased when combined with etanercept.
db00005,etanercept,bexarotene,the metabolism of bexarotene can be increased when combined with etanercept.
db00005,etanercept,hydromorphone,the metabolism of hydromorphone can be increased when combined with etanercept.
db00005,etanercept,indomethacin,the metabolism of indomethacin can be increased when combined with etanercept.
db00005,etanercept,diltiazem,the metabolism of diltiazem can be increased when combined with etanercept.
db00005,etanercept,treprostinil,the metabolism of treprostinil can be increased when combined with etanercept.
db00005,etanercept,rosiglitazone,the metabolism of rosiglitazone can be increased when combined with etanercept.
db00005,etanercept,acetohexamide,the metabolism of acetohexamide can be increased when combined with etanercept.
db00005,etanercept,promazine,the metabolism of promazine can be increased when combined with etanercept.
db00005,etanercept,trimethoprim,the metabolism of trimethoprim can be increased when combined with etanercept.
db00005,etanercept,nabumetone,the metabolism of nabumetone can be increased when combined with etanercept.
db00005,etanercept,quinine,the metabolism of quinine can be increased when combined with etanercept.
db00005,etanercept,tenoxicam,the metabolism of tenoxicam can be increased when combined with etanercept.
db00005,etanercept,fluoxetine,the metabolism of fluoxetine can be increased when combined with etanercept.
db00005,etanercept,duloxetine,the metabolism of duloxetine can be increased when combined with etanercept.
db00005,etanercept,celecoxib,the metabolism of celecoxib can be increased when combined with etanercept.
db00005,etanercept,zidovudine,the metabolism of zidovudine can be increased when combined with etanercept.
db00005,etanercept,haloperidol,the metabolism of haloperidol can be increased when combined with etanercept.
db00005,etanercept,rofecoxib,the metabolism of rofecoxib can be increased when combined with etanercept.
db00005,etanercept,zafirlukast,the metabolism of zafirlukast can be increased when combined with etanercept.
db00005,etanercept,piroxicam,the metabolism of piroxicam can be increased when combined with etanercept.
db00005,etanercept,bosentan,the metabolism of bosentan can be increased when combined with etanercept.
db00005,etanercept,cinnarizine,the metabolism of cinnarizine can be increased when combined with etanercept.
db00005,etanercept,valdecoxib,the metabolism of valdecoxib can be increased when combined with etanercept.
db00005,etanercept,diclofenac,the metabolism of diclofenac can be increased when combined with etanercept.
db00005,etanercept,paramethadione,the metabolism of paramethadione can be increased when combined with etanercept.
db00005,etanercept,verapamil,the metabolism of verapamil can be increased when combined with etanercept.
db00005,etanercept,chlorpropamide,the metabolism of chlorpropamide can be increased when combined with etanercept.
db00005,etanercept,losartan,the metabolism of losartan can be increased when combined with etanercept.
db00005,etanercept,amprenavir,the metabolism of amprenavir can be increased when combined with etanercept.
db00005,etanercept,flurbiprofen,the metabolism of flurbiprofen can be increased when combined with etanercept.
db00005,etanercept,nateglinide,the metabolism of nateglinide can be increased when combined with etanercept.
db00005,etanercept,zileuton,the metabolism of zileuton can be increased when combined with etanercept.
db00005,etanercept,etodolac,the metabolism of etodolac can be increased when combined with etanercept.
db00005,etanercept,tretinoin,the metabolism of tretinoin can be increased when combined with etanercept.
db00005,etanercept,clopidogrel,the metabolism of clopidogrel can be increased when combined with etanercept.
db00005,etanercept,estradiol,the metabolism of estradiol can be increased when combined with etanercept.
db00005,etanercept,mefenamic acid,the metabolism of mefenamic acid can be increased when combined with etanercept.
db00005,etanercept,naproxen,the metabolism of naproxen can be increased when combined with etanercept.
db00005,etanercept,candesartan cilexetil,the metabolism of candesartan cilexetil can be increased when combined with etanercept.
db00005,etanercept,phenylbutazone,the metabolism of phenylbutazone can be increased when combined with etanercept.
db00005,etanercept,meloxicam,the metabolism of meloxicam can be increased when combined with etanercept.
db00005,etanercept,tolazamide,the metabolism of tolazamide can be increased when combined with etanercept.
db00005,etanercept,donepezil,the metabolism of donepezil can be increased when combined with etanercept.
db00005,etanercept,terbinafine,the metabolism of terbinafine can be increased when combined with etanercept.
db00005,etanercept,ondansetron,the metabolism of ondansetron can be increased when combined with etanercept.
db00005,etanercept,buprenorphine,the metabolism of buprenorphine can be increased when combined with etanercept.
db00005,etanercept,salicylic acid,the metabolism of salicylic acid can be increased when combined with etanercept.
db00005,etanercept,acetylsalicylic acid,the metabolism of acetylsalicylic acid can be increased when combined with etanercept.
db00005,etanercept,alosetron,the metabolism of alosetron can be increased when combined with etanercept.
db00005,etanercept,azelastine,the metabolism of azelastine can be increased when combined with etanercept.
db00005,etanercept,ramelteon,the metabolism of ramelteon can be increased when combined with etanercept.
db00005,etanercept,glyburide,the metabolism of glyburide can be increased when combined with etanercept.
db00005,etanercept,irbesartan,the metabolism of irbesartan can be increased when combined with etanercept.
db00005,etanercept,tolterodine,the metabolism of tolterodine can be increased when combined with etanercept.
db00005,etanercept,selegiline,the metabolism of selegiline can be increased when combined with etanercept.
db00005,etanercept,thalidomide,the metabolism of thalidomide can be increased when combined with etanercept.
db00005,etanercept,ibuprofen,the metabolism of ibuprofen can be increased when combined with etanercept.
db00005,etanercept,glipizide,the metabolism of glipizide can be increased when combined with etanercept.
db00005,etanercept,atazanavir,the metabolism of atazanavir can be increased when combined with etanercept.
db00005,etanercept,diphenhydramine,the metabolism of diphenhydramine can be increased when combined with etanercept.
db00005,etanercept,fluvastatin,the metabolism of fluvastatin can be increased when combined with etanercept.
db00005,etanercept,rosuvastatin,the metabolism of rosuvastatin can be increased when combined with etanercept.
db00005,etanercept,gliclazide,the metabolism of gliclazide can be increased when combined with etanercept.
db00005,etanercept,tolbutamide,the metabolism of tolbutamide can be increased when combined with etanercept.
db00005,etanercept,carvedilol,the metabolism of carvedilol can be increased when combined with etanercept.
db00005,etanercept,thiamylal,the metabolism of thiamylal can be increased when combined with etanercept.
db00005,etanercept,idarubicin,the metabolism of idarubicin can be increased when combined with etanercept.
db00005,etanercept,zopiclone,the metabolism of zopiclone can be increased when combined with etanercept.
db00005,etanercept,gliquidone,the metabolism of gliquidone can be increased when combined with etanercept.
db00005,etanercept,lumiracoxib,the metabolism of lumiracoxib can be increased when combined with etanercept.
db00005,etanercept,glisoxepide,the metabolism of glisoxepide can be increased when combined with etanercept.
db00005,etanercept,mestranol,the metabolism of mestranol can be increased when combined with etanercept.
db00005,etanercept,aminophenazone,the metabolism of aminophenazone can be increased when combined with etanercept.
db00005,etanercept,antipyrine,the metabolism of antipyrine can be increased when combined with etanercept.
db00005,etanercept,etoricoxib,the metabolism of etoricoxib can be increased when combined with etanercept.
db00005,etanercept,doconexent,the metabolism of doconexent can be increased when combined with etanercept.
db00005,etanercept,phenacetin,the metabolism of phenacetin can be increased when combined with etanercept.
db00005,etanercept,arachidonic acid,the metabolism of arachidonic acid can be increased when combined with etanercept.
db00005,etanercept,estrone sulfate,the metabolism of estrone sulfate can be increased when combined with etanercept.
db00005,etanercept,coumarin,the metabolism of coumarin can be increased when combined with etanercept.
db00005,etanercept,licofelone,the metabolism of licofelone can be increased when combined with etanercept.
db00005,etanercept,flunarizine,the metabolism of flunarizine can be increased when combined with etanercept.
db00005,etanercept,ximelagatran,the metabolism of ximelagatran can be increased when combined with etanercept.
db00005,etanercept,sitaxentan,the metabolism of sitaxentan can be increased when combined with etanercept.
db00005,etanercept,indisulam,the metabolism of indisulam can be increased when combined with etanercept.
db00005,etanercept,vicriviroc,the metabolism of vicriviroc can be increased when combined with etanercept.
db00005,etanercept,lornoxicam,the metabolism of lornoxicam can be increased when combined with etanercept.
db00005,etanercept,zaltoprofen,the metabolism of zaltoprofen can be increased when combined with etanercept.
db00005,etanercept,niclosamide,the metabolism of niclosamide can be increased when combined with etanercept.
db00005,etanercept,tranilast,the metabolism of tranilast can be increased when combined with etanercept.
db00005,etanercept,parecoxib,the metabolism of parecoxib can be increased when combined with etanercept.
db00005,etanercept,enzalutamide,the metabolism of enzalutamide can be increased when combined with etanercept.
db00005,etanercept,glibornuride,the metabolism of glibornuride can be increased when combined with etanercept.
db00005,etanercept,netupitant,the metabolism of netupitant can be increased when combined with etanercept.
db00005,etanercept,cannabidiol,the metabolism of cannabidiol can be increased when combined with etanercept.
db00005,etanercept,olodaterol,the metabolism of olodaterol can be increased when combined with etanercept.
db00005,etanercept,propacetamol,the metabolism of propacetamol can be increased when combined with etanercept.
db00005,etanercept,lesinurad,the metabolism of lesinurad can be increased when combined with etanercept.
db00005,etanercept,rupatadine,the metabolism of rupatadine can be increased when combined with etanercept.
db00005,etanercept,carbutamide,the metabolism of carbutamide can be increased when combined with etanercept.
db00005,etanercept,metahexamide,the metabolism of metahexamide can be increased when combined with etanercept.
db00005,etanercept,candesartan,the metabolism of candesartan can be increased when combined with etanercept.
db00005,etanercept,piperaquine,the metabolism of piperaquine can be increased when combined with etanercept.
db00005,etanercept,estradiol acetate,the metabolism of estradiol acetate can be increased when combined with etanercept.
db00005,etanercept,estradiol benzoate,the metabolism of estradiol benzoate can be increased when combined with etanercept.
db00005,etanercept,estradiol cypionate,the metabolism of estradiol cypionate can be increased when combined with etanercept.
db00005,etanercept,estradiol dienanthate,the metabolism of estradiol dienanthate can be increased when combined with etanercept.
db00005,etanercept,estradiol valerate,the metabolism of estradiol valerate can be increased when combined with etanercept.
db00005,etanercept,medical cannabis,the metabolism of medical cannabis can be increased when combined with etanercept.
db00005,etanercept,nabiximols,the metabolism of nabiximols can be increased when combined with etanercept.
db00005,etanercept,diazepam,the metabolism of diazepam can be increased when combined with etanercept.
db00005,etanercept,dextromethorphan,the metabolism of dextromethorphan can be increased when combined with etanercept.
db00005,etanercept,dronabinol,the metabolism of dronabinol can be increased when combined with etanercept.
db00005,etanercept,dexibuprofen,the metabolism of dexibuprofen can be increased when combined with etanercept.
db00005,etanercept,ketorolac,the metabolism of ketorolac can be increased when combined with etanercept.
db00005,etanercept,avapritinib,the metabolism of avapritinib can be increased when combined with etanercept.
db00005,etanercept,doxepin,the metabolism of doxepin can be increased when combined with etanercept.
db00005,etanercept,eletriptan,the metabolism of eletriptan can be increased when combined with etanercept.
db00005,etanercept,imatinib,the metabolism of imatinib can be increased when combined with etanercept.
db00005,etanercept,lonafarnib,the metabolism of lonafarnib can be increased when combined with etanercept.
db00005,etanercept,avanafil,the metabolism of avanafil can be increased when combined with etanercept.
db00005,etanercept,capecitabine,the metabolism of capecitabine can be increased when combined with etanercept.
db00005,etanercept,dicoumarol,the metabolism of dicoumarol can be increased when combined with etanercept.
db00005,etanercept,fluindione,the metabolism of fluindione can be increased when combined with etanercept.
db00005,etanercept,cabozantinib,the metabolism of cabozantinib can be increased when combined with etanercept.
db00005,etanercept,siponimod,the metabolism of siponimod can be increased when combined with etanercept.
db00005,etanercept,quetiapine,the metabolism of quetiapine can be increased when combined with etanercept.
db00005,etanercept,amphetamine,the metabolism of amphetamine can be increased when combined with etanercept.
db00005,etanercept,esmolol,the metabolism of esmolol can be increased when combined with etanercept.
db00005,etanercept,benzatropine,the metabolism of benzatropine can be increased when combined with etanercept.
db00005,etanercept,atomoxetine,the metabolism of atomoxetine can be increased when combined with etanercept.
db00005,etanercept,atenolol,the metabolism of atenolol can be increased when combined with etanercept.
db00005,etanercept,timolol,the metabolism of timolol can be increased when combined with etanercept.
db00005,etanercept,remoxipride,the metabolism of remoxipride can be increased when combined with etanercept.
db00005,etanercept,piperazine,the metabolism of piperazine can be increased when combined with etanercept.
db00005,etanercept,nicergoline,the metabolism of nicergoline can be increased when combined with etanercept.
db00005,etanercept,meclizine,the metabolism of meclizine can be increased when combined with etanercept.
db00005,etanercept,minaprine,the metabolism of minaprine can be increased when combined with etanercept.
db00005,etanercept,alprenolol,the metabolism of alprenolol can be increased when combined with etanercept.
db00005,etanercept,phenformin,the metabolism of phenformin can be increased when combined with etanercept.
db00005,etanercept,mesoridazine,the metabolism of mesoridazine can be increased when combined with etanercept.
db00005,etanercept,pindolol,the metabolism of pindolol can be increased when combined with etanercept.
db00005,etanercept,mequitazine,the metabolism of mequitazine can be increased when combined with etanercept.
db00005,etanercept,tegaserod,the metabolism of tegaserod can be increased when combined with etanercept.
db00005,etanercept,acebutolol,the metabolism of acebutolol can be increased when combined with etanercept.
db00005,etanercept,nadolol,the metabolism of nadolol can be increased when combined with etanercept.
db00005,etanercept,encainide,the metabolism of encainide can be increased when combined with etanercept.
db00005,etanercept,metoclopramide,the metabolism of metoclopramide can be increased when combined with etanercept.
db00005,etanercept,bevantolol,the metabolism of bevantolol can be increased when combined with etanercept.
db00005,etanercept,practolol,the metabolism of practolol can be increased when combined with etanercept.
db00005,etanercept,penbutolol,the metabolism of penbutolol can be increased when combined with etanercept.
db00005,etanercept,methotrimeprazine,the metabolism of methotrimeprazine can be increased when combined with etanercept.
db00005,etanercept,aprindine,the metabolism of aprindine can be increased when combined with etanercept.
db00005,etanercept,midomafetamine,the metabolism of midomafetamine can be increased when combined with etanercept.
db00005,etanercept,4-methoxyamphetamine,the metabolism of 4-methoxyamphetamine can be increased when combined with etanercept.
db00005,etanercept,dextroamphetamine,the metabolism of dextroamphetamine can be increased when combined with etanercept.
db00005,etanercept,metamfetamine,the metabolism of metamfetamine can be increased when combined with etanercept.
db00005,etanercept,oxprenolol,the metabolism of oxprenolol can be increased when combined with etanercept.
db00005,etanercept,debrisoquine,the metabolism of debrisoquine can be increased when combined with etanercept.
db00005,etanercept,tetrabenazine,the metabolism of tetrabenazine can be increased when combined with etanercept.
db00005,etanercept,celiprolol,the metabolism of celiprolol can be increased when combined with etanercept.
db00005,etanercept,vernakalant,the metabolism of vernakalant can be increased when combined with etanercept.
db00005,etanercept,repinotan,the metabolism of repinotan can be increased when combined with etanercept.
db00005,etanercept,tafenoquine,the metabolism of tafenoquine can be increased when combined with etanercept.
db00005,etanercept,esmirtazapine,the metabolism of esmirtazapine can be increased when combined with etanercept.
db00005,etanercept,bufuralol,the metabolism of bufuralol can be increased when combined with etanercept.
db00005,etanercept,sparteine,the metabolism of sparteine can be increased when combined with etanercept.
db00005,etanercept,enclomiphene,the metabolism of enclomiphene can be increased when combined with etanercept.
db00005,etanercept,bopindolol,the metabolism of bopindolol can be increased when combined with etanercept.
db00005,etanercept,bupranolol,the metabolism of bupranolol can be increased when combined with etanercept.
db00005,etanercept,indenolol,the metabolism of indenolol can be increased when combined with etanercept.
db00005,etanercept,umeclidinium,the metabolism of umeclidinium can be increased when combined with etanercept.
db00005,etanercept,arotinolol,the metabolism of arotinolol can be increased when combined with etanercept.
db00005,etanercept,levobetaxolol,the metabolism of levobetaxolol can be increased when combined with etanercept.
db00005,etanercept,talinolol,the metabolism of talinolol can be increased when combined with etanercept.
db00005,etanercept,anisodamine,the metabolism of anisodamine can be increased when combined with etanercept.
db00005,etanercept,revefenacin,the metabolism of revefenacin can be increased when combined with etanercept.
db00005,etanercept,elagolix,the metabolism of elagolix can be increased when combined with etanercept.
db00005,etanercept,landiolol,the metabolism of landiolol can be increased when combined with etanercept.
db00005,etanercept,bucindolol,the metabolism of bucindolol can be increased when combined with etanercept.
db00005,etanercept,esatenolol,the metabolism of esatenolol can be increased when combined with etanercept.
db00005,etanercept,cloranolol,the metabolism of cloranolol can be increased when combined with etanercept.
db00005,etanercept,mepindolol,the metabolism of mepindolol can be increased when combined with etanercept.
db00005,etanercept,dexchlorpheniramine,the metabolism of dexchlorpheniramine can be increased when combined with etanercept.
db00005,etanercept,epanolol,the metabolism of epanolol can be increased when combined with etanercept.
db00005,etanercept,tertatolol,the metabolism of tertatolol can be increased when combined with etanercept.
db00005,etanercept,perphenazine,the metabolism of perphenazine can be increased when combined with etanercept.
db00005,etanercept,butyrfentanyl,the metabolism of butyrfentanyl can be increased when combined with etanercept.
db00005,etanercept,lidocaine,the metabolism of lidocaine can be increased when combined with etanercept.
db00005,etanercept,labetalol,the metabolism of labetalol can be increased when combined with etanercept.
db00005,etanercept,"5-methoxy-n,n-dimethyltryptamine","the metabolism of 5-methoxy-n,n-dimethyltryptamine can be increased when combined with etanercept."
db00005,etanercept,ciclesonide,the metabolism of ciclesonide can be increased when combined with etanercept.
db00005,etanercept,hydroxychloroquine,the metabolism of hydroxychloroquine can be increased when combined with etanercept.
db00005,etanercept,almotriptan,the metabolism of almotriptan can be increased when combined with etanercept.
db00005,etanercept,perospirone,the metabolism of perospirone can be increased when combined with etanercept.
db00005,etanercept,dasabuvir,the metabolism of dasabuvir can be increased when combined with etanercept.
db00005,etanercept,cevimeline,the metabolism of cevimeline can be increased when combined with etanercept.
db00005,etanercept,ranolazine,the metabolism of ranolazine can be increased when combined with etanercept.
db00005,etanercept,bupivacaine,the metabolism of bupivacaine can be increased when combined with etanercept.
db00005,etanercept,codeine,the metabolism of codeine can be increased when combined with etanercept.
db00005,etanercept,palonosetron,the metabolism of palonosetron can be increased when combined with etanercept.
db00005,etanercept,lisuride,the metabolism of lisuride can be increased when combined with etanercept.
db00005,etanercept,dextropropoxyphene,the metabolism of dextropropoxyphene can be increased when combined with etanercept.
db00005,etanercept,galantamine,the metabolism of galantamine can be increased when combined with etanercept.
db00005,etanercept,delavirdine,the metabolism of delavirdine can be increased when combined with etanercept.
db00005,etanercept,tamsulosin,the metabolism of tamsulosin can be increased when combined with etanercept.
db00005,etanercept,dolasetron,the metabolism of dolasetron can be increased when combined with etanercept.
db00005,etanercept,nefazodone,the metabolism of nefazodone can be increased when combined with etanercept.
db00005,etanercept,oxymorphone,the metabolism of oxymorphone can be increased when combined with etanercept.
db00005,etanercept,bepridil,the metabolism of bepridil can be increased when combined with etanercept.
db00005,etanercept,yohimbine,the metabolism of yohimbine can be increased when combined with etanercept.
db00005,etanercept,tiotropium,the metabolism of tiotropium can be increased when combined with etanercept.
db00005,etanercept,dihydrocodeine,the metabolism of dihydrocodeine can be increased when combined with etanercept.
db00005,etanercept,solifenacin,the metabolism of solifenacin can be increased when combined with etanercept.
db00005,etanercept,pipotiazine,the metabolism of pipotiazine can be increased when combined with etanercept.
db00005,etanercept,fusidic acid,the metabolism of fusidic acid can be increased when combined with etanercept.
db00005,etanercept,lysergic acid diethylamide,the metabolism of lysergic acid diethylamide can be increased when combined with etanercept.
db00005,etanercept,dapoxetine,the metabolism of dapoxetine can be increased when combined with etanercept.
db00005,etanercept,tesmilifene,the metabolism of tesmilifene can be increased when combined with etanercept.
db00005,etanercept,clevidipine,the metabolism of clevidipine can be increased when combined with etanercept.
db00005,etanercept,rotigotine,the metabolism of rotigotine can be increased when combined with etanercept.
db00005,etanercept,sertindole,the metabolism of sertindole can be increased when combined with etanercept.
db00005,etanercept,alogliptin,the metabolism of alogliptin can be increased when combined with etanercept.
db00005,etanercept,fesoterodine,the metabolism of fesoterodine can be increased when combined with etanercept.
db00005,etanercept,mirabegron,the metabolism of mirabegron can be increased when combined with etanercept.
db00005,etanercept,brexpiprazole,the metabolism of brexpiprazole can be increased when combined with etanercept.
db00005,etanercept,lorpiprazole,the metabolism of lorpiprazole can be increased when combined with etanercept.
db00005,etanercept,dexchlorpheniramine maleate,the metabolism of dexchlorpheniramine maleate can be increased when combined with etanercept.
db00005,etanercept,opium,the metabolism of opium can be increased when combined with etanercept.
db00005,etanercept,pitolisant,the metabolism of pitolisant can be increased when combined with etanercept.
db00005,etanercept,ipecac,the metabolism of ipecac can be increased when combined with etanercept.
db00005,etanercept,darifenacin,the metabolism of darifenacin can be increased when combined with etanercept.
db00005,etanercept,tipranavir,the metabolism of tipranavir can be increased when combined with etanercept.
db00005,etanercept,eliglustat,the metabolism of eliglustat can be increased when combined with etanercept.
db00005,etanercept,oliceridine,the metabolism of oliceridine can be increased when combined with etanercept.
db00005,etanercept,ibrutinib,the metabolism of ibrutinib can be increased when combined with etanercept.
db00005,etanercept,encorafenib,the metabolism of encorafenib can be increased when combined with etanercept.
db00005,etanercept,terfenadine,the metabolism of terfenadine can be increased when combined with etanercept.
db00005,etanercept,ticlopidine,the metabolism of ticlopidine can be increased when combined with etanercept.
db00005,etanercept,metoprolol,the metabolism of metoprolol can be increased when combined with etanercept.
db00005,etanercept,prochlorperazine,the metabolism of prochlorperazine can be increased when combined with etanercept.
db00005,etanercept,sotalol,the metabolism of sotalol can be increased when combined with etanercept.
db00005,etanercept,procainamide,the metabolism of procainamide can be increased when combined with etanercept.
db00005,etanercept,flecainide,the metabolism of flecainide can be increased when combined with etanercept.
db00005,etanercept,amitriptyline,the metabolism of amitriptyline can be increased when combined with etanercept.
db00005,etanercept,astemizole,the metabolism of astemizole can be increased when combined with etanercept.
db00005,etanercept,amoxapine,the metabolism of amoxapine can be increased when combined with etanercept.
db00005,etanercept,nortriptyline,the metabolism of nortriptyline can be increased when combined with etanercept.
db00005,etanercept,desipramine,the metabolism of desipramine can be increased when combined with etanercept.
db00005,etanercept,enflurane,the metabolism of enflurane can be increased when combined with etanercept.
db00005,etanercept,nilvadipine,the metabolism of nilvadipine can be increased when combined with etanercept.
db00005,etanercept,aniline,the metabolism of aniline can be increased when combined with etanercept.
db00005,etanercept,felbamate,the metabolism of felbamate can be increased when combined with etanercept.
db00005,etanercept,ethosuximide,the metabolism of ethosuximide can be increased when combined with etanercept.
db00005,etanercept,azithromycin,the metabolism of azithromycin can be increased when combined with etanercept.
db00005,etanercept,cephalexin,the metabolism of cephalexin can be increased when combined with etanercept.
db00005,etanercept,doxazosin,the metabolism of doxazosin can be increased when combined with etanercept.
db00005,etanercept,fenofibrate,the metabolism of fenofibrate can be increased when combined with etanercept.
db00005,etanercept,drospirenone,the metabolism of drospirenone can be increased when combined with etanercept.
db00005,etanercept,allylestrenol,the metabolism of allylestrenol can be increased when combined with etanercept.
db00005,etanercept,zuclopenthixol,the metabolism of zuclopenthixol can be increased when combined with etanercept.
db00005,etanercept,linagliptin,the metabolism of linagliptin can be increased when combined with etanercept.
db00005,etanercept,vorapaxar,the metabolism of vorapaxar can be increased when combined with etanercept.
db00005,etanercept,suvorexant,the metabolism of suvorexant can be increased when combined with etanercept.
db00005,etanercept,nintedanib,the metabolism of nintedanib can be increased when combined with etanercept.
db00005,etanercept,tenofovir alafenamide,the metabolism of tenofovir alafenamide can be increased when combined with etanercept.
db00005,etanercept,dihydroergocornine,the metabolism of dihydroergocornine can be increased when combined with etanercept.
db00005,etanercept,duvelisib,the metabolism of duvelisib can be increased when combined with etanercept.
db00005,etanercept,gilteritinib,the metabolism of gilteritinib can be increased when combined with etanercept.
db00005,etanercept,9-aminocamptothecin,the metabolism of 9-aminocamptothecin can be increased when combined with etanercept.
db00005,etanercept,methylprednisone,the metabolism of methylprednisone can be increased when combined with etanercept.
db00005,etanercept,dihydroergocristine,the metabolism of dihydroergocristine can be increased when combined with etanercept.
db00005,etanercept,dihydroergocryptine,the metabolism of dihydroergocryptine can be increased when combined with etanercept.
db00005,etanercept,elexacaftor,the metabolism of elexacaftor can be increased when combined with etanercept.
db00005,etanercept,fosaprepitant,the metabolism of fosaprepitant can be increased when combined with etanercept.
db00005,etanercept,lefamulin,the metabolism of lefamulin can be increased when combined with etanercept.
db00005,etanercept,tazemetostat,the metabolism of tazemetostat can be increased when combined with etanercept.
db00005,etanercept,meperidine,the metabolism of meperidine can be increased when combined with etanercept.
db00005,etanercept,methysergide,the metabolism of methysergide can be increased when combined with etanercept.
db00005,etanercept,ebastine,the metabolism of ebastine can be increased when combined with etanercept.
db00005,etanercept,isavuconazole,the metabolism of isavuconazole can be increased when combined with etanercept.
db00005,etanercept,pretomanid,the metabolism of pretomanid can be increased when combined with etanercept.
db00005,etanercept,pimavanserin,the metabolism of pimavanserin can be increased when combined with etanercept.
db00005,etanercept,estetrol,the metabolism of estetrol can be increased when combined with etanercept.
db00005,etanercept,infigratinib,the metabolism of infigratinib can be increased when combined with etanercept.
db00005,etanercept,amiodarone,the metabolism of amiodarone can be increased when combined with etanercept.
db00005,etanercept,tamoxifen,the metabolism of tamoxifen can be increased when combined with etanercept.
db00005,etanercept,romidepsin,the metabolism of romidepsin can be increased when combined with etanercept.
db00005,etanercept,dofetilide,the metabolism of dofetilide can be increased when combined with etanercept.
db00005,etanercept,sirolimus,the metabolism of sirolimus can be increased when combined with etanercept.
db00005,etanercept,busulfan,the metabolism of busulfan can be increased when combined with etanercept.
db00005,etanercept,dasatinib,the metabolism of dasatinib can be increased when combined with etanercept.
db00005,etanercept,digitoxin,the metabolism of digitoxin can be increased when combined with etanercept.
db00005,etanercept,everolimus,the metabolism of everolimus can be increased when combined with etanercept.
db00005,etanercept,dronedarone,the metabolism of dronedarone can be increased when combined with etanercept.
db00005,etanercept,temsirolimus,the metabolism of temsirolimus can be increased when combined with etanercept.
db00005,etanercept,tianeptine,the metabolism of tianeptine can be increased when combined with etanercept.
db00005,etanercept,sorafenib,the metabolism of sorafenib can be increased when combined with etanercept.
db00005,etanercept,teniposide,the metabolism of teniposide can be increased when combined with etanercept.
db00005,etanercept,erlotinib,the metabolism of erlotinib can be increased when combined with etanercept.
db00005,etanercept,vincristine,the metabolism of vincristine can be increased when combined with etanercept.
db00005,etanercept,irinotecan,the metabolism of irinotecan can be increased when combined with etanercept.
db00005,etanercept,etoposide,the metabolism of etoposide can be increased when combined with etanercept.
db00005,etanercept,docetaxel,the metabolism of docetaxel can be increased when combined with etanercept.
db00005,etanercept,sunitinib,the metabolism of sunitinib can be increased when combined with etanercept.
db00005,etanercept,trastuzumab emtansine,the metabolism of trastuzumab emtansine can be increased when combined with etanercept.
db00005,etanercept,axitinib,the metabolism of axitinib can be increased when combined with etanercept.
db00005,etanercept,crizotinib,the metabolism of crizotinib can be increased when combined with etanercept.
db00005,etanercept,ponatinib,the metabolism of ponatinib can be increased when combined with etanercept.
db00005,etanercept,olaparib,the metabolism of olaparib can be increased when combined with etanercept.
db00005,etanercept,copanlisib,the metabolism of copanlisib can be increased when combined with etanercept.
db00005,etanercept,bortezomib,the metabolism of bortezomib can be increased when combined with etanercept.
db00005,etanercept,ifosfamide,the metabolism of ifosfamide can be increased when combined with etanercept.
db00005,etanercept,trabectedin,the metabolism of trabectedin can be increased when combined with etanercept.
db00005,etanercept,erdafitinib,the metabolism of erdafitinib can be increased when combined with etanercept.
db00005,etanercept,enasidenib,the metabolism of enasidenib can be increased when combined with etanercept.
db00005,etanercept,pazopanib,the metabolism of pazopanib can be increased when combined with etanercept.
db00005,etanercept,cobimetinib,the metabolism of cobimetinib can be increased when combined with etanercept.
db00005,etanercept,ceritinib,the metabolism of ceritinib can be increased when combined with etanercept.
db00005,etanercept,osimertinib,the metabolism of osimertinib can be increased when combined with etanercept.
db00005,etanercept,ribociclib,the metabolism of ribociclib can be increased when combined with etanercept.
db00005,etanercept,dacomitinib,the metabolism of dacomitinib can be increased when combined with etanercept.
db00005,etanercept,alpelisib,the metabolism of alpelisib can be increased when combined with etanercept.
db00005,etanercept,vindesine,the metabolism of vindesine can be increased when combined with etanercept.
db00005,etanercept,vinorelbine,the metabolism of vinorelbine can be increased when combined with etanercept.
db00005,etanercept,vinblastine,the metabolism of vinblastine can be increased when combined with etanercept.
db00005,etanercept,doxorubicin,the metabolism of doxorubicin can be increased when combined with etanercept.
db00005,etanercept,thiotepa,the metabolism of thiotepa can be increased when combined with etanercept.
db00005,etanercept,ixabepilone,the metabolism of ixabepilone can be increased when combined with etanercept.
db00005,etanercept,nilotinib,the metabolism of nilotinib can be increased when combined with etanercept.
db00005,etanercept,panobinostat,the metabolism of panobinostat can be increased when combined with etanercept.
db00005,etanercept,bosutinib,the metabolism of bosutinib can be increased when combined with etanercept.
db00005,etanercept,brentuximab vedotin,the metabolism of brentuximab vedotin can be increased when combined with etanercept.
db00005,etanercept,ruxolitinib,the metabolism of ruxolitinib can be increased when combined with etanercept.
db00005,etanercept,palbociclib,the metabolism of palbociclib can be increased when combined with etanercept.
db00005,etanercept,baricitinib,the risk or severity of adverse effects can be increased when etanercept is combined with baricitinib.
db00005,etanercept,dabrafenib,the metabolism of dabrafenib can be increased when combined with etanercept.
db00005,etanercept,brigatinib,the metabolism of brigatinib can be increased when combined with etanercept.
db00005,etanercept,methotrexate,the metabolism of methotrexate can be increased when combined with etanercept.
db00005,etanercept,lomitapide,the metabolism of lomitapide can be increased when combined with etanercept.
db00005,etanercept,vandetanib,the metabolism of vandetanib can be increased when combined with etanercept.
db00005,etanercept,vemurafenib,the metabolism of vemurafenib can be increased when combined with etanercept.
db00005,etanercept,alectinib,the metabolism of alectinib can be increased when combined with etanercept.
db00005,etanercept,venetoclax,the metabolism of venetoclax can be increased when combined with etanercept.
db00005,etanercept,vinflunine,the metabolism of vinflunine can be increased when combined with etanercept.
db00005,etanercept,acalabrutinib,the metabolism of acalabrutinib can be increased when combined with etanercept.
db00005,etanercept,zanubrutinib,the metabolism of zanubrutinib can be increased when combined with etanercept.
db00005,etanercept,cabergoline,the metabolism of cabergoline can be increased when combined with etanercept.
db00005,etanercept,midostaurin,the metabolism of midostaurin can be increased when combined with etanercept.
db00005,etanercept,sonidegib,the metabolism of sonidegib can be increased when combined with etanercept.
db00005,etanercept,neratinib,the metabolism of neratinib can be increased when combined with etanercept.
db00005,etanercept,entrectinib,the metabolism of entrectinib can be increased when combined with etanercept.
db00005,etanercept,pexidartinib,the metabolism of pexidartinib can be increased when combined with etanercept.
db00005,etanercept,ivosidenib,the metabolism of ivosidenib can be increased when combined with etanercept.
db00005,etanercept,idelalisib,the metabolism of idelalisib can be increased when combined with etanercept.
db00005,etanercept,ixazomib,the metabolism of ixazomib can be increased when combined with etanercept.
db00005,etanercept,tolvaptan,the metabolism of tolvaptan can be increased when combined with etanercept.
db00005,etanercept,regorafenib,the metabolism of regorafenib can be increased when combined with etanercept.
db00005,etanercept,abemaciclib,the metabolism of abemaciclib can be increased when combined with etanercept.
db00005,etanercept,dihydroergotamine,the metabolism of dihydroergotamine can be increased when combined with etanercept.
db00005,etanercept,carbamazepine,the metabolism of carbamazepine can be increased when combined with etanercept.
db00005,etanercept,ergotamine,the metabolism of ergotamine can be increased when combined with etanercept.
db00005,etanercept,conivaptan,the metabolism of conivaptan can be increased when combined with etanercept.
db00005,etanercept,quinidine,the metabolism of quinidine can be increased when combined with etanercept.
db00005,etanercept,bicalutamide,the metabolism of bicalutamide can be increased when combined with etanercept.
db00005,etanercept,levacetylmethadol,the metabolism of levacetylmethadol can be increased when combined with etanercept.
db00005,etanercept,erythromycin,the metabolism of erythromycin can be increased when combined with etanercept.
db00005,etanercept,ziprasidone,the metabolism of ziprasidone can be increased when combined with etanercept.
db00005,etanercept,cerivastatin,the metabolism of cerivastatin can be increased when combined with etanercept.
db00005,etanercept,flutamide,the metabolism of flutamide can be increased when combined with etanercept.
db00005,etanercept,lercanidipine,the metabolism of lercanidipine can be increased when combined with etanercept.
db00005,etanercept,propranolol,the metabolism of propranolol can be increased when combined with etanercept.
db00005,etanercept,fluticasone propionate,the metabolism of fluticasone propionate can be increased when combined with etanercept.
db00005,etanercept,chloroquine,the metabolism of chloroquine can be increased when combined with etanercept.
db00005,etanercept,mycophenolate mofetil,the metabolism of mycophenolate mofetil can be increased when combined with etanercept.
db00005,etanercept,norethisterone,the metabolism of norethisterone can be increased when combined with etanercept.
db00005,etanercept,pentamidine,the metabolism of pentamidine can be increased when combined with etanercept.
db00005,etanercept,hydrocortisone,the metabolism of hydrocortisone can be increased when combined with etanercept.
db00005,etanercept,disulfiram,the metabolism of disulfiram can be increased when combined with etanercept.
db00005,etanercept,mifepristone,the metabolism of mifepristone can be increased when combined with etanercept.
db00005,etanercept,salmeterol,the metabolism of salmeterol can be increased when combined with etanercept.
db00005,etanercept,zaleplon,the metabolism of zaleplon can be increased when combined with etanercept.
db00005,etanercept,telithromycin,the metabolism of telithromycin can be increased when combined with etanercept.
db00005,etanercept,nitrendipine,the metabolism of nitrendipine can be increased when combined with etanercept.
db00005,etanercept,praziquantel,the metabolism of praziquantel can be increased when combined with etanercept.
db00005,etanercept,oxybutynin,the metabolism of oxybutynin can be increased when combined with etanercept.
db00005,etanercept,atorvastatin,the metabolism of atorvastatin can be increased when combined with etanercept.
db00005,etanercept,quinacrine,the metabolism of quinacrine can be increased when combined with etanercept.
db00005,etanercept,nifedipine,the metabolism of nifedipine can be increased when combined with etanercept.
db00005,etanercept,dutasteride,the metabolism of dutasteride can be increased when combined with etanercept.
db00005,etanercept,cilostazol,the metabolism of cilostazol can be increased when combined with etanercept.
db00005,etanercept,domperidone,the metabolism of domperidone can be increased when combined with etanercept.
db00005,etanercept,clarithromycin,the metabolism of clarithromycin can be increased when combined with etanercept.
db00005,etanercept,finasteride,the metabolism of finasteride can be increased when combined with etanercept.
db00005,etanercept,halofantrine,the metabolism of halofantrine can be increased when combined with etanercept.
db00005,etanercept,telaprevir,the metabolism of telaprevir can be increased when combined with etanercept.
db00005,etanercept,udenafil,the metabolism of udenafil can be increased when combined with etanercept.
db00005,etanercept,saxagliptin,the metabolism of saxagliptin can be increased when combined with etanercept.
db00005,etanercept,ambrisentan,the metabolism of ambrisentan can be increased when combined with etanercept.
db00005,etanercept,cethromycin,the metabolism of cethromycin can be increased when combined with etanercept.
db00005,etanercept,hydroxyprogesterone caproate,the metabolism of hydroxyprogesterone caproate can be increased when combined with etanercept.
db00005,etanercept,ivacaftor,the metabolism of ivacaftor can be increased when combined with etanercept.
db00005,etanercept,boceprevir,the metabolism of boceprevir can be increased when combined with etanercept.
db00005,etanercept,perampanel,the metabolism of perampanel can be increased when combined with etanercept.
db00005,etanercept,fluticasone furoate,the metabolism of fluticasone furoate can be increased when combined with etanercept.
db00005,etanercept,cobicistat,the metabolism of cobicistat can be increased when combined with etanercept.
db00005,etanercept,daclatasvir,the metabolism of daclatasvir can be increased when combined with etanercept.
db00005,etanercept,benidipine,the metabolism of benidipine can be increased when combined with etanercept.
db00005,etanercept,paritaprevir,the metabolism of paritaprevir can be increased when combined with etanercept.
db00005,etanercept,elbasvir,the metabolism of elbasvir can be increased when combined with etanercept.
db00005,etanercept,tezacaftor,the metabolism of tezacaftor can be increased when combined with etanercept.
db00005,etanercept,icotinib,the metabolism of icotinib can be increased when combined with etanercept.
db00005,etanercept,doravirine,the metabolism of doravirine can be increased when combined with etanercept.
db00005,etanercept,fluticasone,the metabolism of fluticasone can be increased when combined with etanercept.
db00005,etanercept,hydrocortisone acetate,the metabolism of hydrocortisone acetate can be increased when combined with etanercept.
db00005,etanercept,hydrocortisone cypionate,the metabolism of hydrocortisone cypionate can be increased when combined with etanercept.
db00005,etanercept,progesterone,the metabolism of progesterone can be increased when combined with etanercept.
db00005,etanercept,dexloxiglumide,the metabolism of dexloxiglumide can be increased when combined with etanercept.
db00005,etanercept,azimilide,the metabolism of azimilide can be increased when combined with etanercept.
db00005,etanercept,dapsone,the metabolism of dapsone can be increased when combined with etanercept.
db00005,etanercept,gefitinib,the metabolism of gefitinib can be increased when combined with etanercept.
db00005,etanercept,levonorgestrel,the metabolism of levonorgestrel can be increased when combined with etanercept.
db00005,etanercept,oxycodone,the metabolism of oxycodone can be increased when combined with etanercept.
db00005,etanercept,triamcinolone,the metabolism of triamcinolone can be increased when combined with etanercept.
db00005,etanercept,testosterone,the metabolism of testosterone can be increased when combined with etanercept.
db00005,etanercept,trazodone,the metabolism of trazodone can be increased when combined with etanercept.
db00005,etanercept,risperidone,the metabolism of risperidone can be increased when combined with etanercept.
db00005,etanercept,chlorpheniramine,the metabolism of chlorpheniramine can be increased when combined with etanercept.
db00005,etanercept,aripiprazole,the metabolism of aripiprazole can be increased when combined with etanercept.
db00005,etanercept,paliperidone,the metabolism of paliperidone can be increased when combined with etanercept.
db00005,etanercept,iloperidone,the metabolism of iloperidone can be increased when combined with etanercept.
db00005,etanercept,valbenazine,the metabolism of valbenazine can be increased when combined with etanercept.
db00005,etanercept,deutetrabenazine,the metabolism of deutetrabenazine can be increased when combined with etanercept.
db00005,etanercept,aripiprazole lauroxil,the metabolism of aripiprazole lauroxil can be increased when combined with etanercept.
db00005,etanercept,dexamethasone,the metabolism of dexamethasone can be increased when combined with etanercept.
db00005,etanercept,levamlodipine,the metabolism of levamlodipine can be increased when combined with etanercept.
db00005,etanercept,lemborexant,the metabolism of lemborexant can be increased when combined with etanercept.
db00005,etanercept,hydroxyzine,the metabolism of hydroxyzine can be increased when combined with etanercept.
db00005,etanercept,sildenafil,the metabolism of sildenafil can be increased when combined with etanercept.
db00005,etanercept,lovastatin,the metabolism of lovastatin can be increased when combined with etanercept.
db00005,etanercept,buspirone,the metabolism of buspirone can be increased when combined with etanercept.
db00005,etanercept,simvastatin,the metabolism of simvastatin can be increased when combined with etanercept.
db00005,etanercept,aprepitant,the metabolism of aprepitant can be increased when combined with etanercept.
db00005,etanercept,vardenafil,the metabolism of vardenafil can be increased when combined with etanercept.
db00005,etanercept,clindamycin,the metabolism of clindamycin can be increased when combined with etanercept.
db00005,etanercept,ritonavir,the metabolism of ritonavir can be increased when combined with etanercept.
db00005,etanercept,indinavir,the metabolism of indinavir can be increased when combined with etanercept.
db00005,etanercept,nisoldipine,the metabolism of nisoldipine can be increased when combined with etanercept.
db00005,etanercept,midazolam,the metabolism of midazolam can be increased when combined with etanercept.
db00005,etanercept,eplerenone,the metabolism of eplerenone can be increased when combined with etanercept.
db00005,etanercept,alfentanil,the metabolism of alfentanil can be increased when combined with etanercept.
db00005,etanercept,triazolam,the metabolism of triazolam can be increased when combined with etanercept.
db00005,etanercept,felodipine,the metabolism of felodipine can be increased when combined with etanercept.
db00005,etanercept,saquinavir,the metabolism of saquinavir can be increased when combined with etanercept.
db00005,etanercept,rivaroxaban,the metabolism of rivaroxaban can be increased when combined with etanercept.
db00005,etanercept,alprazolam,the metabolism of alprazolam can be increased when combined with etanercept.
db00005,etanercept,hydrocortisone butyrate,the metabolism of hydrocortisone butyrate can be increased when combined with etanercept.
db00005,etanercept,hydrocortisone phosphate,the metabolism of hydrocortisone phosphate can be increased when combined with etanercept.
db00005,etanercept,relugolix,the metabolism of relugolix can be increased when combined with etanercept.
db00005,etanercept,lorlatinib,the metabolism of lorlatinib can be increased when combined with etanercept.
db00005,etanercept,dexamethasone acetate,the metabolism of dexamethasone acetate can be increased when combined with etanercept.
db00005,etanercept,ponesimod,the metabolism of ponesimod can be increased when combined with etanercept.
db00005,etanercept,ticagrelor,the metabolism of ticagrelor can be increased when combined with etanercept.
db00005,etanercept,prasterone sulfate,the metabolism of prasterone sulfate can be increased when combined with etanercept.
db00005,etanercept,fentanyl,the metabolism of fentanyl can be increased when combined with etanercept.
db00005,etanercept,cyclosporine,etanercept may increase the immunosuppressive activities of cyclosporine.
db00005,etanercept,apremilast,the therapeutic efficacy of apremilast can be decreased when used in combination with etanercept.
db00005,etanercept,magnesium,the serum concentration of magnesium can be decreased when it is combined with etanercept.
db00005,etanercept,lopinavir,the serum concentration of etanercept can be increased when it is combined with lopinavir.
db00005,etanercept,inebilizumab,the risk or severity of infection can be increased when etanercept is combined with inebilizumab.
db00005,etanercept,bacillus calmette-guerin substrain russian bcg-i live antigen,the therapeutic efficacy of bacillus calmette-guerin substrain russian bcg-i live antigen can be decreased when used in combination with etanercept.
db00005,etanercept,belzutifan,the metabolism of belzutifan can be increased when combined with etanercept.
db00005,etanercept,fexinidazole,the metabolism of fexinidazole can be increased when combined with etanercept.
db00005,etanercept,modafinil,the metabolism of modafinil can be increased when combined with etanercept.
db00005,etanercept,mobocertinib,the metabolism of mobocertinib can be increased when combined with etanercept.
db00005,etanercept,allogeneic processed thymus tissue,the therapeutic efficacy of allogeneic processed thymus tissue can be decreased when used in combination with etanercept.
db00005,etanercept,"tick-borne encephalitis vaccine (whole virus, inactivated)","the therapeutic efficacy of tick-borne encephalitis vaccine (whole virus, inactivated) can be decreased when used in combination with etanercept."
db00005,etanercept,ropeginterferon alfa-2b,the risk or severity of adverse effects can be increased when etanercept is combined with ropeginterferon alfa-2b.
db00005,etanercept,nuvaxovid,the therapeutic efficacy of nuvaxovid can be decreased when used in combination with etanercept.
db00005,etanercept,mumps virus strain b level jeryl lynn live antigen,the therapeutic efficacy of mumps virus strain b level jeryl lynn live antigen can be decreased when used in combination with etanercept.
db00005,etanercept,"bordetella pertussis toxoid antigen (formaldehyde, glutaraldehyde inactivated)","the therapeutic efficacy of bordetella pertussis toxoid antigen (formaldehyde, glutaraldehyde inactivated) can be decreased when used in combination with etanercept."
db00005,etanercept,abrocitinib,the metabolism of abrocitinib can be increased when combined with etanercept.
db00005,etanercept,astrazeneca covid-19 vaccine,the therapeutic efficacy of astrazeneca covid-19 vaccine can be decreased when used in combination with etanercept.
db00005,etanercept,roxadustat,the metabolism of roxadustat can be increased when combined with etanercept.
db00005,etanercept,nabilone,the metabolism of nabilone can be increased when combined with etanercept.
db00005,etanercept,cannabinol,the metabolism of cannabinol can be increased when combined with etanercept.
db00005,etanercept,mavacamten,the metabolism of mavacamten can be increased when combined with etanercept.
db00005,etanercept,mosunetuzumab,the risk or severity of adverse effects can be increased when etanercept is combined with mosunetuzumab.
db00005,etanercept,janssen covid-19 vaccine,the therapeutic efficacy of janssen covid-19 vaccine can be decreased when used in combination with etanercept.
db00005,etanercept,spesolimab,the risk or severity of adverse effects can be increased when etanercept is combined with spesolimab.
db00005,etanercept,deucravacitinib,the risk or severity of adverse effects can be increased when etanercept is combined with deucravacitinib.
db00005,etanercept,ofatumumab,the risk or severity of adverse effects can be increased when etanercept is combined with ofatumumab.
db00005,etanercept,teprotumumab,the risk or severity of adverse effects can be increased when etanercept is combined with teprotumumab.
db00005,etanercept,anifrolumab,the risk or severity of adverse effects can be increased when etanercept is combined with anifrolumab.
db00005,etanercept,bimekizumab,the risk or severity of adverse effects can be increased when etanercept is combined with bimekizumab.
db00005,etanercept,diroximel fumarate,the risk or severity of adverse effects can be increased when etanercept is combined with diroximel fumarate.
db00005,etanercept,filgotinib,the risk or severity of adverse effects can be increased when etanercept is combined with filgotinib.
db00005,etanercept,satralizumab,the risk or severity of adverse effects can be increased when etanercept is combined with satralizumab.
db00005,etanercept,pegcetacoplan,the risk or severity of adverse effects can be increased when etanercept is combined with pegcetacoplan.
db00005,etanercept,belumosudil,the risk or severity of adverse effects can be increased when etanercept is combined with belumosudil.
db00005,etanercept,"meningococcal (groups a, c, y and w-135) oligosaccharide diphtheria crm197 conjugate vaccine","the therapeutic efficacy of meningococcal (groups a, c, y and w-135) oligosaccharide diphtheria crm197 conjugate vaccine can be decreased when used in combination with etanercept."
db00005,etanercept,vonoprazan,the metabolism of vonoprazan can be increased when combined with etanercept.
db00005,etanercept,famtozinameran,the therapeutic efficacy of famtozinameran can be decreased when used in combination with etanercept.
db00005,etanercept,ublituximab,the risk or severity of infection can be increased when ublituximab is combined with etanercept.
db00005,etanercept,sutimlimab,the risk or severity of adverse effects can be increased when etanercept is combined with sutimlimab.
db00005,etanercept,pirtobrutinib,the risk or severity of adverse effects can be increased when etanercept is combined with pirtobrutinib.
db00005,etanercept,daprodustat,the metabolism of daprodustat can be increased when combined with etanercept.
db00005,etanercept,nelfinavir,the metabolism of nelfinavir can be increased when combined with etanercept.
db00005,etanercept,avacopan,the risk or severity of adverse effects can be increased when etanercept is combined with avacopan.
db00005,etanercept,efgartigimod alfa,the risk or severity of adverse effects can be increased when etanercept is combined with efgartigimod alfa.
db00005,etanercept,"respiratory syncytial virus vaccine, adjuvanted",the therapeutic efficacy of gsk-3844766a can be decreased when used in combination with etanercept.
db00005,etanercept,fezolinetant,the metabolism of fezolinetant can be increased when combined with etanercept.
db00005,etanercept,ritlecitinib,the risk or severity of adverse effects can be increased when etanercept is combined with ritlecitinib.
db00005,etanercept,desvenlafaxine,the metabolism of desvenlafaxine can be increased when combined with etanercept.
db00005,etanercept,quizartinib,the metabolism of quizartinib can be increased when combined with etanercept.
db00005,etanercept,etrasimod,the risk or severity of immunosuppression can be increased when etanercept is combined with etrasimod.
db00005,etanercept,"chikungunya vaccine (live, attenuated)","the risk or severity of infection can be increased when chikungunya vaccine (live, attenuated) is combined with etanercept."
db00005,etanercept,fruquintinib,the metabolism of fruquintinib can be increased when combined with etanercept.
db00005,etanercept,nirogacestat,the metabolism of nirogacestat can be increased when combined with etanercept.
db00005,etanercept,sars-cov-2 virus recombinant spike (s) protein receptor binding domain (rbd) fusion heterodimer (b.1.351-b.1.1.7 strains),the therapeutic efficacy of sars-cov-2 virus recombinant spike (s) protein receptor binding domain (rbd) fusion heterodimer (b.1.351-b.1.1.7 strains) can be decreased when used in combination with etanercept.
db00005,etanercept,iptacopan,the metabolism of iptacopan can be increased when combined with etanercept.
db00005,etanercept,isavuconazonium,the metabolism of isavuconazonium can be increased when combined with etanercept.
db00005,etanercept,avatrombopag,the metabolism of avatrombopag can be increased when combined with etanercept.
db00005,etanercept,resmetirom,the metabolism of resmetirom can be increased when combined with etanercept.
db00005,etanercept,tovorafenib,the metabolism of tovorafenib can be increased when combined with etanercept.
db00005,etanercept,mirikizumab,the risk or severity of adverse effects can be increased when etanercept is combined with mirikizumab.
db00005,etanercept,danicopan,the risk or severity of adverse effects can be increased when etanercept is combined with danicopan.
db00005,etanercept,zilucoplan,the risk or severity of adverse effects can be increased when etanercept is combined with zilucoplan.
db00005,etanercept,crovalimab,the risk or severity of adverse effects can be increased when etanercept is combined with crovalimab.
db00005,etanercept,deuruxolitinib,the metabolism of deuruxolitinib can be increased when combined with etanercept.
db00005,etanercept,vorasidenib,the metabolism of vorasidenib can be increased when combined with etanercept.
db00005,etanercept,seladelpar,the metabolism of seladelpar can be increased when combined with etanercept.
db00005,etanercept,xanomeline,the metabolism of xanomeline can be increased when combined with etanercept.
db00006,bivalirudin,apixaban,apixaban may increase the anticoagulant activities of bivalirudin.
db00006,bivalirudin,dabigatran etexilate,dabigatran etexilate may increase the anticoagulant activities of bivalirudin.
db00006,bivalirudin,dasatinib,the risk or severity of bleeding and hemorrhage can be increased when dasatinib is combined with bivalirudin.
db00006,bivalirudin,deferasirox,the risk or severity of gastrointestinal bleeding can be increased when bivalirudin is combined with deferasirox.
db00006,bivalirudin,ursodeoxycholic acid,the risk or severity of bleeding and bruising can be increased when bivalirudin is combined with ursodeoxycholic acid.
db00006,bivalirudin,glycochenodeoxycholic acid,the risk or severity of bleeding and bruising can be increased when bivalirudin is combined with glycochenodeoxycholic acid.
db00006,bivalirudin,cholic acid,the risk or severity of bleeding and bruising can be increased when bivalirudin is combined with cholic acid.
db00006,bivalirudin,glycocholic acid,the risk or severity of bleeding and bruising can be increased when bivalirudin is combined with glycocholic acid.
db00006,bivalirudin,deoxycholic acid,the risk or severity of bleeding and bruising can be increased when bivalirudin is combined with deoxycholic acid.
db00006,bivalirudin,taurocholic acid,the risk or severity of bleeding and bruising can be increased when bivalirudin is combined with taurocholic acid.
db00006,bivalirudin,obeticholic acid,the risk or severity of bleeding and bruising can be increased when bivalirudin is combined with obeticholic acid.
db00006,bivalirudin,chenodeoxycholic acid,the risk or severity of bleeding and bruising can be increased when bivalirudin is combined with chenodeoxycholic acid.
db00006,bivalirudin,taurochenodeoxycholic acid,the risk or severity of bleeding and bruising can be increased when bivalirudin is combined with taurochenodeoxycholic acid.
db00006,bivalirudin,tauroursodeoxycholic acid,the risk or severity of bleeding and bruising can be increased when bivalirudin is combined with tauroursodeoxycholic acid.
db00006,bivalirudin,bamet-ud2,the risk or severity of bleeding and bruising can be increased when bivalirudin is combined with bamet-ud2.
db00006,bivalirudin,dehydrocholic acid,the risk or severity of bleeding and bruising can be increased when bivalirudin is combined with dehydrocholic acid.
db00006,bivalirudin,hyodeoxycholic acid,the risk or severity of bleeding and bruising can be increased when bivalirudin is combined with hyodeoxycholic acid.
db00006,bivalirudin,edoxaban,the risk or severity of bleeding can be increased when edoxaban is combined with bivalirudin.
db00006,bivalirudin,ibrutinib,the risk or severity of bleeding and hemorrhage can be increased when ibrutinib is combined with bivalirudin.
db00006,bivalirudin,obinutuzumab,the risk or severity of bleeding and hemorrhage can be increased when bivalirudin is combined with obinutuzumab.
db00006,bivalirudin,rivaroxaban,bivalirudin may increase the anticoagulant activities of rivaroxaban.
db00006,bivalirudin,sugammadex,the risk or severity of bleeding and hemorrhage can be increased when bivalirudin is combined with sugammadex.
db00006,bivalirudin,tibolone,tibolone may increase the anticoagulant activities of bivalirudin.
db00006,bivalirudin,tipranavir,the risk or severity of bleeding and hemorrhage can be increased when tipranavir is combined with bivalirudin.
db00006,bivalirudin,urokinase,urokinase may increase the anticoagulant activities of bivalirudin.
db00006,bivalirudin,vitamin e,vitamin e may increase the anticoagulant activities of bivalirudin.
db00006,bivalirudin,vorapaxar,the risk or severity of bleeding and hemorrhage can be increased when vorapaxar is combined with bivalirudin.
db00006,bivalirudin,ginkgo biloba,ginkgo biloba may increase the anticoagulant activities of bivalirudin.
db00006,bivalirudin,ifosfamide,the risk or severity of bleeding can be increased when ifosfamide is combined with bivalirudin.
db00006,bivalirudin,quinine,the therapeutic efficacy of bivalirudin can be increased when used in combination with quinine.
db00006,bivalirudin,quinidine,the therapeutic efficacy of bivalirudin can be increased when used in combination with quinidine.
db00006,bivalirudin,tamoxifen,the risk or severity of bleeding can be increased when tamoxifen is combined with bivalirudin.
db00006,bivalirudin,toremifene,the risk or severity of bleeding can be increased when toremifene is combined with bivalirudin.
db00006,bivalirudin,pentoxifylline,the therapeutic efficacy of bivalirudin can be increased when used in combination with pentoxifylline.
db00006,bivalirudin,pentosan polysulfate,pentosan polysulfate may increase the anticoagulant activities of bivalirudin.
db00006,bivalirudin,levocarnitine,the therapeutic efficacy of bivalirudin can be increased when used in combination with levocarnitine.
db00006,bivalirudin,diethylstilbestrol,diethylstilbestrol may decrease the anticoagulant activities of bivalirudin.
db00006,bivalirudin,chlorotrianisene,chlorotrianisene may decrease the anticoagulant activities of bivalirudin.
db00006,bivalirudin,conjugated estrogens,conjugated estrogens may decrease the anticoagulant activities of bivalirudin.
db00006,bivalirudin,mestranol,the risk or severity of adverse effects can be increased when mestranol is combined with bivalirudin.
db00006,bivalirudin,estrone sulfate,estrone sulfate may decrease the anticoagulant activities of bivalirudin.
db00006,bivalirudin,quinestrol,quinestrol may decrease the anticoagulant activities of bivalirudin.
db00006,bivalirudin,hexestrol,hexestrol may decrease the anticoagulant activities of bivalirudin.
db00006,bivalirudin,"synthetic conjugated estrogens, a","synthetic conjugated estrogens, a may decrease the anticoagulant activities of bivalirudin."
db00006,bivalirudin,"synthetic conjugated estrogens, b","synthetic conjugated estrogens, b may decrease the anticoagulant activities of bivalirudin."
db00006,bivalirudin,polyestradiol phosphate,polyestradiol phosphate may decrease the anticoagulant activities of bivalirudin.
db00006,bivalirudin,esterified estrogens,esterified estrogens may decrease the anticoagulant activities of bivalirudin.
db00006,bivalirudin,zeranol,zeranol may decrease the anticoagulant activities of bivalirudin.
db00006,bivalirudin,equol,equol may decrease the anticoagulant activities of bivalirudin.
db00006,bivalirudin,methallenestril,methallenestril may decrease the anticoagulant activities of bivalirudin.
db00006,bivalirudin,epimestrol,epimestrol may decrease the anticoagulant activities of bivalirudin.
db00006,bivalirudin,moxestrol,moxestrol may decrease the anticoagulant activities of bivalirudin.
db00006,bivalirudin,estradiol acetate,estradiol acetate may decrease the anticoagulant activities of bivalirudin.
db00006,bivalirudin,estradiol benzoate,estradiol benzoate may decrease the anticoagulant activities of bivalirudin.
db00006,bivalirudin,estradiol cypionate,estradiol cypionate may decrease the anticoagulant activities of bivalirudin.
db00006,bivalirudin,estradiol valerate,estradiol valerate may decrease the anticoagulant activities of bivalirudin.
db00006,bivalirudin,biochanin a,biochanin a may decrease the anticoagulant activities of bivalirudin.
db00006,bivalirudin,formononetin,formononetin may decrease the anticoagulant activities of bivalirudin.
db00006,bivalirudin,estriol,estriol may decrease the anticoagulant activities of bivalirudin.
db00006,bivalirudin,limaprost,the risk or severity of adverse effects can be increased when limaprost is combined with bivalirudin.
db00006,bivalirudin,icosapent,the risk or severity of bleeding and hemorrhage can be increased when icosapent is combined with bivalirudin.
db00006,bivalirudin,mesalazine,the risk or severity of bleeding can be increased when mesalazine is combined with bivalirudin.
db00006,bivalirudin,indomethacin,the risk or severity of bleeding and hemorrhage can be increased when indomethacin is combined with bivalirudin.
db00006,bivalirudin,nabumetone,the risk or severity of bleeding and hemorrhage can be increased when nabumetone is combined with bivalirudin.
db00006,bivalirudin,ketorolac,the risk or severity of bleeding and hemorrhage can be increased when ketorolac is combined with bivalirudin.
db00006,bivalirudin,tenoxicam,the risk or severity of bleeding and hemorrhage can be increased when tenoxicam is combined with bivalirudin.
db00006,bivalirudin,celecoxib,the risk or severity of bleeding and hemorrhage can be increased when celecoxib is combined with bivalirudin.
db00006,bivalirudin,tolmetin,the risk or severity of bleeding and hemorrhage can be increased when tolmetin is combined with bivalirudin.
db00006,bivalirudin,rofecoxib,the risk or severity of bleeding and hemorrhage can be increased when rofecoxib is combined with bivalirudin.
db00006,bivalirudin,piroxicam,the risk or severity of bleeding and hemorrhage can be increased when piroxicam is combined with bivalirudin.
db00006,bivalirudin,fenoprofen,the risk or severity of bleeding and hemorrhage can be increased when fenoprofen is combined with bivalirudin.
db00006,bivalirudin,valdecoxib,the risk or severity of bleeding and hemorrhage can be increased when valdecoxib is combined with bivalirudin.
db00006,bivalirudin,diclofenac,the risk or severity of bleeding and hemorrhage can be increased when diclofenac is combined with bivalirudin.
db00006,bivalirudin,sulindac,the risk or severity of bleeding and hemorrhage can be increased when sulindac is combined with bivalirudin.
db00006,bivalirudin,flurbiprofen,the risk or severity of bleeding and hemorrhage can be increased when flurbiprofen is combined with bivalirudin.
db00006,bivalirudin,etodolac,the risk or severity of bleeding and hemorrhage can be increased when etodolac is combined with bivalirudin.
db00006,bivalirudin,mefenamic acid,the risk or severity of bleeding and hemorrhage can be increased when mefenamic acid is combined with bivalirudin.
db00006,bivalirudin,naproxen,the risk or severity of bleeding and hemorrhage can be increased when naproxen is combined with bivalirudin.
db00006,bivalirudin,sulfasalazine,the risk or severity of bleeding and hemorrhage can be increased when sulfasalazine is combined with bivalirudin.
db00006,bivalirudin,phenylbutazone,the risk or severity of bleeding and hemorrhage can be increased when phenylbutazone is combined with bivalirudin.
db00006,bivalirudin,meloxicam,the risk or severity of bleeding and hemorrhage can be increased when meloxicam is combined with bivalirudin.
db00006,bivalirudin,carprofen,the risk or severity of bleeding and hemorrhage can be increased when carprofen is combined with bivalirudin.
db00006,bivalirudin,diflunisal,the risk or severity of bleeding and hemorrhage can be increased when diflunisal is combined with bivalirudin.
db00006,bivalirudin,salicylic acid,the risk or severity of bleeding and hemorrhage can be increased when salicylic acid is combined with bivalirudin.
db00006,bivalirudin,meclofenamic acid,the risk or severity of bleeding and hemorrhage can be increased when meclofenamic acid is combined with bivalirudin.
db00006,bivalirudin,oxaprozin,the risk or severity of bleeding and hemorrhage can be increased when oxaprozin is combined with bivalirudin.
db00006,bivalirudin,ketoprofen,the risk or severity of bleeding and hemorrhage can be increased when ketoprofen is combined with bivalirudin.
db00006,bivalirudin,balsalazide,the risk or severity of bleeding and hemorrhage can be increased when balsalazide is combined with bivalirudin.
db00006,bivalirudin,olsalazine,the risk or severity of bleeding can be increased when olsalazine is combined with bivalirudin.
db00006,bivalirudin,lumiracoxib,the risk or severity of bleeding and hemorrhage can be increased when lumiracoxib is combined with bivalirudin.
db00006,bivalirudin,magnesium salicylate,the risk or severity of bleeding and hemorrhage can be increased when magnesium salicylate is combined with bivalirudin.
db00006,bivalirudin,salsalate,the risk or severity of bleeding and hemorrhage can be increased when salsalate is combined with bivalirudin.
db00006,bivalirudin,choline magnesium trisalicylate,the risk or severity of bleeding and hemorrhage can be increased when choline magnesium trisalicylate is combined with bivalirudin.
db00006,bivalirudin,antrafenine,the risk or severity of bleeding and hemorrhage can be increased when antrafenine is combined with bivalirudin.
db00006,bivalirudin,aminophenazone,the risk or severity of bleeding and hemorrhage can be increased when aminophenazone is combined with bivalirudin.
db00006,bivalirudin,antipyrine,the risk or severity of bleeding and hemorrhage can be increased when antipyrine is combined with bivalirudin.
db00006,bivalirudin,tiaprofenic acid,the risk or severity of bleeding and hemorrhage can be increased when tiaprofenic acid is combined with bivalirudin.
db00006,bivalirudin,etoricoxib,the risk or severity of bleeding and hemorrhage can be increased when etoricoxib is combined with bivalirudin.
db00006,bivalirudin,taxifolin,the risk or severity of bleeding and hemorrhage can be increased when taxifolin is combined with bivalirudin.
db00006,bivalirudin,oxyphenbutazone,the risk or severity of bleeding and hemorrhage can be increased when oxyphenbutazone is combined with bivalirudin.
db00006,bivalirudin,licofelone,the risk or severity of bleeding and hemorrhage can be increased when licofelone is combined with bivalirudin.
db00006,bivalirudin,benoxaprofen,the risk or severity of bleeding and hemorrhage can be increased when benoxaprofen is combined with bivalirudin.
db00006,bivalirudin,zomepirac,the risk or severity of bleeding and hemorrhage can be increased when zomepirac is combined with bivalirudin.
db00006,bivalirudin,cimicoxib,the risk or severity of bleeding and hemorrhage can be increased when cimicoxib is combined with bivalirudin.
db00006,bivalirudin,lornoxicam,the risk or severity of bleeding and hemorrhage can be increased when lornoxicam is combined with bivalirudin.
db00006,bivalirudin,aceclofenac,the risk or severity of bleeding and hemorrhage can be increased when aceclofenac is combined with bivalirudin.
db00006,bivalirudin,zaltoprofen,the risk or severity of bleeding and hemorrhage can be increased when zaltoprofen is combined with bivalirudin.
db00006,bivalirudin,azapropazone,the risk or severity of bleeding and hemorrhage can be increased when azapropazone is combined with bivalirudin.
db00006,bivalirudin,parecoxib,the risk or severity of bleeding and hemorrhage can be increased when parecoxib is combined with bivalirudin.
db00006,bivalirudin,salicylamide,the risk or severity of bleeding and hemorrhage can be increased when salicylamide is combined with bivalirudin.
db00006,bivalirudin,kebuzone,the risk or severity of bleeding and hemorrhage can be increased when kebuzone is combined with bivalirudin.
db00006,bivalirudin,isoxicam,the risk or severity of bleeding and hemorrhage can be increased when isoxicam is combined with bivalirudin.
db00006,bivalirudin,indoprofen,the risk or severity of bleeding and hemorrhage can be increased when indoprofen is combined with bivalirudin.
db00006,bivalirudin,ibuproxam,the risk or severity of bleeding and hemorrhage can be increased when ibuproxam is combined with bivalirudin.
db00006,bivalirudin,floctafenine,the risk or severity of bleeding and hemorrhage can be increased when floctafenine is combined with bivalirudin.
db00006,bivalirudin,fenbufen,the risk or severity of bleeding and hemorrhage can be increased when fenbufen is combined with bivalirudin.
db00006,bivalirudin,etofenamate,the risk or severity of bleeding and hemorrhage can be increased when etofenamate is combined with bivalirudin.
db00006,bivalirudin,epirizole,the risk or severity of bleeding and hemorrhage can be increased when epirizole is combined with bivalirudin.
db00006,bivalirudin,benzydamine,the risk or severity of bleeding and hemorrhage can be increased when benzydamine is combined with bivalirudin.
db00006,bivalirudin,dexketoprofen,the risk or severity of bleeding and hemorrhage can be increased when dexketoprofen is combined with bivalirudin.
db00006,bivalirudin,droxicam,the risk or severity of bleeding and hemorrhage can be increased when droxicam is combined with bivalirudin.
db00006,bivalirudin,tolfenamic acid,the risk or severity of bleeding and hemorrhage can be increased when tolfenamic acid is combined with bivalirudin.
db00006,bivalirudin,firocoxib,the risk or severity of bleeding and hemorrhage can be increased when firocoxib is combined with bivalirudin.
db00006,bivalirudin,clonixin,the risk or severity of bleeding and hemorrhage can be increased when clonixin is combined with bivalirudin.
db00006,bivalirudin,morniflumate,the risk or severity of bleeding and hemorrhage can be increased when morniflumate is combined with bivalirudin.
db00006,bivalirudin,propacetamol,the risk or severity of bleeding and hemorrhage can be increased when propacetamol is combined with bivalirudin.
db00006,bivalirudin,talniflumate,the risk or severity of bleeding and hemorrhage can be increased when talniflumate is combined with bivalirudin.
db00006,bivalirudin,robenacoxib,the risk or severity of bleeding and hemorrhage can be increased when robenacoxib is combined with bivalirudin.
db00006,bivalirudin,tepoxalin,the risk or severity of bleeding and hemorrhage can be increased when tepoxalin is combined with bivalirudin.
db00006,bivalirudin,flunixin,the risk or severity of bleeding and hemorrhage can be increased when flunixin is combined with bivalirudin.
db00006,bivalirudin,polmacoxib,the risk or severity of bleeding and hemorrhage can be increased when polmacoxib is combined with bivalirudin.
db00006,bivalirudin,ebselen,the risk or severity of bleeding and hemorrhage can be increased when ebselen is combined with bivalirudin.
db00006,bivalirudin,tinoridine,the risk or severity of bleeding and hemorrhage can be increased when tinoridine is combined with bivalirudin.
db00006,bivalirudin,alclofenac,the risk or severity of bleeding and hemorrhage can be increased when alclofenac is combined with bivalirudin.
db00006,bivalirudin,fentiazac,the risk or severity of bleeding and hemorrhage can be increased when fentiazac is combined with bivalirudin.
db00006,bivalirudin,suxibuzone,the risk or severity of bleeding and hemorrhage can be increased when suxibuzone is combined with bivalirudin.
db00006,bivalirudin,bumadizone,the risk or severity of bleeding and hemorrhage can be increased when bumadizone is combined with bivalirudin.
db00006,bivalirudin,alminoprofen,the risk or severity of bleeding and hemorrhage can be increased when alminoprofen is combined with bivalirudin.
db00006,bivalirudin,difenpiramide,the risk or severity of bleeding and hemorrhage can be increased when difenpiramide is combined with bivalirudin.
db00006,bivalirudin,nifenazone,the risk or severity of bleeding and hemorrhage can be increased when nifenazone is combined with bivalirudin.
db00006,bivalirudin,lonazolac,the risk or severity of bleeding and hemorrhage can be increased when lonazolac is combined with bivalirudin.
db00006,bivalirudin,tenidap,the risk or severity of bleeding and hemorrhage can be increased when tenidap is combined with bivalirudin.
db00006,bivalirudin,propyphenazone,the risk or severity of bleeding and hemorrhage can be increased when propyphenazone is combined with bivalirudin.
db00006,bivalirudin,proglumetacin,the risk or severity of bleeding and hemorrhage can be increased when proglumetacin is combined with bivalirudin.
db00006,bivalirudin,guacetisal,the risk or severity of bleeding and hemorrhage can be increased when guacetisal is combined with bivalirudin.
db00006,bivalirudin,ethenzamide,the risk or severity of bleeding and hemorrhage can be increased when ethenzamide is combined with bivalirudin.
db00006,bivalirudin,carbaspirin calcium,the risk or severity of bleeding and hemorrhage can be increased when carbaspirin calcium is combined with bivalirudin.
db00006,bivalirudin,mofebutazone,the risk or severity of bleeding and hemorrhage can be increased when mofebutazone is combined with bivalirudin.
db00006,bivalirudin,proquazone,the risk or severity of bleeding and hemorrhage can be increased when proquazone is combined with bivalirudin.
db00006,bivalirudin,benorilate,the risk or severity of bleeding and hemorrhage can be increased when benorilate is combined with bivalirudin.
db00006,bivalirudin,pirprofen,the risk or severity of bleeding and hemorrhage can be increased when pirprofen is combined with bivalirudin.
db00006,bivalirudin,imidazole salicylate,the risk or severity of bleeding and hemorrhage can be increased when imidazole salicylate is combined with bivalirudin.
db00006,bivalirudin,sc-236,the risk or severity of bleeding and hemorrhage can be increased when sc-236 is combined with bivalirudin.
db00006,bivalirudin,ns-398,the risk or severity of bleeding and hemorrhage can be increased when ns-398 is combined with bivalirudin.
db00006,bivalirudin,flurbiprofen axetil,the risk or severity of bleeding and hemorrhage can be increased when flurbiprofen axetil is combined with bivalirudin.
db00006,bivalirudin,loxoprofen,the risk or severity of bleeding and hemorrhage can be increased when loxoprofen is combined with bivalirudin.
db00006,bivalirudin,niflumic acid,the risk or severity of bleeding and hemorrhage can be increased when niflumic acid is combined with bivalirudin.
db00006,bivalirudin,omacetaxine mepesuccinate,the risk or severity of bleeding can be increased when bivalirudin is combined with omacetaxine mepesuccinate.
db00006,bivalirudin,omega-3 fatty acids,omega-3 fatty acids may increase the anticoagulant activities of bivalirudin.
db00006,bivalirudin,tositumomab,the risk or severity of bleeding and hemorrhage can be increased when bivalirudin is combined with tositumomab.
db00006,bivalirudin,collagenase clostridium histolyticum,the risk or severity of adverse effects can be increased when bivalirudin is combined with collagenase clostridium histolyticum.
db00006,bivalirudin,carbimazole,carbimazole may increase the anticoagulant activities of bivalirudin.
db00006,bivalirudin,propylthiouracil,propylthiouracil may increase the anticoagulant activities of bivalirudin.
db00006,bivalirudin,methimazole,methimazole may increase the anticoagulant activities of bivalirudin.
db00006,bivalirudin,"3,5-diiodotyrosine","3,5-diiodotyrosine may increase the anticoagulant activities of bivalirudin."
db00006,bivalirudin,potassium iodide,potassium iodide may increase the anticoagulant activities of bivalirudin.
db00006,bivalirudin,dibromotyrosine,dibromotyrosine may increase the anticoagulant activities of bivalirudin.
db00006,bivalirudin,potassium perchlorate,potassium perchlorate may increase the anticoagulant activities of bivalirudin.
db00006,bivalirudin,methylthiouracil,methylthiouracil may increase the anticoagulant activities of bivalirudin.
db00006,bivalirudin,benzylthiouracil,benzylthiouracil may increase the anticoagulant activities of bivalirudin.
db00006,bivalirudin,octylphenoxy polyethoxyethanol,the therapeutic efficacy of bivalirudin can be decreased when used in combination with octylphenoxy polyethoxyethanol.
db00006,bivalirudin,trestolone,the therapeutic efficacy of bivalirudin can be decreased when used in combination with trestolone.
db00006,bivalirudin,ulipristal,the therapeutic efficacy of bivalirudin can be decreased when used in combination with ulipristal.
db00006,bivalirudin,cloprostenol,the therapeutic efficacy of bivalirudin can be decreased when used in combination with cloprostenol.
db00006,bivalirudin,gossypol,the therapeutic efficacy of bivalirudin can be decreased when used in combination with gossypol.
db00006,bivalirudin,etonogestrel,the therapeutic efficacy of bivalirudin can be decreased when used in combination with etonogestrel.
db00006,bivalirudin,dydrogesterone,dydrogesterone may decrease the anticoagulant activities of bivalirudin.
db00006,bivalirudin,progesterone,the therapeutic efficacy of bivalirudin can be decreased when used in combination with progesterone.
db00006,bivalirudin,allylestrenol,allylestrenol may decrease the anticoagulant activities of bivalirudin.
db00006,bivalirudin,norelgestromin,the therapeutic efficacy of bivalirudin can be decreased when used in combination with norelgestromin.
db00006,bivalirudin,hydroxyprogesterone caproate,the therapeutic efficacy of bivalirudin can be decreased when used in combination with hydroxyprogesterone caproate.
db00006,bivalirudin,medrogestone,medrogestone may decrease the anticoagulant activities of bivalirudin.
db00006,bivalirudin,altrenogest,altrenogest may decrease the anticoagulant activities of bivalirudin.
db00006,bivalirudin,nomegestrol,the therapeutic efficacy of bivalirudin can be decreased when used in combination with nomegestrol.
db00006,bivalirudin,gestonorone,gestonorone may decrease the anticoagulant activities of bivalirudin.
db00006,bivalirudin,methylestrenolone,methylestrenolone may decrease the anticoagulant activities of bivalirudin.
db00006,bivalirudin,promegestone,promegestone may decrease the anticoagulant activities of bivalirudin.
db00006,bivalirudin,etynodiol,the therapeutic efficacy of bivalirudin can be decreased when used in combination with etynodiol.
db00006,bivalirudin,hydroxyprogesterone,hydroxyprogesterone may decrease the anticoagulant activities of bivalirudin.
db00006,bivalirudin,quingestanol acetate,quingestanol acetate may decrease the anticoagulant activities of bivalirudin.
db00006,bivalirudin,aminosalicylic acid,the risk or severity of bleeding can be increased when aminosalicylic acid is combined with bivalirudin.
db00006,bivalirudin,bismuth subsalicylate,the risk or severity of bleeding can be increased when bismuth subsalicylate is combined with bivalirudin.
db00006,bivalirudin,dersalazine,the risk or severity of bleeding can be increased when dersalazine is combined with bivalirudin.
db00006,bivalirudin,phenyl aminosalicylate,the risk or severity of bleeding can be increased when phenyl aminosalicylate is combined with bivalirudin.
db00006,bivalirudin,methyl salicylate,the risk or severity of bleeding can be increased when methyl salicylate is combined with bivalirudin.
db00006,bivalirudin,trolamine salicylate,the risk or severity of bleeding can be increased when trolamine salicylate is combined with bivalirudin.
db00006,bivalirudin,aloxiprin,the risk or severity of bleeding can be increased when aloxiprin is combined with bivalirudin.
db00006,bivalirudin,choline salicylate,the risk or severity of bleeding can be increased when choline salicylate is combined with bivalirudin.
db00006,bivalirudin,thiosalicylic acid,the risk or severity of bleeding can be increased when thiosalicylic acid is combined with bivalirudin.
db00006,bivalirudin,abciximab,the risk or severity of bleeding can be increased when abciximab is combined with bivalirudin.
db00006,bivalirudin,eptifibatide,the risk or severity of bleeding can be increased when eptifibatide is combined with bivalirudin.
db00006,bivalirudin,ticlopidine,the risk or severity of bleeding can be increased when ticlopidine is combined with bivalirudin.
db00006,bivalirudin,anagrelide,the risk or severity of bleeding can be increased when anagrelide is combined with bivalirudin.
db00006,bivalirudin,clopidogrel,the risk or severity of bleeding can be increased when clopidogrel is combined with bivalirudin.
db00006,bivalirudin,tirofiban,the risk or severity of bleeding can be increased when tirofiban is combined with bivalirudin.
db00006,bivalirudin,dipyridamole,the risk or severity of bleeding can be increased when dipyridamole is combined with bivalirudin.
db00006,bivalirudin,iloprost,iloprost may increase the anticoagulant activities of bivalirudin.
db00006,bivalirudin,sulfinpyrazone,the risk or severity of bleeding can be increased when sulfinpyrazone is combined with bivalirudin.
db00006,bivalirudin,cilostazol,the risk or severity of bleeding can be increased when cilostazol is combined with bivalirudin.
db00006,bivalirudin,ridogrel,the risk or severity of bleeding can be increased when ridogrel is combined with bivalirudin.
db00006,bivalirudin,epoprostenol,the risk or severity of bleeding can be increased when epoprostenol is combined with bivalirudin.
db00006,bivalirudin,resveratrol,the risk or severity of bleeding can be increased when resveratrol is combined with bivalirudin.
db00006,bivalirudin,nimesulide,the risk or severity of bleeding and hemorrhage can be increased when nimesulide is combined with bivalirudin.
db00006,bivalirudin,tesmilifene,the risk or severity of bleeding can be increased when tesmilifene is combined with bivalirudin.
db00006,bivalirudin,defibrotide,the risk or severity of bleeding can be increased when defibrotide is combined with bivalirudin.
db00006,bivalirudin,beraprost,the risk or severity of bleeding can be increased when beraprost is combined with bivalirudin.
db00006,bivalirudin,ibudilast,the risk or severity of bleeding can be increased when ibudilast is combined with bivalirudin.
db00006,bivalirudin,andrographolide,the risk or severity of bleeding can be increased when andrographolide is combined with bivalirudin.
db00006,bivalirudin,caplacizumab,the risk or severity of bleeding can be increased when caplacizumab is combined with bivalirudin.
db00006,bivalirudin,prasugrel,the risk or severity of bleeding can be increased when prasugrel is combined with bivalirudin.
db00006,bivalirudin,cangrelor,the risk or severity of bleeding can be increased when cangrelor is combined with bivalirudin.
db00006,bivalirudin,tranilast,the risk or severity of bleeding can be increased when tranilast is combined with bivalirudin.
db00006,bivalirudin,triflusal,the risk or severity of bleeding can be increased when triflusal is combined with bivalirudin.
db00006,bivalirudin,ticagrelor,the risk or severity of bleeding can be increased when ticagrelor is combined with bivalirudin.
db00006,bivalirudin,icosapent ethyl,the risk or severity of bleeding can be increased when icosapent ethyl is combined with bivalirudin.
db00006,bivalirudin,trapidil,the risk or severity of bleeding can be increased when trapidil is combined with bivalirudin.
db00006,bivalirudin,naftopidil,the risk or severity of bleeding can be increased when naftopidil is combined with bivalirudin.
db00006,bivalirudin,sarpogrelate,the risk or severity of bleeding can be increased when sarpogrelate is combined with bivalirudin.
db00006,bivalirudin,ifetroban,the risk or severity of bleeding can be increased when ifetroban is combined with bivalirudin.
db00006,bivalirudin,nitroaspirin,the risk or severity of bleeding and hemorrhage can be increased when nitroaspirin is combined with bivalirudin.
db00006,bivalirudin,indobufen,the risk or severity of bleeding and hemorrhage can be increased when indobufen is combined with bivalirudin.
db00006,bivalirudin,butylphthalide,the risk or severity of bleeding can be increased when butylphthalide is combined with bivalirudin.
db00006,bivalirudin,hydroxytyrosol,the risk or severity of bleeding can be increased when hydroxytyrosol is combined with bivalirudin.
db00006,bivalirudin,ramatroban,the risk or severity of bleeding can be increased when ramatroban is combined with bivalirudin.
db00006,bivalirudin,picotamide,the risk or severity of bleeding can be increased when picotamide is combined with bivalirudin.
db00006,bivalirudin,cloricromen,the risk or severity of bleeding can be increased when cloricromen is combined with bivalirudin.
db00006,bivalirudin,linsidomine,the risk or severity of bleeding can be increased when linsidomine is combined with bivalirudin.
db00006,bivalirudin,buflomedil,the risk or severity of bleeding can be increased when buflomedil is combined with bivalirudin.
db00006,bivalirudin,relcovaptan,the risk or severity of bleeding can be increased when relcovaptan is combined with bivalirudin.
db00006,bivalirudin,maritime pine extract,the risk or severity of bleeding can be increased when maritime pine extract is combined with bivalirudin.
db00006,bivalirudin,treprostinil,the risk or severity of bleeding can be increased when treprostinil is combined with bivalirudin.
db00006,bivalirudin,hemin,hemin may increase the anticoagulant activities of bivalirudin.
db00006,bivalirudin,acemetacin,the risk or severity of bleeding and hemorrhage can be increased when bivalirudin is combined with acemetacin.
db00006,bivalirudin,testosterone,testosterone may increase the anticoagulant activities of bivalirudin.
db00006,bivalirudin,testosterone propionate,testosterone propionate may increase the anticoagulant activities of bivalirudin.
db00006,bivalirudin,1-testosterone,1-testosterone may increase the anticoagulant activities of bivalirudin.
db00006,bivalirudin,4-hydroxytestosterone,4-hydroxytestosterone may increase the anticoagulant activities of bivalirudin.
db00006,bivalirudin,dehydrochloromethyltestosterone,dehydrochloromethyltestosterone may increase the anticoagulant activities of bivalirudin.
db00006,bivalirudin,boldenone,boldenone may increase the anticoagulant activities of bivalirudin.
db00006,bivalirudin,18-methyl-19-nortestosterone,18-methyl-19-nortestosterone may increase the anticoagulant activities of bivalirudin.
db00006,bivalirudin,calusterone,calusterone may increase the anticoagulant activities of bivalirudin.
db00006,bivalirudin,formebolone,formebolone may increase the anticoagulant activities of bivalirudin.
db00006,bivalirudin,methyl-1-testosterone,methyl-1-testosterone may increase the anticoagulant activities of bivalirudin.
db00006,bivalirudin,5beta-dihydrotestosterone,5beta-dihydrotestosterone may increase the anticoagulant activities of bivalirudin.
db00006,bivalirudin,testosterone succinate,testosterone succinate may increase the anticoagulant activities of bivalirudin.
db00006,bivalirudin,mibolerone,mibolerone may increase the anticoagulant activities of bivalirudin.
db00006,bivalirudin,testosterone cypionate,testosterone cypionate may increase the anticoagulant activities of bivalirudin.
db00006,bivalirudin,testosterone enanthate,testosterone enanthate may increase the anticoagulant activities of bivalirudin.
db00006,bivalirudin,testosterone undecanoate,testosterone undecanoate may increase the anticoagulant activities of bivalirudin.
db00006,bivalirudin,testosterone enantate benzilic acid hydrazone,testosterone enantate benzilic acid hydrazone may increase the anticoagulant activities of bivalirudin.
db00006,bivalirudin,stanolone acetate,stanolone acetate may increase the anticoagulant activities of bivalirudin.
db00006,bivalirudin,trestolone acetate,trestolone acetate may increase the anticoagulant activities of bivalirudin.
db00006,bivalirudin,"(1,2,6,7-3h)testosterone","(1,2,6,7-3h)testosterone may increase the anticoagulant activities of bivalirudin."
db00006,bivalirudin,drostanolone propionate,drostanolone propionate may increase the anticoagulant activities of bivalirudin.
db00006,bivalirudin,stanolone,stanolone may increase the anticoagulant activities of bivalirudin.
db00006,bivalirudin,azficel-t,the risk or severity of adverse effects can be increased when bivalirudin is combined with azficel-t.
db00006,bivalirudin,omega-3-carboxylic acids,the therapeutic efficacy of bivalirudin can be increased when used in combination with omega-3-carboxylic acids.
db00006,bivalirudin,"antihemophilic factor, human recombinant","the therapeutic efficacy of antihemophilic factor, human recombinant can be decreased when used in combination with bivalirudin."
db00006,bivalirudin,coagulation factor viia recombinant human,the therapeutic efficacy of coagulation factor viia recombinant human can be decreased when used in combination with bivalirudin.
db00006,bivalirudin,coagulation factor ix (recombinant),the therapeutic efficacy of coagulation factor ix (recombinant) can be decreased when used in combination with bivalirudin.
db00006,bivalirudin,calcium,the therapeutic efficacy of calcium can be decreased when used in combination with bivalirudin.
db00006,bivalirudin,pantothenic acid,the therapeutic efficacy of pantothenic acid can be decreased when used in combination with bivalirudin.
db00006,bivalirudin,formic acid,the therapeutic efficacy of formic acid can be decreased when used in combination with bivalirudin.
db00006,bivalirudin,platelet activating factor,the therapeutic efficacy of platelet activating factor can be decreased when used in combination with bivalirudin.
db00006,bivalirudin,turoctocog alfa,the therapeutic efficacy of turoctocog alfa can be decreased when used in combination with bivalirudin.
db00006,bivalirudin,fibrinogen human,the therapeutic efficacy of fibrinogen human can be decreased when used in combination with bivalirudin.
db00006,bivalirudin,catridecacog,the therapeutic efficacy of catridecacog can be decreased when used in combination with bivalirudin.
db00006,bivalirudin,"antihemophilic factor (recombinant), pegylated","the therapeutic efficacy of antihemophilic factor (recombinant), pegylated can be decreased when used in combination with bivalirudin."
db00006,bivalirudin,prothrombin,the therapeutic efficacy of prothrombin can be decreased when used in combination with bivalirudin.
db00006,bivalirudin,factor ix complex (human),the therapeutic efficacy of factor ix complex (human) can be decreased when used in combination with bivalirudin.
db00006,bivalirudin,susoctocog alfa,the therapeutic efficacy of susoctocog alfa can be decreased when used in combination with bivalirudin.
db00006,bivalirudin,eftrenonacog alfa,the therapeutic efficacy of eftrenonacog alfa can be decreased when used in combination with bivalirudin.
db00006,bivalirudin,rusalatide acetate,the therapeutic efficacy of rusalatide acetate can be decreased when used in combination with bivalirudin.
db00006,bivalirudin,vatreptacog alfa,the therapeutic efficacy of vatreptacog alfa can be decreased when used in combination with bivalirudin.
db00006,bivalirudin,factor xiii (human),the therapeutic efficacy of factor xiii (human) can be decreased when used in combination with bivalirudin.
db00006,bivalirudin,von willebrand factor human,the therapeutic efficacy of von willebrand factor human can be decreased when used in combination with bivalirudin.
db00006,bivalirudin,coagulation factor x human,the therapeutic efficacy of coagulation factor x human can be decreased when used in combination with bivalirudin.
db00006,bivalirudin,coagulation factor vii human,the therapeutic efficacy of coagulation factor vii human can be decreased when used in combination with bivalirudin.
db00006,bivalirudin,anti-inhibitor coagulant complex,the therapeutic efficacy of anti-inhibitor coagulant complex can be decreased when used in combination with bivalirudin.
db00006,bivalirudin,coagulation factor ix human,the therapeutic efficacy of coagulation factor ix human can be decreased when used in combination with bivalirudin.
db00006,bivalirudin,antihemophilic factor human,the therapeutic efficacy of antihemophilic factor human can be decreased when used in combination with bivalirudin.
db00006,bivalirudin,kallidinogenase,the therapeutic efficacy of kallidinogenase can be decreased when used in combination with bivalirudin.
db00006,bivalirudin,trenonacog alfa,the therapeutic efficacy of trenonacog alfa can be decreased when used in combination with bivalirudin.
db00006,bivalirudin,albutrepenonacog alfa,the therapeutic efficacy of albutrepenonacog alfa can be decreased when used in combination with bivalirudin.
db00006,bivalirudin,emicizumab,the therapeutic efficacy of emicizumab can be decreased when used in combination with bivalirudin.
db00006,bivalirudin,nonacog beta pegol,the therapeutic efficacy of nonacog beta pegol can be decreased when used in combination with bivalirudin.
db00006,bivalirudin,moroctocog alfa,the therapeutic efficacy of moroctocog alfa can be decreased when used in combination with bivalirudin.
db00006,bivalirudin,beroctocog alfa,the therapeutic efficacy of beroctocog alfa can be decreased when used in combination with bivalirudin.
db00006,bivalirudin,andexanet alfa,the therapeutic efficacy of andexanet alfa can be decreased when used in combination with bivalirudin.
db00006,bivalirudin,calcium cation,the therapeutic efficacy of calcium cation can be decreased when used in combination with bivalirudin.
db00006,bivalirudin,damoctocog alfa pegol,the therapeutic efficacy of damoctocog alfa pegol can be decreased when used in combination with bivalirudin.
db00006,bivalirudin,turoctocog alfa pegol,the therapeutic efficacy of turoctocog alfa pegol can be decreased when used in combination with bivalirudin.
db00006,bivalirudin,fluvoxamine,the risk or severity of hemorrhage can be increased when fluvoxamine is combined with bivalirudin.
db00006,bivalirudin,citalopram,the risk or severity of bleeding can be increased when bivalirudin is combined with citalopram.
db00006,bivalirudin,fluoxetine,the risk or severity of hemorrhage can be increased when fluoxetine is combined with bivalirudin.
db00006,bivalirudin,paroxetine,the risk or severity of hemorrhage can be increased when paroxetine is combined with bivalirudin.
db00006,bivalirudin,nefazodone,the risk or severity of hemorrhage can be increased when nefazodone is combined with bivalirudin.
db00006,bivalirudin,zimelidine,the risk or severity of hemorrhage can be increased when zimelidine is combined with bivalirudin.
db00006,bivalirudin,dapoxetine,the risk or severity of hemorrhage can be increased when dapoxetine is combined with bivalirudin.
db00006,bivalirudin,seproxetine,the risk or severity of hemorrhage can be increased when seproxetine is combined with bivalirudin.
db00006,bivalirudin,indalpine,the risk or severity of hemorrhage can be increased when indalpine is combined with bivalirudin.
db00006,bivalirudin,ritanserin,the risk or severity of hemorrhage can be increased when ritanserin is combined with bivalirudin.
db00006,bivalirudin,alaproclate,the risk or severity of hemorrhage can be increased when alaproclate is combined with bivalirudin.
db00006,bivalirudin,duloxetine,the risk or severity of hemorrhage can be increased when duloxetine is combined with bivalirudin.
db00006,bivalirudin,sibutramine,the risk or severity of hemorrhage can be increased when sibutramine is combined with bivalirudin.
db00006,bivalirudin,milnacipran,the risk or severity of hemorrhage can be increased when milnacipran is combined with bivalirudin.
db00006,bivalirudin,desvenlafaxine,the risk or severity of adverse effects can be increased when desvenlafaxine is combined with bivalirudin.
db00006,bivalirudin,levomilnacipran,the risk or severity of bleeding can be increased when bivalirudin is combined with levomilnacipran.
db00006,bivalirudin,venlafaxine,the risk or severity of bleeding can be increased when bivalirudin is combined with venlafaxine.
db00006,bivalirudin,linezolid,the risk or severity of bleeding and hemorrhage can be increased when linezolid is combined with bivalirudin.
db00006,bivalirudin,furazolidone,the risk or severity of bleeding and hemorrhage can be increased when furazolidone is combined with bivalirudin.
db00006,bivalirudin,procaine,the risk or severity of bleeding and hemorrhage can be increased when procaine is combined with bivalirudin.
db00006,bivalirudin,tranylcypromine,the risk or severity of bleeding and hemorrhage can be increased when tranylcypromine is combined with bivalirudin.
db00006,bivalirudin,phenelzine,the risk or severity of bleeding and hemorrhage can be increased when phenelzine is combined with bivalirudin.
db00006,bivalirudin,minaprine,the risk or severity of bleeding and hemorrhage can be increased when minaprine is combined with bivalirudin.
db00006,bivalirudin,selegiline,the risk or severity of bleeding and hemorrhage can be increased when selegiline is combined with bivalirudin.
db00006,bivalirudin,procarbazine,the risk or severity of bleeding and hemorrhage can be increased when procarbazine is combined with bivalirudin.
db00006,bivalirudin,moclobemide,the risk or severity of bleeding and hemorrhage can be increased when moclobemide is combined with bivalirudin.
db00006,bivalirudin,isocarboxazid,the risk or severity of bleeding and hemorrhage can be increased when isocarboxazid is combined with bivalirudin.
db00006,bivalirudin,rasagiline,the risk or severity of bleeding and hemorrhage can be increased when rasagiline is combined with bivalirudin.
db00006,bivalirudin,pargyline,the risk or severity of bleeding and hemorrhage can be increased when pargyline is combined with bivalirudin.
db00006,bivalirudin,clorgiline,the risk or severity of bleeding and hemorrhage can be increased when clorgiline is combined with bivalirudin.
db00006,bivalirudin,iproniazid,the risk or severity of bleeding and hemorrhage can be increased when iproniazid is combined with bivalirudin.
db00006,bivalirudin,nialamide,the risk or severity of bleeding and hemorrhage can be increased when nialamide is combined with bivalirudin.
db00006,bivalirudin,safinamide,the risk or severity of bleeding and hemorrhage can be increased when safinamide is combined with bivalirudin.
db00006,bivalirudin,"7,8-dichloro-1,2,3,4-tetrahydroisoquinoline","the risk or severity of bleeding and hemorrhage can be increased when 7,8-dichloro-1,2,3,4-tetrahydroisoquinoline is combined with bivalirudin."
db00006,bivalirudin,methylene blue,the risk or severity of bleeding and hemorrhage can be increased when methylene blue is combined with bivalirudin.
db00006,bivalirudin,hydracarbazine,the risk or severity of bleeding and hemorrhage can be increased when hydracarbazine is combined with bivalirudin.
db00006,bivalirudin,pirlindole,the risk or severity of bleeding and hemorrhage can be increased when pirlindole is combined with bivalirudin.
db00006,bivalirudin,toloxatone,the risk or severity of bleeding and hemorrhage can be increased when toloxatone is combined with bivalirudin.
db00006,bivalirudin,benmoxin,the risk or severity of bleeding and hemorrhage can be increased when benmoxin is combined with bivalirudin.
db00006,bivalirudin,mebanazine,the risk or severity of bleeding and hemorrhage can be increased when mebanazine is combined with bivalirudin.
db00006,bivalirudin,octamoxin,the risk or severity of bleeding and hemorrhage can be increased when octamoxin is combined with bivalirudin.
db00006,bivalirudin,pheniprazine,the risk or severity of bleeding and hemorrhage can be increased when pheniprazine is combined with bivalirudin.
db00006,bivalirudin,phenoxypropazine,the risk or severity of bleeding and hemorrhage can be increased when phenoxypropazine is combined with bivalirudin.
db00006,bivalirudin,pivhydrazine,the risk or severity of bleeding and hemorrhage can be increased when pivhydrazine is combined with bivalirudin.
db00006,bivalirudin,safrazine,the risk or severity of bleeding and hemorrhage can be increased when safrazine is combined with bivalirudin.
db00006,bivalirudin,caroxazone,the risk or severity of bleeding and hemorrhage can be increased when caroxazone is combined with bivalirudin.
db00006,bivalirudin,harmaline,the risk or severity of bleeding and hemorrhage can be increased when harmaline is combined with bivalirudin.
db00006,bivalirudin,brofaromine,the risk or severity of bleeding and hemorrhage can be increased when brofaromine is combined with bivalirudin.
db00006,bivalirudin,dicoumarol,the risk or severity of bleeding can be increased when bivalirudin is combined with dicoumarol.
db00006,bivalirudin,argatroban,the risk or severity of bleeding can be increased when bivalirudin is combined with argatroban.
db00006,bivalirudin,ardeparin,the risk or severity of bleeding can be increased when bivalirudin is combined with ardeparin.
db00006,bivalirudin,phenindione,the risk or severity of bleeding can be increased when bivalirudin is combined with phenindione.
db00006,bivalirudin,fondaparinux,the risk or severity of bleeding can be increased when bivalirudin is combined with fondaparinux.
db00006,bivalirudin,warfarin,the risk or severity of bleeding can be increased when bivalirudin is combined with warfarin.
db00006,bivalirudin,phenprocoumon,the risk or severity of bleeding can be increased when bivalirudin is combined with phenprocoumon.
db00006,bivalirudin,edetic acid,the risk or severity of bleeding can be increased when bivalirudin is combined with edetic acid.
db00006,bivalirudin,heparin,the risk or severity of bleeding can be increased when bivalirudin is combined with heparin.
db00006,bivalirudin,enoxaparin,the risk or severity of bleeding can be increased when bivalirudin is combined with enoxaparin.
db00006,bivalirudin,acenocoumarol,the risk or severity of bleeding can be increased when bivalirudin is combined with acenocoumarol.
db00006,bivalirudin,ximelagatran,the risk or severity of bleeding can be increased when bivalirudin is combined with ximelagatran.
db00006,bivalirudin,ancrod,the risk or severity of bleeding can be increased when bivalirudin is combined with ancrod.
db00006,bivalirudin,sulodexide,the risk or severity of bleeding can be increased when bivalirudin is combined with sulodexide.
db00006,bivalirudin,idraparinux,the risk or severity of bleeding can be increased when bivalirudin is combined with idraparinux.
db00006,bivalirudin,otamixaban,the risk or severity of bleeding can be increased when bivalirudin is combined with otamixaban.
db00006,bivalirudin,danaparoid,the risk or severity of bleeding can be increased when bivalirudin is combined with danaparoid.
db00006,bivalirudin,dalteparin,the risk or severity of bleeding can be increased when bivalirudin is combined with dalteparin.
db00006,bivalirudin,ethyl biscoumacetate,the risk or severity of bleeding can be increased when bivalirudin is combined with ethyl biscoumacetate.
db00006,bivalirudin,nadroparin,the risk or severity of bleeding can be increased when bivalirudin is combined with nadroparin.
db00006,bivalirudin,dextran,the risk or severity of bleeding can be increased when bivalirudin is combined with dextran.
db00006,bivalirudin,desirudin,the risk or severity of bleeding can be increased when bivalirudin is combined with desirudin.
db00006,bivalirudin,protocatechualdehyde,the risk or severity of bleeding can be increased when bivalirudin is combined with protocatechualdehyde.
db00006,bivalirudin,protein c,the risk or severity of bleeding can be increased when bivalirudin is combined with protein c.
db00006,bivalirudin,antithrombin iii human,the risk or severity of bleeding can be increased when bivalirudin is combined with antithrombin iii human.
db00006,bivalirudin,letaxaban,the risk or severity of bleeding can be increased when bivalirudin is combined with letaxaban.
db00006,bivalirudin,darexaban,the risk or severity of bleeding can be increased when bivalirudin is combined with darexaban.
db00006,bivalirudin,nafamostat,the risk or severity of bleeding can be increased when bivalirudin is combined with nafamostat.
db00006,bivalirudin,gabexate,the risk or severity of bleeding can be increased when bivalirudin is combined with gabexate.
db00006,bivalirudin,troxerutin,the risk or severity of bleeding can be increased when bivalirudin is combined with troxerutin.
db00006,bivalirudin,fluindione,the risk or severity of bleeding can be increased when bivalirudin is combined with fluindione.
db00006,bivalirudin,protein s human,the therapeutic efficacy of protein s human can be decreased when used in combination with bivalirudin.
db00006,bivalirudin,melagatran,the risk or severity of bleeding can be increased when bivalirudin is combined with melagatran.
db00006,bivalirudin,sodium citrate,the risk or severity of bleeding can be increased when bivalirudin is combined with sodium citrate.
db00006,bivalirudin,tenecteplase,the risk or severity of bleeding can be increased when bivalirudin is combined with tenecteplase.
db00006,bivalirudin,drotrecogin alfa,the risk or severity of bleeding can be increased when bivalirudin is combined with drotrecogin alfa.
db00006,bivalirudin,tinzaparin,the risk or severity of bleeding can be increased when bivalirudin is combined with tinzaparin.
db00006,bivalirudin,brinase,the risk or severity of bleeding can be increased when bivalirudin is combined with brinase.
db00006,bivalirudin,saruplase,the risk or severity of bleeding can be increased when bivalirudin is combined with saruplase.
db00006,bivalirudin,streptokinase,the risk or severity of bleeding can be increased when bivalirudin is combined with streptokinase.
db00006,bivalirudin,desmoteplase,the risk or severity of bleeding can be increased when bivalirudin is combined with desmoteplase.
db00006,bivalirudin,astaxanthin,the risk or severity of bleeding can be increased when bivalirudin is combined with astaxanthin.
db00006,bivalirudin,ditazole,the risk or severity of bleeding can be increased when bivalirudin is combined with ditazole.
db00006,bivalirudin,bemiparin,the risk or severity of bleeding can be increased when bivalirudin is combined with bemiparin.
db00006,bivalirudin,parnaparin,the risk or severity of bleeding can be increased when bivalirudin is combined with parnaparin.
db00006,bivalirudin,clorindione,the risk or severity of bleeding can be increased when bivalirudin is combined with clorindione.
db00006,bivalirudin,diphenadione,the risk or severity of bleeding can be increased when bivalirudin is combined with diphenadione.
db00006,bivalirudin,tioclomarol,the risk or severity of bleeding can be increased when bivalirudin is combined with tioclomarol.
db00006,bivalirudin,lepirudin,the risk or severity of bleeding can be increased when lepirudin is combined with bivalirudin.
db00006,bivalirudin,alteplase,the risk or severity of bleeding can be increased when bivalirudin is combined with alteplase.
db00006,bivalirudin,reteplase,the risk or severity of bleeding can be increased when bivalirudin is combined with reteplase.
db00006,bivalirudin,anistreplase,the risk or severity of bleeding can be increased when bivalirudin is combined with anistreplase.
db00006,bivalirudin,tocopherylquinone,the risk or severity of bleeding can be increased when bivalirudin is combined with tocopherylquinone.
db00006,bivalirudin,amediplase,the risk or severity of bleeding can be increased when bivalirudin is combined with amediplase.
db00006,bivalirudin,4-hydroxycoumarin,the risk or severity of bleeding can be increased when bivalirudin is combined with 4-hydroxycoumarin.
db00006,bivalirudin,(r)-warfarin,the risk or severity of bleeding can be increased when bivalirudin is combined with (r)-warfarin.
db00006,bivalirudin,(s)-warfarin,the risk or severity of bleeding can be increased when bivalirudin is combined with (s)-warfarin.
db00006,bivalirudin,betrixaban,the risk or severity of bleeding can be increased when bivalirudin is combined with betrixaban.
db00006,bivalirudin,antithrombin alfa,the risk or severity of bleeding can be increased when bivalirudin is combined with antithrombin alfa.
db00006,bivalirudin,coumarin,the risk or severity of bleeding can be increased when bivalirudin is combined with coumarin.
db00006,bivalirudin,dabigatran,the risk or severity of bleeding can be increased when bivalirudin is combined with dabigatran.
db00006,bivalirudin,semuloparin,the risk or severity of bleeding can be increased when bivalirudin is combined with semuloparin.
db00006,bivalirudin,monteplase,the risk or severity of bleeding can be increased when bivalirudin is combined with monteplase.
db00006,bivalirudin,reviparin,the risk or severity of bleeding can be increased when bivalirudin is combined with reviparin.
db00006,bivalirudin,dermatan sulfate,the risk or severity of bleeding can be increased when bivalirudin is combined with dermatan sulfate.
db00006,bivalirudin,sr-123781a,the risk or severity of bleeding can be increased when bivalirudin is combined with sr-123781a.
db00006,bivalirudin,sildenafil,the risk or severity of hemorrhage can be increased when bivalirudin is combined with sildenafil.
db00006,bivalirudin,peginterferon alfa-2a,the risk or severity of bleeding can be increased when bivalirudin is combined with peginterferon alfa-2a.
db00006,bivalirudin,interferon alfa-n1,the risk or severity of bleeding can be increased when bivalirudin is combined with interferon alfa-n1.
db00006,bivalirudin,interferon alfa-n3,the risk or severity of bleeding can be increased when bivalirudin is combined with interferon alfa-n3.
db00006,bivalirudin,peginterferon alfa-2b,the risk or severity of bleeding can be increased when bivalirudin is combined with peginterferon alfa-2b.
db00006,bivalirudin,interferon gamma-1b,the risk or severity of bleeding can be increased when bivalirudin is combined with interferon gamma-1b.
db00006,bivalirudin,interferon alfa-2a,the risk or severity of bleeding can be increased when bivalirudin is combined with interferon alfa-2a.
db00006,bivalirudin,aldesleukin,the risk or severity of bleeding can be increased when bivalirudin is combined with aldesleukin.
db00006,bivalirudin,gemtuzumab ozogamicin,the risk or severity of bleeding can be increased when bivalirudin is combined with gemtuzumab ozogamicin.
db00006,bivalirudin,interferon beta-1b,the risk or severity of bleeding can be increased when bivalirudin is combined with interferon beta-1b.
db00006,bivalirudin,interferon alfacon-1,the risk or severity of bleeding can be increased when bivalirudin is combined with interferon alfacon-1.
db00006,bivalirudin,rituximab,the risk or severity of bleeding can be increased when bivalirudin is combined with rituximab.
db00006,bivalirudin,ibritumomab tiuxetan,the risk or severity of bleeding can be increased when bivalirudin is combined with ibritumomab tiuxetan.
db00006,bivalirudin,alemtuzumab,the risk or severity of bleeding can be increased when bivalirudin is combined with alemtuzumab.
db00006,bivalirudin,interferon alfa-2b,the risk or severity of bleeding can be increased when bivalirudin is combined with interferon alfa-2b.
db00006,bivalirudin,phenylalanine,the risk or severity of bleeding can be increased when bivalirudin is combined with phenylalanine.
db00006,bivalirudin,bortezomib,the risk or severity of bleeding can be increased when bivalirudin is combined with bortezomib.
db00006,bivalirudin,cladribine,the risk or severity of bleeding can be increased when bivalirudin is combined with cladribine.
db00006,bivalirudin,carmustine,the risk or severity of bleeding can be increased when bivalirudin is combined with carmustine.
db00006,bivalirudin,amsacrine,the risk or severity of bleeding can be increased when bivalirudin is combined with amsacrine.
db00006,bivalirudin,chlorambucil,the risk or severity of bleeding can be increased when bivalirudin is combined with chlorambucil.
db00006,bivalirudin,raltitrexed,the risk or severity of bleeding can be increased when bivalirudin is combined with raltitrexed.
db00006,bivalirudin,mitomycin,the risk or severity of bleeding can be increased when bivalirudin is combined with mitomycin.
db00006,bivalirudin,bexarotene,the risk or severity of bleeding can be increased when bivalirudin is combined with bexarotene.
db00006,bivalirudin,vindesine,the risk or severity of bleeding can be increased when bivalirudin is combined with vindesine.
db00006,bivalirudin,floxuridine,the risk or severity of bleeding can be increased when bivalirudin is combined with floxuridine.
db00006,bivalirudin,tioguanine,the risk or severity of bleeding can be increased when bivalirudin is combined with tioguanine.
db00006,bivalirudin,vinorelbine,the risk or severity of bleeding can be increased when bivalirudin is combined with vinorelbine.
db00006,bivalirudin,dexrazoxane,the risk or severity of bleeding can be increased when bivalirudin is combined with dexrazoxane.
db00006,bivalirudin,sorafenib,the risk or severity of bleeding can be increased when bivalirudin is combined with sorafenib.
db00006,bivalirudin,streptozocin,the risk or severity of bleeding can be increased when bivalirudin is combined with streptozocin.
db00006,bivalirudin,gemcitabine,the risk or severity of bleeding can be increased when bivalirudin is combined with gemcitabine.
db00006,bivalirudin,teniposide,the risk or severity of bleeding can be increased when bivalirudin is combined with teniposide.
db00006,bivalirudin,epirubicin,the risk or severity of bleeding can be increased when bivalirudin is combined with epirubicin.
db00006,bivalirudin,chloramphenicol,the risk or severity of bleeding can be increased when bivalirudin is combined with chloramphenicol.
db00006,bivalirudin,lenalidomide,the risk or severity of bleeding can be increased when bivalirudin is combined with lenalidomide.
db00006,bivalirudin,altretamine,the risk or severity of bleeding can be increased when bivalirudin is combined with altretamine.
db00006,bivalirudin,zidovudine,the risk or severity of bleeding can be increased when bivalirudin is combined with zidovudine.
db00006,bivalirudin,cisplatin,the risk or severity of bleeding can be increased when bivalirudin is combined with cisplatin.
db00006,bivalirudin,oxaliplatin,the risk or severity of hemorrhage can be increased when oxaliplatin is combined with bivalirudin.
db00006,bivalirudin,cyclophosphamide,the risk or severity of bleeding can be increased when bivalirudin is combined with cyclophosphamide.
db00006,bivalirudin,fluorouracil,the risk or severity of bleeding can be increased when bivalirudin is combined with fluorouracil.
db00006,bivalirudin,pentostatin,the risk or severity of bleeding can be increased when bivalirudin is combined with pentostatin.
db00006,bivalirudin,methotrexate,the risk or severity of bleeding can be increased when bivalirudin is combined with methotrexate.
db00006,bivalirudin,carbamazepine,the risk or severity of bleeding can be increased when bivalirudin is combined with carbamazepine.
db00006,bivalirudin,vinblastine,the risk or severity of bleeding can be increased when bivalirudin is combined with vinblastine.
db00006,bivalirudin,imatinib,the risk or severity of bleeding can be increased when bivalirudin is combined with imatinib.
db00006,bivalirudin,clofarabine,the risk or severity of bleeding can be increased when bivalirudin is combined with clofarabine.
db00006,bivalirudin,pemetrexed,the risk or severity of bleeding can be increased when bivalirudin is combined with pemetrexed.
db00006,bivalirudin,daunorubicin,the risk or severity of bleeding can be increased when bivalirudin is combined with daunorubicin.
db00006,bivalirudin,irinotecan,the risk or severity of bleeding can be increased when bivalirudin is combined with irinotecan.
db00006,bivalirudin,etoposide,the risk or severity of bleeding can be increased when bivalirudin is combined with etoposide.
db00006,bivalirudin,dacarbazine,the risk or severity of bleeding can be increased when bivalirudin is combined with dacarbazine.
db00006,bivalirudin,temozolomide,the risk or severity of bleeding can be increased when bivalirudin is combined with temozolomide.
db00006,bivalirudin,penicillamine,the risk or severity of bleeding can be increased when bivalirudin is combined with penicillamine.
db00006,bivalirudin,tacrolimus,the risk or severity of bleeding can be increased when bivalirudin is combined with tacrolimus.
db00006,bivalirudin,sirolimus,the risk or severity of bleeding can be increased when bivalirudin is combined with sirolimus.
db00006,bivalirudin,mechlorethamine,the risk or severity of bleeding can be increased when bivalirudin is combined with mechlorethamine.
db00006,bivalirudin,azacitidine,the risk or severity of bleeding can be increased when bivalirudin is combined with azacitidine.
db00006,bivalirudin,carboplatin,the risk or severity of bleeding can be increased when bivalirudin is combined with carboplatin.
db00006,bivalirudin,dactinomycin,the risk or severity of bleeding can be increased when bivalirudin is combined with dactinomycin.
db00006,bivalirudin,cytarabine,the risk or severity of bleeding can be increased when bivalirudin is combined with cytarabine.
db00006,bivalirudin,doxorubicin,the risk or severity of bleeding can be increased when bivalirudin is combined with doxorubicin.
db00006,bivalirudin,hydroxyurea,the risk or severity of bleeding can be increased when bivalirudin is combined with hydroxyurea.
db00006,bivalirudin,busulfan,the risk or severity of bleeding can be increased when bivalirudin is combined with busulfan.
db00006,bivalirudin,topotecan,the risk or severity of bleeding can be increased when bivalirudin is combined with topotecan.
db00006,bivalirudin,mercaptopurine,the risk or severity of bleeding can be increased when bivalirudin is combined with mercaptopurine.
db00006,bivalirudin,thalidomide,the risk or severity of bleeding can be increased when bivalirudin is combined with thalidomide.
db00006,bivalirudin,melphalan,the risk or severity of bleeding can be increased when bivalirudin is combined with melphalan.
db00006,bivalirudin,fludarabine,the risk or severity of bleeding can be increased when bivalirudin is combined with fludarabine.
db00006,bivalirudin,flucytosine,the risk or severity of bleeding can be increased when bivalirudin is combined with flucytosine.
db00006,bivalirudin,capecitabine,the risk or severity of bleeding can be increased when bivalirudin is combined with capecitabine.
db00006,bivalirudin,arsenic trioxide,the risk or severity of bleeding can be increased when bivalirudin is combined with arsenic trioxide.
db00006,bivalirudin,idarubicin,the risk or severity of bleeding can be increased when bivalirudin is combined with idarubicin.
db00006,bivalirudin,mitoxantrone,the risk or severity of bleeding can be increased when bivalirudin is combined with mitoxantrone.
db00006,bivalirudin,lomustine,the risk or severity of bleeding can be increased when bivalirudin is combined with lomustine.
db00006,bivalirudin,paclitaxel,the risk or severity of bleeding can be increased when bivalirudin is combined with paclitaxel.
db00006,bivalirudin,docetaxel,the risk or severity of bleeding can be increased when bivalirudin is combined with docetaxel.
db00006,bivalirudin,decitabine,the risk or severity of bleeding can be increased when bivalirudin is combined with decitabine.
db00006,bivalirudin,nelarabine,the risk or severity of bleeding can be increased when bivalirudin is combined with nelarabine.
db00006,bivalirudin,everolimus,the risk or severity of bleeding can be increased when bivalirudin is combined with everolimus.
db00006,bivalirudin,vorinostat,the risk or severity of bleeding can be increased when bivalirudin is combined with vorinostat.
db00006,bivalirudin,thiotepa,the risk or severity of bleeding can be increased when bivalirudin is combined with thiotepa.
db00006,bivalirudin,ixabepilone,the risk or severity of bleeding can be increased when bivalirudin is combined with ixabepilone.
db00006,bivalirudin,nilotinib,the risk or severity of bleeding can be increased when bivalirudin is combined with nilotinib.
db00006,bivalirudin,belinostat,the risk or severity of bleeding can be increased when bivalirudin is combined with belinostat.
db00006,bivalirudin,trabectedin,the risk or severity of bleeding can be increased when bivalirudin is combined with trabectedin.
db00006,bivalirudin,interferon alfa,the risk or severity of bleeding can be increased when bivalirudin is combined with interferon alfa.
db00006,bivalirudin,human interferon omega-1,the risk or severity of bleeding can be increased when bivalirudin is combined with human interferon omega-1.
db00006,bivalirudin,trastuzumab emtansine,the risk or severity of bleeding can be increased when bivalirudin is combined with trastuzumab emtansine.
db00006,bivalirudin,temsirolimus,the risk or severity of bleeding can be increased when bivalirudin is combined with temsirolimus.
db00006,bivalirudin,bosutinib,the risk or severity of bleeding can be increased when bivalirudin is combined with bosutinib.
db00006,bivalirudin,bendamustine,the risk or severity of bleeding can be increased when bivalirudin is combined with bendamustine.
db00006,bivalirudin,cabazitaxel,the risk or severity of bleeding can be increased when bivalirudin is combined with cabazitaxel.
db00006,bivalirudin,eribulin,the risk or severity of bleeding can be increased when bivalirudin is combined with eribulin.
db00006,bivalirudin,ruxolitinib,the risk or severity of bleeding can be increased when bivalirudin is combined with ruxolitinib.
db00006,bivalirudin,carfilzomib,the risk or severity of bleeding can be increased when bivalirudin is combined with carfilzomib.
db00006,bivalirudin,tofacitinib,the risk or severity of bleeding can be increased when bivalirudin is combined with tofacitinib.
db00006,bivalirudin,ponatinib,the risk or severity of bleeding can be increased when bivalirudin is combined with ponatinib.
db00006,bivalirudin,pomalidomide,the risk or severity of bleeding can be increased when bivalirudin is combined with pomalidomide.
db00006,bivalirudin,tedizolid phosphate,the risk or severity of bleeding can be increased when bivalirudin is combined with tedizolid phosphate.
db00006,bivalirudin,blinatumomab,the risk or severity of bleeding can be increased when bivalirudin is combined with blinatumomab.
db00006,bivalirudin,palbociclib,the risk or severity of bleeding can be increased when bivalirudin is combined with palbociclib.
db00006,bivalirudin,olaparib,the risk or severity of bleeding can be increased when bivalirudin is combined with olaparib.
db00006,bivalirudin,dinutuximab,the risk or severity of bleeding can be increased when bivalirudin is combined with dinutuximab.
db00006,bivalirudin,peginterferon beta-1a,the risk or severity of bleeding can be increased when bivalirudin is combined with peginterferon beta-1a.
db00006,bivalirudin,cepeginterferon alfa-2b,the risk or severity of bleeding can be increased when bivalirudin is combined with cepeginterferon alfa-2b.
db00006,bivalirudin,cefotiam,the therapeutic efficacy of bivalirudin can be decreased when used in combination with cefotiam.
db00006,bivalirudin,cefmenoxime,the therapeutic efficacy of bivalirudin can be decreased when used in combination with cefmenoxime.
db00006,bivalirudin,cefmetazole,the therapeutic efficacy of bivalirudin can be decreased when used in combination with cefmetazole.
db00006,bivalirudin,cefpiramide,the therapeutic efficacy of bivalirudin can be decreased when used in combination with cefpiramide.
db00006,bivalirudin,ceftazidime,the therapeutic efficacy of bivalirudin can be decreased when used in combination with ceftazidime.
db00006,bivalirudin,loracarbef,the therapeutic efficacy of bivalirudin can be decreased when used in combination with loracarbef.
db00006,bivalirudin,cefalotin,the therapeutic efficacy of bivalirudin can be decreased when used in combination with cefalotin.
db00006,bivalirudin,cefotaxime,the therapeutic efficacy of bivalirudin can be decreased when used in combination with cefotaxime.
db00006,bivalirudin,cefdinir,the therapeutic efficacy of bivalirudin can be decreased when used in combination with cefdinir.
db00006,bivalirudin,cephalexin,the therapeutic efficacy of bivalirudin can be decreased when used in combination with cephalexin.
db00006,bivalirudin,cefixime,the therapeutic efficacy of bivalirudin can be decreased when used in combination with cefixime.
db00006,bivalirudin,cephaloglycin,the therapeutic efficacy of bivalirudin can be decreased when used in combination with cephaloglycin.
db00006,bivalirudin,cefaclor,the therapeutic efficacy of bivalirudin can be decreased when used in combination with cefaclor.
db00006,bivalirudin,ceforanide,the therapeutic efficacy of bivalirudin can be decreased when used in combination with ceforanide.
db00006,bivalirudin,cefditoren,the therapeutic efficacy of bivalirudin can be decreased when used in combination with cefditoren.
db00006,bivalirudin,cefuroxime,the therapeutic efficacy of bivalirudin can be decreased when used in combination with cefuroxime.
db00006,bivalirudin,cefapirin,the therapeutic efficacy of bivalirudin can be decreased when used in combination with cefapirin.
db00006,bivalirudin,cefadroxil,the therapeutic efficacy of bivalirudin can be decreased when used in combination with cefadroxil.
db00006,bivalirudin,cefprozil,the therapeutic efficacy of bivalirudin can be decreased when used in combination with cefprozil.
db00006,bivalirudin,ceftriaxone,the therapeutic efficacy of bivalirudin can be decreased when used in combination with ceftriaxone.
db00006,bivalirudin,cefamandole,the therapeutic efficacy of bivalirudin can be decreased when used in combination with cefamandole.
db00006,bivalirudin,cefazolin,the therapeutic efficacy of bivalirudin can be decreased when used in combination with cefazolin.
db00006,bivalirudin,cefonicid,the therapeutic efficacy of bivalirudin can be decreased when used in combination with cefonicid.
db00006,bivalirudin,cefoperazone,the therapeutic efficacy of bivalirudin can be decreased when used in combination with cefoperazone.
db00006,bivalirudin,cefotetan,the therapeutic efficacy of bivalirudin can be decreased when used in combination with cefotetan.
db00006,bivalirudin,cefoxitin,the therapeutic efficacy of bivalirudin can be decreased when used in combination with cefoxitin.
db00006,bivalirudin,ceftizoxime,the therapeutic efficacy of bivalirudin can be decreased when used in combination with ceftizoxime.
db00006,bivalirudin,cefradine,the therapeutic efficacy of bivalirudin can be decreased when used in combination with cefradine.
db00006,bivalirudin,cefepime,the therapeutic efficacy of bivalirudin can be decreased when used in combination with cefepime.
db00006,bivalirudin,cefacetrile,the therapeutic efficacy of bivalirudin can be decreased when used in combination with cefacetrile.
db00006,bivalirudin,ceftibuten,the therapeutic efficacy of bivalirudin can be decreased when used in combination with ceftibuten.
db00006,bivalirudin,cefpodoxime,the therapeutic efficacy of bivalirudin can be decreased when used in combination with cefpodoxime.
db00006,bivalirudin,latamoxef,the therapeutic efficacy of bivalirudin can be decreased when used in combination with latamoxef.
db00006,bivalirudin,ceftobiprole,the therapeutic efficacy of bivalirudin can be decreased when used in combination with ceftobiprole.
db00006,bivalirudin,ceftaroline fosamil,the therapeutic efficacy of bivalirudin can be decreased when used in combination with ceftaroline fosamil.
db00006,bivalirudin,cefaloridine,the therapeutic efficacy of bivalirudin can be decreased when used in combination with cefaloridine.
db00006,bivalirudin,ceftolozane,the therapeutic efficacy of bivalirudin can be decreased when used in combination with ceftolozane.
db00006,bivalirudin,cefminox,the therapeutic efficacy of bivalirudin can be decreased when used in combination with cefminox.
db00006,bivalirudin,cefroxadine,the therapeutic efficacy of bivalirudin can be decreased when used in combination with cefroxadine.
db00006,bivalirudin,flomoxef,the therapeutic efficacy of bivalirudin can be decreased when used in combination with flomoxef.
db00006,bivalirudin,cefatrizine,the therapeutic efficacy of bivalirudin can be decreased when used in combination with cefatrizine.
db00006,bivalirudin,cefcapene,the therapeutic efficacy of bivalirudin can be decreased when used in combination with cefcapene.
db00006,bivalirudin,cefodizime,the therapeutic efficacy of bivalirudin can be decreased when used in combination with cefodizime.
db00006,bivalirudin,cefsulodin,the therapeutic efficacy of bivalirudin can be decreased when used in combination with cefsulodin.
db00006,bivalirudin,cefetamet,the therapeutic efficacy of bivalirudin can be decreased when used in combination with cefetamet.
db00006,bivalirudin,cefbuperazone,the therapeutic efficacy of bivalirudin can be decreased when used in combination with cefbuperazone.
db00006,bivalirudin,cefozopran,the therapeutic efficacy of bivalirudin can be decreased when used in combination with cefozopran.
db00006,bivalirudin,cefpirome,the therapeutic efficacy of bivalirudin can be decreased when used in combination with cefpirome.
db00006,bivalirudin,cefazedone,the therapeutic efficacy of bivalirudin can be decreased when used in combination with cefazedone.
db00006,bivalirudin,ceftezole,the therapeutic efficacy of bivalirudin can be decreased when used in combination with ceftezole.
db00006,bivalirudin,cefamandole nafate,the therapeutic efficacy of bivalirudin can be decreased when used in combination with cefamandole nafate.
db00006,bivalirudin,doxycycline,the risk or severity of bleeding can be increased when doxycycline is combined with bivalirudin.
db00006,bivalirudin,azithromycin,the risk or severity of adverse effects can be increased when azithromycin is combined with bivalirudin.
db00006,bivalirudin,omega-3-acid ethyl esters,the risk or severity of bleeding can be increased when omega-3-acid ethyl esters is combined with bivalirudin.
db00006,bivalirudin,acetylsalicylic acid,acetylsalicylic acid may increase the anticoagulant activities of bivalirudin.
db00006,bivalirudin,tazobactam,the risk or severity of bleeding can be increased when tazobactam is combined with bivalirudin.
db00006,bivalirudin,erythromycin,the risk or severity of bleeding can be increased when erythromycin is combined with bivalirudin.
db00006,bivalirudin,trazodone,the risk or severity of bleeding can be increased when trazodone is combined with bivalirudin.
db00006,bivalirudin,triamcinolone,the therapeutic efficacy of bivalirudin can be decreased when used in combination with triamcinolone.
db00006,bivalirudin,nintedanib,the risk or severity of bleeding can be increased when nintedanib is combined with bivalirudin.
db00006,bivalirudin,escitalopram,the risk or severity of bleeding can be increased when escitalopram is combined with bivalirudin.
db00006,bivalirudin,sertraline,the risk or severity of bleeding can be increased when sertraline is combined with bivalirudin.
db00006,bivalirudin,methyclothiazide,the therapeutic efficacy of bivalirudin can be decreased when used in combination with methyclothiazide.
db00006,bivalirudin,bendroflumethiazide,the therapeutic efficacy of bivalirudin can be decreased when used in combination with bendroflumethiazide.
db00006,bivalirudin,benzthiazide,the therapeutic efficacy of bivalirudin can be decreased when used in combination with benzthiazide.
db00006,bivalirudin,cyclothiazide,the therapeutic efficacy of bivalirudin can be decreased when used in combination with cyclothiazide.
db00006,bivalirudin,hydroflumethiazide,the therapeutic efficacy of bivalirudin can be decreased when used in combination with hydroflumethiazide.
db00006,bivalirudin,chlorothiazide,the therapeutic efficacy of bivalirudin can be decreased when used in combination with chlorothiazide.
db00006,bivalirudin,hydrochlorothiazide,the therapeutic efficacy of bivalirudin can be decreased when used in combination with hydrochlorothiazide.
db00006,bivalirudin,trichlormethiazide,the therapeutic efficacy of bivalirudin can be decreased when used in combination with trichlormethiazide.
db00006,bivalirudin,polythiazide,the therapeutic efficacy of bivalirudin can be decreased when used in combination with polythiazide.
db00006,bivalirudin,mebutizide,the therapeutic efficacy of bivalirudin can be decreased when used in combination with mebutizide.
db00006,bivalirudin,cyclopenthiazide,the therapeutic efficacy of bivalirudin can be decreased when used in combination with cyclopenthiazide.
db00006,bivalirudin,buthiazide,the therapeutic efficacy of bivalirudin can be decreased when used in combination with buthiazide.
db00006,bivalirudin,estradiol,the risk or severity of adverse effects can be increased when estradiol is combined with bivalirudin.
db00006,bivalirudin,ethinylestradiol,the risk or severity of adverse effects can be increased when ethinylestradiol is combined with bivalirudin.
db00006,bivalirudin,mifepristone,the risk or severity of adverse effects can be increased when mifepristone is combined with bivalirudin.
db00006,bivalirudin,ormeloxifene,the risk or severity of adverse effects can be increased when ormeloxifene is combined with bivalirudin.
db00006,bivalirudin,desogestrel,the risk or severity of adverse effects can be increased when desogestrel is combined with bivalirudin.
db00006,bivalirudin,megestrol acetate,the risk or severity of adverse effects can be increased when megestrol acetate is combined with bivalirudin.
db00006,bivalirudin,levonorgestrel,the risk or severity of adverse effects can be increased when levonorgestrel is combined with bivalirudin.
db00006,bivalirudin,medroxyprogesterone acetate,the risk or severity of adverse effects can be increased when medroxyprogesterone acetate is combined with bivalirudin.
db00006,bivalirudin,norethisterone,the risk or severity of adverse effects can be increased when norethisterone is combined with bivalirudin.
db00006,bivalirudin,ethynodiol diacetate,the risk or severity of adverse effects can be increased when ethynodiol diacetate is combined with bivalirudin.
db00006,bivalirudin,norgestimate,the risk or severity of adverse effects can be increased when norgestimate is combined with bivalirudin.
db00006,bivalirudin,drospirenone,the risk or severity of adverse effects can be increased when drospirenone is combined with bivalirudin.
db00006,bivalirudin,cyproterone acetate,the risk or severity of adverse effects can be increased when cyproterone acetate is combined with bivalirudin.
db00006,bivalirudin,gestodene,the risk or severity of adverse effects can be increased when gestodene is combined with bivalirudin.
db00006,bivalirudin,dienogest,the risk or severity of adverse effects can be increased when dienogest is combined with bivalirudin.
db00006,bivalirudin,norethynodrel,the risk or severity of adverse effects can be increased when norethynodrel is combined with bivalirudin.
db00006,bivalirudin,norgestrel,the risk or severity of adverse effects can be increased when norgestrel is combined with bivalirudin.
db00006,bivalirudin,gestrinone,the risk or severity of adverse effects can be increased when gestrinone is combined with bivalirudin.
db00006,bivalirudin,lynestrenol,the risk or severity of adverse effects can be increased when lynestrenol is combined with bivalirudin.
db00006,bivalirudin,chlormadinone,the risk or severity of adverse effects can be increased when chlormadinone is combined with bivalirudin.
db00006,bivalirudin,norgestrienone,the risk or severity of adverse effects can be increased when norgestrienone is combined with bivalirudin.
db00006,bivalirudin,quingestanol,the risk or severity of adverse effects can be increased when quingestanol is combined with bivalirudin.
db00006,bivalirudin,demegestone,the risk or severity of adverse effects can be increased when demegestone is combined with bivalirudin.
db00006,bivalirudin,nomegestrol acetate,the risk or severity of adverse effects can be increased when nomegestrol acetate is combined with bivalirudin.
db00006,bivalirudin,norethindrone enanthate,the risk or severity of adverse effects can be increased when norethindrone enanthate is combined with bivalirudin.
db00006,bivalirudin,algestone acetophenide,the therapeutic efficacy of bivalirudin can be decreased when used in combination with algestone acetophenide.
db00006,bivalirudin,estetrol,the risk or severity of adverse effects can be increased when estetrol is combined with bivalirudin.
db00006,bivalirudin,menthyl salicylate,the risk or severity of bleeding and hemorrhage can be increased when menthyl salicylate is combined with bivalirudin.
db00006,bivalirudin,glycol salicylate,the risk or severity of bleeding and hemorrhage can be increased when glycol salicylate is combined with bivalirudin.
db00006,bivalirudin,ropeginterferon alfa-2b,the risk or severity of bleeding can be increased when bivalirudin is combined with ropeginterferon alfa-2b.
db00006,bivalirudin,padeliporfin,the risk or severity of bleeding can be increased when bivalirudin is combined with padeliporfin.
db00006,bivalirudin,rurioctocog alfa pegol,the therapeutic efficacy of rurioctocog alfa pegol can be decreased when used in combination with bivalirudin.
db00006,bivalirudin,ceftobiprole medocaril,the therapeutic efficacy of bivalirudin can be decreased when used in combination with ceftobiprole medocaril.
db00006,bivalirudin,soybean oil,the therapeutic efficacy of bivalirudin can be decreased when used in combination with soybean oil.
db00006,bivalirudin,olive oil,the therapeutic efficacy of bivalirudin can be decreased when used in combination with olive oil.
db00006,bivalirudin,mosunetuzumab,the risk or severity of bleeding can be increased when bivalirudin is combined with mosunetuzumab.
db00006,bivalirudin,pirtobrutinib,the risk or severity of bleeding can be increased when bivalirudin is combined with pirtobrutinib.
db00006,bivalirudin,inotersen,the risk or severity of thrombocytopenia can be increased when inotersen is combined with bivalirudin.
db00006,bivalirudin,etranacogene dezaparvovec,the therapeutic efficacy of etranacogene dezaparvovec can be decreased when used in combination with bivalirudin.
db00006,bivalirudin,chlormadinone acetate,the therapeutic efficacy of bivalirudin can be decreased when used in combination with chlormadinone acetate.
db00006,bivalirudin,plumbagin,the therapeutic efficacy of bivalirudin can be decreased when used in combination with plumbagin.
db00006,bivalirudin,algestone,the therapeutic efficacy of bivalirudin can be decreased when used in combination with algestone.
db00006,bivalirudin,ferulic acid,the risk or severity of bleeding can be increased when bivalirudin is combined with ferulic acid.
db00007,leuprolide,corifollitropin alfa,the therapeutic efficacy of corifollitropin alfa can be increased when used in combination with leuprolide.
db00007,leuprolide,ivabradine,ivabradine may increase the qtc-prolonging activities of leuprolide.
db00007,leuprolide,choline c 11,leuprolide may decrease effectiveness of choline c 11 as a diagnostic agent.
db00007,leuprolide,capromab pendetide,leuprolide may decrease effectiveness of capromab pendetide as a diagnostic agent.
db00007,leuprolide,insulin human,the therapeutic efficacy of insulin human can be decreased when used in combination with leuprolide.
db00007,leuprolide,insulin lispro,the therapeutic efficacy of insulin lispro can be decreased when used in combination with leuprolide.
db00007,leuprolide,insulin glargine,the therapeutic efficacy of insulin glargine can be decreased when used in combination with leuprolide.
db00007,leuprolide,insulin pork,the therapeutic efficacy of insulin pork can be decreased when used in combination with leuprolide.
db00007,leuprolide,troglitazone,the therapeutic efficacy of troglitazone can be decreased when used in combination with leuprolide.
db00007,leuprolide,glimepiride,the therapeutic efficacy of glimepiride can be decreased when used in combination with leuprolide.
db00007,leuprolide,acarbose,the therapeutic efficacy of acarbose can be decreased when used in combination with leuprolide.
db00007,leuprolide,sulfadiazine,the therapeutic efficacy of sulfadiazine can be decreased when used in combination with leuprolide.
db00007,leuprolide,rosiglitazone,the therapeutic efficacy of rosiglitazone can be decreased when used in combination with leuprolide.
db00007,leuprolide,acetohexamide,the therapeutic efficacy of acetohexamide can be decreased when used in combination with leuprolide.
db00007,leuprolide,miglitol,the therapeutic efficacy of miglitol can be decreased when used in combination with leuprolide.
db00007,leuprolide,chlorpropamide,the therapeutic efficacy of chlorpropamide can be decreased when used in combination with leuprolide.
db00007,leuprolide,nateglinide,the therapeutic efficacy of nateglinide can be decreased when used in combination with leuprolide.
db00007,leuprolide,tolazamide,the therapeutic efficacy of tolazamide can be decreased when used in combination with leuprolide.
db00007,leuprolide,repaglinide,the therapeutic efficacy of repaglinide can be decreased when used in combination with leuprolide.
db00007,leuprolide,phenformin,the therapeutic efficacy of phenformin can be decreased when used in combination with leuprolide.
db00007,leuprolide,glyburide,the therapeutic efficacy of glyburide can be decreased when used in combination with leuprolide.
db00007,leuprolide,glipizide,the therapeutic efficacy of glipizide can be decreased when used in combination with leuprolide.
db00007,leuprolide,gliclazide,the therapeutic efficacy of gliclazide can be decreased when used in combination with leuprolide.
db00007,leuprolide,tolbutamide,the therapeutic efficacy of tolbutamide can be decreased when used in combination with leuprolide.
db00007,leuprolide,pioglitazone,the therapeutic efficacy of pioglitazone can be decreased when used in combination with leuprolide.
db00007,leuprolide,gliquidone,the therapeutic efficacy of gliquidone can be decreased when used in combination with leuprolide.
db00007,leuprolide,mitiglinide,the therapeutic efficacy of mitiglinide can be decreased when used in combination with leuprolide.
db00007,leuprolide,sitagliptin,the therapeutic efficacy of sitagliptin can be decreased when used in combination with leuprolide.
db00007,leuprolide,exenatide,the therapeutic efficacy of exenatide can be decreased when used in combination with leuprolide.
db00007,leuprolide,mecasermin,the therapeutic efficacy of mecasermin can be decreased when used in combination with leuprolide.
db00007,leuprolide,pramlintide,the therapeutic efficacy of pramlintide can be decreased when used in combination with leuprolide.
db00007,leuprolide,glisoxepide,the therapeutic efficacy of glisoxepide can be decreased when used in combination with leuprolide.
db00007,leuprolide,insulin aspart,the therapeutic efficacy of insulin aspart can be decreased when used in combination with leuprolide.
db00007,leuprolide,insulin detemir,the therapeutic efficacy of insulin detemir can be decreased when used in combination with leuprolide.
db00007,leuprolide,insulin glulisine,the therapeutic efficacy of insulin glulisine can be decreased when used in combination with leuprolide.
db00007,leuprolide,glymidine,the therapeutic efficacy of glymidine can be decreased when used in combination with leuprolide.
db00007,leuprolide,aica ribonucleotide,the therapeutic efficacy of aica ribonucleotide can be decreased when used in combination with leuprolide.
db00007,leuprolide,buformin,the therapeutic efficacy of buformin can be decreased when used in combination with leuprolide.
db00007,leuprolide,vildagliptin,the therapeutic efficacy of vildagliptin can be decreased when used in combination with leuprolide.
db00007,leuprolide,voglibose,the therapeutic efficacy of voglibose can be decreased when used in combination with leuprolide.
db00007,leuprolide,nn344,the therapeutic efficacy of nn344 can be decreased when used in combination with leuprolide.
db00007,leuprolide,amg-222,the therapeutic efficacy of amg-222 can be decreased when used in combination with leuprolide.
db00007,leuprolide,bisegliptin,the therapeutic efficacy of bisegliptin can be decreased when used in combination with leuprolide.
db00007,leuprolide,alogliptin,the therapeutic efficacy of alogliptin can be decreased when used in combination with leuprolide.
db00007,leuprolide,dapagliflozin,the therapeutic efficacy of dapagliflozin can be decreased when used in combination with leuprolide.
db00007,leuprolide,saxagliptin,the therapeutic efficacy of saxagliptin can be decreased when used in combination with leuprolide.
db00007,leuprolide,liraglutide,the therapeutic efficacy of liraglutide can be decreased when used in combination with leuprolide.
db00007,leuprolide,gosogliptin,the therapeutic efficacy of gosogliptin can be decreased when used in combination with leuprolide.
db00007,leuprolide,linagliptin,the therapeutic efficacy of linagliptin can be decreased when used in combination with leuprolide.
db00007,leuprolide,canagliflozin,the therapeutic efficacy of canagliflozin can be decreased when used in combination with leuprolide.
db00007,leuprolide,glibornuride,the therapeutic efficacy of glibornuride can be decreased when used in combination with leuprolide.
db00007,leuprolide,benfluorex,the therapeutic efficacy of benfluorex can be decreased when used in combination with leuprolide.
db00007,leuprolide,empagliflozin,the therapeutic efficacy of empagliflozin can be decreased when used in combination with leuprolide.
db00007,leuprolide,albiglutide,the therapeutic efficacy of albiglutide can be decreased when used in combination with leuprolide.
db00007,leuprolide,dulaglutide,the therapeutic efficacy of dulaglutide can be decreased when used in combination with leuprolide.
db00007,leuprolide,lobeglitazone,the therapeutic efficacy of lobeglitazone can be decreased when used in combination with leuprolide.
db00007,leuprolide,netoglitazone,the therapeutic efficacy of netoglitazone can be decreased when used in combination with leuprolide.
db00007,leuprolide,rivoglitazone,the therapeutic efficacy of rivoglitazone can be decreased when used in combination with leuprolide.
db00007,leuprolide,ciglitazone,the therapeutic efficacy of ciglitazone can be decreased when used in combination with leuprolide.
db00007,leuprolide,lixisenatide,the therapeutic efficacy of lixisenatide can be decreased when used in combination with leuprolide.
db00007,leuprolide,insulin beef,the therapeutic efficacy of insulin beef can be decreased when used in combination with leuprolide.
db00007,leuprolide,insulin degludec,the therapeutic efficacy of insulin degludec can be decreased when used in combination with leuprolide.
db00007,leuprolide,insulin peglispro,the therapeutic efficacy of insulin peglispro can be decreased when used in combination with leuprolide.
db00007,leuprolide,insulin tregopil,the therapeutic efficacy of insulin tregopil can be decreased when used in combination with leuprolide.
db00007,leuprolide,ipragliflozin,the therapeutic efficacy of ipragliflozin can be decreased when used in combination with leuprolide.
db00007,leuprolide,dutogliptin,the therapeutic efficacy of dutogliptin can be decreased when used in combination with leuprolide.
db00007,leuprolide,allicin,the therapeutic efficacy of allicin can be decreased when used in combination with leuprolide.
db00007,leuprolide,tofogliflozin,the therapeutic efficacy of tofogliflozin can be decreased when used in combination with leuprolide.
db00007,leuprolide,ertugliflozin,the therapeutic efficacy of ertugliflozin can be decreased when used in combination with leuprolide.
db00007,leuprolide,"2,4-thiazolidinedione","the therapeutic efficacy of 2,4-thiazolidinedione can be decreased when used in combination with leuprolide."
db00007,leuprolide,teneligliptin,the therapeutic efficacy of teneligliptin can be decreased when used in combination with leuprolide.
db00007,leuprolide,omarigliptin,the therapeutic efficacy of omarigliptin can be decreased when used in combination with leuprolide.
db00007,leuprolide,carmegliptin,the therapeutic efficacy of carmegliptin can be decreased when used in combination with leuprolide.
db00007,leuprolide,gemigliptin,the therapeutic efficacy of gemigliptin can be decreased when used in combination with leuprolide.
db00007,leuprolide,anagliptin,the therapeutic efficacy of anagliptin can be decreased when used in combination with leuprolide.
db00007,leuprolide,evogliptin,the therapeutic efficacy of evogliptin can be decreased when used in combination with leuprolide.
db00007,leuprolide,sotagliflozin,the therapeutic efficacy of sotagliflozin can be decreased when used in combination with leuprolide.
db00007,leuprolide,balaglitazone,the therapeutic efficacy of balaglitazone can be decreased when used in combination with leuprolide.
db00007,leuprolide,remogliflozin etabonate,the therapeutic efficacy of remogliflozin etabonate can be decreased when used in combination with leuprolide.
db00007,leuprolide,carbutamide,the therapeutic efficacy of carbutamide can be decreased when used in combination with leuprolide.
db00007,leuprolide,guar gum,the therapeutic efficacy of guar gum can be decreased when used in combination with leuprolide.
db00007,leuprolide,metahexamide,the therapeutic efficacy of metahexamide can be decreased when used in combination with leuprolide.
db00007,leuprolide,semaglutide,the therapeutic efficacy of semaglutide can be decreased when used in combination with leuprolide.
db00007,leuprolide,taspoglutide,the therapeutic efficacy of taspoglutide can be decreased when used in combination with leuprolide.
db00007,leuprolide,englitazone,the therapeutic efficacy of englitazone can be decreased when used in combination with leuprolide.
db00007,leuprolide,tirzepatide,the therapeutic efficacy of tirzepatide can be decreased when used in combination with leuprolide.
db00007,leuprolide,gastric inhibitory polypeptide,the therapeutic efficacy of gastric inhibitory polypeptide can be decreased when used in combination with leuprolide.
db00007,leuprolide,bromocriptine,the therapeutic efficacy of bromocriptine can be decreased when used in combination with leuprolide.
db00007,leuprolide,citalopram,the risk or severity of qtc prolongation can be increased when leuprolide is combined with citalopram.
db00007,leuprolide,anagrelide,the risk or severity of qtc prolongation can be increased when leuprolide is combined with anagrelide.
db00007,leuprolide,disopyramide,the risk or severity of qtc prolongation can be increased when leuprolide is combined with disopyramide.
db00007,leuprolide,clemastine,the risk or severity of qtc prolongation can be increased when leuprolide is combined with clemastine.
db00007,leuprolide,ibutilide,the risk or severity of qtc prolongation can be increased when leuprolide is combined with ibutilide.
db00007,leuprolide,valproic acid,the risk or severity of qtc prolongation can be increased when leuprolide is combined with valproic acid.
db00007,leuprolide,grepafloxacin,the risk or severity of qtc prolongation can be increased when leuprolide is combined with grepafloxacin.
db00007,leuprolide,quinine,the risk or severity of qtc prolongation can be increased when leuprolide is combined with quinine.
db00007,leuprolide,sotalol,the risk or severity of qtc prolongation can be increased when leuprolide is combined with sotalol.
db00007,leuprolide,erlotinib,the risk or severity of qtc prolongation can be increased when leuprolide is combined with erlotinib.
db00007,leuprolide,toremifene,the risk or severity of qtc prolongation can be increased when leuprolide is combined with toremifene.
db00007,leuprolide,imatinib,the risk or severity of qtc prolongation can be increased when leuprolide is combined with imatinib.
db00007,leuprolide,thioridazine,the risk or severity of qtc prolongation can be increased when leuprolide is combined with thioridazine.
db00007,leuprolide,trovafloxacin,the risk or severity of qtc prolongation can be increased when leuprolide is combined with trovafloxacin.
db00007,leuprolide,mifepristone,the risk or severity of qtc prolongation can be increased when leuprolide is combined with mifepristone.
db00007,leuprolide,cocaine,the risk or severity of methemoglobinemia can be increased when leuprolide is combined with cocaine.
db00007,leuprolide,procainamide,the risk or severity of qtc prolongation can be increased when leuprolide is combined with procainamide.
db00007,leuprolide,arsenic trioxide,the risk or severity of qtc prolongation can be increased when leuprolide is combined with arsenic trioxide.
db00007,leuprolide,escitalopram,the risk or severity of qtc prolongation can be increased when leuprolide is combined with escitalopram.
db00007,leuprolide,domperidone,the risk or severity of qtc prolongation can be increased when leuprolide is combined with domperidone.
db00007,leuprolide,sparfloxacin,the risk or severity of qtc prolongation can be increased when leuprolide is combined with sparfloxacin.
db00007,leuprolide,halofantrine,the risk or severity of qtc prolongation can be increased when leuprolide is combined with halofantrine.
db00007,leuprolide,bepridil,the risk or severity of qtc prolongation can be increased when leuprolide is combined with bepridil.
db00007,leuprolide,paliperidone,the risk or severity of qtc prolongation can be increased when leuprolide is combined with paliperidone.
db00007,leuprolide,lithium cation,the risk or severity of qtc prolongation can be increased when leuprolide is combined with lithium cation.
db00007,leuprolide,temafloxacin,the risk or severity of qtc prolongation can be increased when leuprolide is combined with temafloxacin.
db00007,leuprolide,zuclopenthixol,the risk or severity of qtc prolongation can be increased when leuprolide is combined with zuclopenthixol.
db00007,leuprolide,tetrabenazine,the risk or severity of qtc prolongation can be increased when leuprolide is combined with tetrabenazine.
db00007,leuprolide,nilotinib,the risk or severity of qtc prolongation can be increased when leuprolide is combined with nilotinib.
db00007,leuprolide,iloperidone,the risk or severity of qtc prolongation can be increased when leuprolide is combined with iloperidone.
db00007,leuprolide,vandetanib,the risk or severity of qtc prolongation can be increased when leuprolide is combined with vandetanib.
db00007,leuprolide,romidepsin,the risk or severity of qtc prolongation can be increased when leuprolide is combined with romidepsin.
db00007,leuprolide,asenapine,the risk or severity of qtc prolongation can be increased when leuprolide is combined with asenapine.
db00007,leuprolide,artemether,the risk or severity of qtc prolongation can be increased when leuprolide is combined with artemether.
db00007,leuprolide,lumefantrine,the risk or severity of qtc prolongation can be increased when leuprolide is combined with lumefantrine.
db00007,leuprolide,vemurafenib,the risk or severity of qtc prolongation can be increased when leuprolide is combined with vemurafenib.
db00007,leuprolide,ribociclib,the risk or severity of qtc prolongation can be increased when ribociclib is combined with leuprolide.
db00007,leuprolide,glasdegib,the risk or severity of qtc prolongation can be increased when leuprolide is combined with glasdegib.
db00007,leuprolide,deutetrabenazine,the risk or severity of qtc prolongation can be increased when leuprolide is combined with deutetrabenazine.
db00007,leuprolide,macimorelin,the risk or severity of qtc prolongation can be increased when leuprolide is combined with macimorelin.
db00007,leuprolide,terodiline,the risk or severity of qtc prolongation can be increased when leuprolide is combined with terodiline.
db00007,leuprolide,dofetilide,the risk or severity of qtc prolongation can be increased when leuprolide is combined with dofetilide.
db00007,leuprolide,terfenadine,the risk or severity of qtc prolongation can be increased when leuprolide is combined with terfenadine.
db00007,leuprolide,cisapride,the risk or severity of qtc prolongation can be increased when leuprolide is combined with cisapride.
db00007,leuprolide,astemizole,the risk or severity of qtc prolongation can be increased when leuprolide is combined with astemizole.
db00007,leuprolide,quinidine,the risk or severity of qtc prolongation can be increased when leuprolide is combined with quinidine.
db00007,leuprolide,pimozide,the risk or severity of qtc prolongation can be increased when leuprolide is combined with pimozide.
db00007,leuprolide,amiodarone,the risk or severity of qtc prolongation can be increased when leuprolide is combined with amiodarone.
db00007,leuprolide,dronedarone,the risk or severity of qtc prolongation can be increased when leuprolide is combined with dronedarone.
db00007,leuprolide,eliglustat,the risk or severity of qtc prolongation can be increased when leuprolide is combined with eliglustat.
db00007,leuprolide,goserelin,the risk or severity of qtc prolongation can be increased when leuprolide is combined with goserelin.
db00007,leuprolide,erythromycin,the risk or severity of qtc prolongation can be increased when leuprolide is combined with erythromycin.
db00007,leuprolide,azithromycin,the risk or severity of qtc prolongation can be increased when leuprolide is combined with azithromycin.
db00007,leuprolide,moxifloxacin,the risk or severity of qtc prolongation can be increased when leuprolide is combined with moxifloxacin.
db00007,leuprolide,ranolazine,the risk or severity of qtc prolongation can be increased when leuprolide is combined with ranolazine.
db00007,leuprolide,sulfisoxazole,the therapeutic efficacy of sulfisoxazole can be decreased when used in combination with leuprolide.
db00007,leuprolide,methadone,the risk or severity of qtc prolongation can be increased when leuprolide is combined with methadone.
db00007,leuprolide,diltiazem,the risk or severity of qtc prolongation can be increased when leuprolide is combined with diltiazem.
db00007,leuprolide,clozapine,the risk or severity of qtc prolongation can be increased when leuprolide is combined with clozapine.
db00007,leuprolide,sulpiride,the risk or severity of qtc prolongation can be increased when leuprolide is combined with sulpiride.
db00007,leuprolide,nimodipine,the risk or severity of qtc prolongation can be increased when leuprolide is combined with nimodipine.
db00007,leuprolide,promazine,the risk or severity of qtc prolongation can be increased when leuprolide is combined with promazine.
db00007,leuprolide,prochlorperazine,the risk or severity of qtc prolongation can be increased when leuprolide is combined with prochlorperazine.
db00007,leuprolide,droperidol,the risk or severity of qtc prolongation can be increased when leuprolide is combined with droperidol.
db00007,leuprolide,chlorpromazine,the risk or severity of qtc prolongation can be increased when leuprolide is combined with chlorpromazine.
db00007,leuprolide,oxaliplatin,the risk or severity of qtc prolongation can be increased when oxaliplatin is combined with leuprolide.
db00007,leuprolide,ciprofloxacin,the risk or severity of qtc prolongation can be increased when leuprolide is combined with ciprofloxacin.
db00007,leuprolide,fluorouracil,the risk or severity of qtc prolongation can be increased when leuprolide is combined with fluorouracil.
db00007,leuprolide,perflutren,the risk or severity of qtc prolongation can be increased when leuprolide is combined with perflutren.
db00007,leuprolide,cinnarizine,the risk or severity of qtc prolongation can be increased when leuprolide is combined with cinnarizine.
db00007,leuprolide,atropine,the risk or severity of qtc prolongation can be increased when leuprolide is combined with atropine.
db00007,leuprolide,chloroquine,the risk or severity of qtc prolongation can be increased when leuprolide is combined with chloroquine.
db00007,leuprolide,adenosine,the risk or severity of qtc prolongation can be increased when leuprolide is combined with adenosine.
db00007,leuprolide,pentamidine,the therapeutic efficacy of pentamidine can be decreased when used in combination with leuprolide.
db00007,leuprolide,gadobenic acid,the risk or severity of qtc prolongation can be increased when leuprolide is combined with gadobenic acid.
db00007,leuprolide,carbinoxamine,the risk or severity of qtc prolongation can be increased when leuprolide is combined with carbinoxamine.
db00007,leuprolide,dolasetron,the risk or severity of qtc prolongation can be increased when leuprolide is combined with dolasetron.
db00007,leuprolide,roxithromycin,the risk or severity of qtc prolongation can be increased when leuprolide is combined with roxithromycin.
db00007,leuprolide,nalidixic acid,the risk or severity of qtc prolongation can be increased when leuprolide is combined with nalidixic acid.
db00007,leuprolide,cinoxacin,the risk or severity of qtc prolongation can be increased when leuprolide is combined with cinoxacin.
db00007,leuprolide,granisetron,the risk or severity of qtc prolongation can be increased when leuprolide is combined with granisetron.
db00007,leuprolide,ondansetron,the risk or severity of qtc prolongation can be increased when leuprolide is combined with ondansetron.
db00007,leuprolide,levosimendan,the risk or severity of qtc prolongation can be increased when leuprolide is combined with levosimendan.
db00007,leuprolide,mesoridazine,the risk or severity of qtc prolongation can be increased when leuprolide is combined with mesoridazine.
db00007,leuprolide,desloratadine,the risk or severity of qtc prolongation can be increased when leuprolide is combined with desloratadine.
db00007,leuprolide,lomefloxacin,the risk or severity of qtc prolongation can be increased when leuprolide is combined with lomefloxacin.
db00007,leuprolide,dimenhydrinate,the risk or severity of qtc prolongation can be increased when leuprolide is combined with dimenhydrinate.
db00007,leuprolide,primaquine,the risk or severity of qtc prolongation can be increased when leuprolide is combined with primaquine.
db00007,leuprolide,papaverine,the risk or severity of qtc prolongation can be increased when leuprolide is combined with papaverine.
db00007,leuprolide,chlorpheniramine,the risk or severity of qtc prolongation can be increased when leuprolide is combined with chlorpheniramine.
db00007,leuprolide,nifedipine,the risk or severity of qtc prolongation can be increased when leuprolide is combined with nifedipine.
db00007,leuprolide,levofloxacin,the risk or severity of qtc prolongation can be increased when leuprolide is combined with levofloxacin.
db00007,leuprolide,gemifloxacin,the risk or severity of qtc prolongation can be increased when leuprolide is combined with gemifloxacin.
db00007,leuprolide,ofloxacin,the risk or severity of qtc prolongation can be increased when leuprolide is combined with ofloxacin.
db00007,leuprolide,propafenone,the risk or severity of qtc prolongation can be increased when leuprolide is combined with propafenone.
db00007,leuprolide,flecainide,the risk or severity of qtc prolongation can be increased when leuprolide is combined with flecainide.
db00007,leuprolide,probucol,the risk or severity of qtc prolongation can be increased when leuprolide is combined with probucol.
db00007,leuprolide,aceprometazine,the risk or severity of qtc prolongation can be increased when leuprolide is combined with aceprometazine.
db00007,leuprolide,terlipressin,the risk or severity of qtc prolongation can be increased when leuprolide is combined with terlipressin.
db00007,leuprolide,prenylamine,the risk or severity of qtc prolongation can be increased when leuprolide is combined with prenylamine.
db00007,leuprolide,fluspirilene,the risk or severity of qtc prolongation can be increased when leuprolide is combined with fluspirilene.
db00007,leuprolide,lofexidine,the risk or severity of qtc prolongation can be increased when leuprolide is combined with lofexidine.
db00007,leuprolide,azimilide,the risk or severity of qtc prolongation can be increased when leuprolide is combined with azimilide.
db00007,leuprolide,pracinostat,the risk or severity of qtc prolongation can be increased when leuprolide is combined with pracinostat.
db00007,leuprolide,technetium tc-99m ciprofloxacin,the risk or severity of qtc prolongation can be increased when leuprolide is combined with technetium tc-99m ciprofloxacin.
db00007,leuprolide,garenoxacin,the risk or severity of qtc prolongation can be increased when leuprolide is combined with garenoxacin.
db00007,leuprolide,tedisamil,the risk or severity of qtc prolongation can be increased when leuprolide is combined with tedisamil.
db00007,leuprolide,tucidinostat,the risk or severity of qtc prolongation can be increased when leuprolide is combined with tucidinostat.
db00007,leuprolide,telavancin,the risk or severity of qtc prolongation can be increased when leuprolide is combined with telavancin.
db00007,leuprolide,pazopanib,the risk or severity of qtc prolongation can be increased when leuprolide is combined with pazopanib.
db00007,leuprolide,nemonoxacin,the risk or severity of qtc prolongation can be increased when leuprolide is combined with nemonoxacin.
db00007,leuprolide,panobinostat,the risk or severity of qtc prolongation can be increased when leuprolide is combined with panobinostat.
db00007,leuprolide,nilvadipine,the risk or severity of qtc prolongation can be increased when leuprolide is combined with nilvadipine.
db00007,leuprolide,antazoline,the risk or severity of qtc prolongation can be increased when leuprolide is combined with antazoline.
db00007,leuprolide,crizotinib,the risk or severity of qtc prolongation can be increased when leuprolide is combined with crizotinib.
db00007,leuprolide,bedaquiline,the risk or severity of qtc prolongation can be increased when leuprolide is combined with bedaquiline.
db00007,leuprolide,fendiline,the risk or severity of qtc prolongation can be increased when leuprolide is combined with fendiline.
db00007,leuprolide,eperisone,the risk or severity of qtc prolongation can be increased when leuprolide is combined with eperisone.
db00007,leuprolide,butriptyline,the risk or severity of qtc prolongation can be increased when leuprolide is combined with butriptyline.
db00007,leuprolide,ceritinib,the risk or severity of qtc prolongation can be increased when leuprolide is combined with ceritinib.
db00007,leuprolide,lenvatinib,the risk or severity of qtc prolongation can be increased when leuprolide is combined with lenvatinib.
db00007,leuprolide,melperone,the risk or severity of qtc prolongation can be increased when leuprolide is combined with melperone.
db00007,leuprolide,benidipine,the risk or severity of qtc prolongation can be increased when leuprolide is combined with benidipine.
db00007,leuprolide,dexchlorpheniramine maleate,the risk or severity of qtc prolongation can be increased when leuprolide is combined with dexchlorpheniramine maleate.
db00007,leuprolide,amifampridine,the risk or severity of qtc prolongation can be increased when leuprolide is combined with amifampridine.
db00007,leuprolide,mocetinostat,the risk or severity of qtc prolongation can be increased when leuprolide is combined with mocetinostat.
db00007,leuprolide,entinostat,the risk or severity of qtc prolongation can be increased when leuprolide is combined with entinostat.
db00007,leuprolide,gilteritinib,the risk or severity of qtc prolongation can be increased when leuprolide is combined with gilteritinib.
db00007,leuprolide,cudc-101,the risk or severity of qtc prolongation can be increased when leuprolide is combined with cudc-101.
db00007,leuprolide,simendan,the risk or severity of qtc prolongation can be increased when leuprolide is combined with simendan.
db00007,leuprolide,ricolinostat,the risk or severity of qtc prolongation can be increased when leuprolide is combined with ricolinostat.
db00007,leuprolide,mizolastine,the risk or severity of qtc prolongation can be increased when leuprolide is combined with mizolastine.
db00007,leuprolide,abexinostat,the risk or severity of qtc prolongation can be increased when leuprolide is combined with abexinostat.
db00007,leuprolide,oxatomide,the risk or severity of qtc prolongation can be increased when leuprolide is combined with oxatomide.
db00007,leuprolide,sitafloxacin,the risk or severity of qtc prolongation can be increased when leuprolide is combined with sitafloxacin.
db00007,leuprolide,sultopride,the risk or severity of qtc prolongation can be increased when leuprolide is combined with sultopride.
db00007,leuprolide,otilonium,the risk or severity of qtc prolongation can be increased when leuprolide is combined with otilonium.
db00007,leuprolide,nizofenone,the risk or severity of qtc prolongation can be increased when leuprolide is combined with nizofenone.
db00007,leuprolide,bunaftine,the risk or severity of qtc prolongation can be increased when leuprolide is combined with bunaftine.
db00007,leuprolide,lorcainide,the risk or severity of qtc prolongation can be increased when leuprolide is combined with lorcainide.
db00007,leuprolide,dexchlorpheniramine,the risk or severity of qtc prolongation can be increased when leuprolide is combined with dexchlorpheniramine.
db00007,leuprolide,penfluridol,the risk or severity of qtc prolongation can be increased when leuprolide is combined with penfluridol.
db00007,leuprolide,dexverapamil,the risk or severity of qtc prolongation can be increased when leuprolide is combined with dexverapamil.
db00007,leuprolide,ivosidenib,the risk or severity of qtc prolongation can be increased when leuprolide is combined with ivosidenib.
db00007,leuprolide,efavirenz,the risk or severity of qtc prolongation can be increased when leuprolide is combined with efavirenz.
db00007,leuprolide,loperamide,the risk or severity of qtc prolongation can be increased when leuprolide is combined with loperamide.
db00007,leuprolide,telithromycin,the risk or severity of qtc prolongation can be increased when leuprolide is combined with telithromycin.
db00007,leuprolide,clarithromycin,the risk or severity of qtc prolongation can be increased when leuprolide is combined with clarithromycin.
db00007,leuprolide,quetiapine,the risk or severity of qtc prolongation can be increased when leuprolide is combined with quetiapine.
db00007,leuprolide,levacetylmethadol,the risk or severity of qtc prolongation can be increased when leuprolide is combined with levacetylmethadol.
db00007,leuprolide,saquinavir,the risk or severity of qtc prolongation can be increased when leuprolide is combined with saquinavir.
db00007,leuprolide,mibefradil,the risk or severity of qtc prolongation can be increased when leuprolide is combined with mibefradil.
db00007,leuprolide,amitriptyline,the risk or severity of qtc prolongation can be increased when leuprolide is combined with amitriptyline.
db00007,leuprolide,imipramine,the risk or severity of qtc prolongation can be increased when leuprolide is combined with imipramine.
db00007,leuprolide,clomipramine,the risk or severity of qtc prolongation can be increased when leuprolide is combined with clomipramine.
db00007,leuprolide,encorafenib,the risk or severity of qtc prolongation can be increased when encorafenib is combined with leuprolide.
db00007,leuprolide,emedastine,the risk or severity of qtc prolongation can be increased when leuprolide is combined with emedastine.
db00007,leuprolide,berotralstat,the risk or severity of qtc prolongation can be increased when leuprolide is combined with berotralstat.
db00007,leuprolide,octreotide,the risk or severity of qtc prolongation can be increased when octreotide is combined with leuprolide.
db00007,leuprolide,oxytocin,the risk or severity of qtc prolongation can be increased when oxytocin is combined with leuprolide.
db00007,leuprolide,esmolol,the risk or severity of qtc prolongation can be increased when esmolol is combined with leuprolide.
db00007,leuprolide,bortezomib,the risk or severity of qtc prolongation can be increased when bortezomib is combined with leuprolide.
db00007,leuprolide,fluconazole,the risk or severity of qtc prolongation can be increased when fluconazole is combined with leuprolide.
db00007,leuprolide,pregabalin,the risk or severity of qtc prolongation can be increased when pregabalin is combined with leuprolide.
db00007,leuprolide,benzatropine,the risk or severity of qtc prolongation can be increased when benzatropine is combined with leuprolide.
db00007,leuprolide,isradipine,the risk or severity of qtc prolongation can be increased when isradipine is combined with leuprolide.
db00007,leuprolide,venlafaxine,leuprolide may decrease the excretion rate of venlafaxine which could result in a higher serum level.
db00007,leuprolide,atomoxetine,the risk or severity of qtc prolongation can be increased when atomoxetine is combined with leuprolide.
db00007,leuprolide,olanzapine,the risk or severity of qtc prolongation can be increased when olanzapine is combined with leuprolide.
db00007,leuprolide,cetirizine,the risk or severity of qtc prolongation can be increased when cetirizine is combined with leuprolide.
db00007,leuprolide,protriptyline,the risk or severity of qtc prolongation can be increased when protriptyline is combined with leuprolide.
db00007,leuprolide,alfuzosin,the risk or severity of qtc prolongation can be increased when alfuzosin is combined with leuprolide.
db00007,leuprolide,trimethadione,the risk or severity of qtc prolongation can be increased when trimethadione is combined with leuprolide.
db00007,leuprolide,buclizine,the risk or severity of qtc prolongation can be increased when buclizine is combined with leuprolide.
db00007,leuprolide,mefloquine,"the risk or severity of myopathy, rhabdomyolysis, and myoglobinuria can be increased when leuprolide is combined with mefloquine."
db00007,leuprolide,doxylamine,the risk or severity of qtc prolongation can be increased when doxylamine is combined with leuprolide.
db00007,leuprolide,mirtazapine,the risk or severity of qtc prolongation can be increased when mirtazapine is combined with leuprolide.
db00007,leuprolide,timolol,the risk or severity of qtc prolongation can be increased when timolol is combined with leuprolide.
db00007,leuprolide,treprostinil,the risk or severity of qtc prolongation can be increased when treprostinil is combined with leuprolide.
db00007,leuprolide,sorafenib,the risk or severity of qtc prolongation can be increased when sorafenib is combined with leuprolide.
db00007,leuprolide,dexbrompheniramine,the risk or severity of qtc prolongation can be increased when dexbrompheniramine is combined with leuprolide.
db00007,leuprolide,hyoscyamine,the risk or severity of qtc prolongation can be increased when hyoscyamine is combined with leuprolide.
db00007,leuprolide,triprolidine,the risk or severity of qtc prolongation can be increased when triprolidine is combined with leuprolide.
db00007,leuprolide,cyproheptadine,the risk or severity of qtc prolongation can be increased when cyproheptadine is combined with leuprolide.
db00007,leuprolide,enoxacin,the risk or severity of qtc prolongation can be increased when enoxacin is combined with leuprolide.
db00007,leuprolide,pefloxacin,the risk or severity of qtc prolongation can be increased when pefloxacin is combined with leuprolide.
db00007,leuprolide,foscarnet,the risk or severity of qtc prolongation can be increased when foscarnet is combined with leuprolide.
db00007,leuprolide,amoxapine,the risk or severity of qtc prolongation can be increased when amoxapine is combined with leuprolide.
db00007,leuprolide,lamotrigine,the risk or severity of qtc prolongation can be increased when lamotrigine is combined with leuprolide.
db00007,leuprolide,amodiaquine,the risk or severity of qtc prolongation can be increased when amodiaquine is combined with leuprolide.
db00007,leuprolide,nicardipine,the risk or severity of qtc prolongation can be increased when nicardipine is combined with leuprolide.
db00007,leuprolide,galantamine,the risk or severity of qtc prolongation can be increased when galantamine is combined with leuprolide.
db00007,leuprolide,tamoxifen,the risk or severity of qtc prolongation can be increased when tamoxifen is combined with leuprolide.
db00007,leuprolide,moricizine,the risk or severity of qtc prolongation can be increased when moricizine is combined with leuprolide.
db00007,leuprolide,moexipril,the risk or severity of qtc prolongation can be increased when moexipril is combined with leuprolide.
db00007,leuprolide,tizanidine,the risk or severity of qtc prolongation can be increased when tizanidine is combined with leuprolide.
db00007,leuprolide,ibandronate,"the risk or severity of myopathy, rhabdomyolysis, and myoglobinuria can be increased when leuprolide is combined with ibandronate."
db00007,leuprolide,apomorphine,the risk or severity of qtc prolongation can be increased when apomorphine is combined with leuprolide.
db00007,leuprolide,azatadine,the risk or severity of qtc prolongation can be increased when azatadine is combined with leuprolide.
db00007,leuprolide,risperidone,the risk or severity of qtc prolongation can be increased when risperidone is combined with leuprolide.
db00007,leuprolide,isoflurane,the risk or severity of qtc prolongation can be increased when isoflurane is combined with leuprolide.
db00007,leuprolide,indapamide,the risk or severity of qtc prolongation can be increased when indapamide is combined with leuprolide.
db00007,leuprolide,rosoxacin,the risk or severity of qtc prolongation can be increased when rosoxacin is combined with leuprolide.
db00007,leuprolide,propofol,"the risk or severity of myopathy, rhabdomyolysis, and myoglobinuria can be increased when leuprolide is combined with propofol."
db00007,leuprolide,disulfiram,the risk or severity of qtc prolongation can be increased when disulfiram is combined with leuprolide.
db00007,leuprolide,levomenthol,the risk or severity of qtc prolongation can be increased when levomenthol is combined with leuprolide.
db00007,leuprolide,brompheniramine,the risk or severity of qtc prolongation can be increased when brompheniramine is combined with leuprolide.
db00007,leuprolide,terbutaline,the risk or severity of qtc prolongation can be increased when terbutaline is combined with leuprolide.
db00007,leuprolide,zonisamide,the risk or severity of qtc prolongation can be increased when zonisamide is combined with leuprolide.
db00007,leuprolide,amantadine,the risk or severity of qtc prolongation can be increased when amantadine is combined with leuprolide.
db00007,leuprolide,metronidazole,the risk or severity of qtc prolongation can be increased when metronidazole is combined with leuprolide.
db00007,leuprolide,famotidine,the risk or severity of qtc prolongation can be increased when famotidine is combined with leuprolide.
db00007,leuprolide,maprotiline,the risk or severity of qtc prolongation can be increased when maprotiline is combined with leuprolide.
db00007,leuprolide,salmeterol,"the risk or severity of myopathy, rhabdomyolysis, and myoglobinuria can be increased when leuprolide is combined with salmeterol."
db00007,leuprolide,felbamate,the risk or severity of qtc prolongation can be increased when felbamate is combined with leuprolide.
db00007,leuprolide,formoterol,the risk or severity of qtc prolongation can be increased when formoterol is combined with leuprolide.
db00007,leuprolide,hydrochlorothiazide,the risk or severity of qtc prolongation can be increased when hydrochlorothiazide is combined with leuprolide.
db00007,leuprolide,albuterol,the risk or severity of qtc prolongation can be increased when salbutamol is combined with leuprolide.
db00007,leuprolide,sulfamethoxazole,the therapeutic efficacy of sulfamethoxazole can be decreased when used in combination with leuprolide.
db00007,leuprolide,tolterodine,the risk or severity of qtc prolongation can be increased when tolterodine is combined with leuprolide.
db00007,leuprolide,gatifloxacin,the risk or severity of qtc prolongation can be increased when gatifloxacin is combined with leuprolide.
db00007,leuprolide,nitrendipine,the risk or severity of qtc prolongation can be increased when nitrendipine is combined with leuprolide.
db00007,leuprolide,norfloxacin,"the risk or severity of myopathy, rhabdomyolysis, and myoglobinuria can be increased when leuprolide is combined with norfloxacin."
db00007,leuprolide,promethazine,the risk or severity of qtc prolongation can be increased when promethazine is combined with leuprolide.
db00007,leuprolide,mequitazine,the risk or severity of qtc prolongation can be increased when mequitazine is combined with leuprolide.
db00007,leuprolide,perhexiline,the risk or severity of qtc prolongation can be increased when perhexiline is combined with leuprolide.
db00007,leuprolide,diphenhydramine,the risk or severity of methemoglobinemia can be increased when leuprolide is combined with diphenhydramine.
db00007,leuprolide,levocabastine,the risk or severity of qtc prolongation can be increased when levocabastine is combined with leuprolide.
db00007,leuprolide,bretylium,the risk or severity of qtc prolongation can be increased when bretylium is combined with leuprolide.
db00007,leuprolide,cilostazol,the risk or severity of qtc prolongation can be increased when cilostazol is combined with leuprolide.
db00007,leuprolide,orphenadrine,the risk or severity of qtc prolongation can be increased when orphenadrine is combined with leuprolide.
db00007,leuprolide,cyclizine,the risk or severity of qtc prolongation can be increased when cyclizine is combined with leuprolide.
db00007,leuprolide,desflurane,the risk or severity of qtc prolongation can be increased when desflurane is combined with leuprolide.
db00007,leuprolide,encainide,the risk or severity of qtc prolongation can be increased when encainide is combined with leuprolide.
db00007,leuprolide,metoclopramide,"the risk or severity of myopathy, rhabdomyolysis, and myoglobinuria can be increased when leuprolide is combined with metoclopramide."
db00007,leuprolide,sevoflurane,the risk or severity of qtc prolongation can be increased when sevoflurane is combined with leuprolide.
db00007,leuprolide,aripiprazole,the risk or severity of qtc prolongation can be increased when aripiprazole is combined with leuprolide.
db00007,leuprolide,chlorprothixene,the risk or severity of qtc prolongation can be increased when chlorprothixene is combined with leuprolide.
db00007,leuprolide,alimemazine,the risk or severity of qtc prolongation can be increased when alimemazine is combined with leuprolide.
db00007,leuprolide,lapatinib,the risk or severity of qtc prolongation can be increased when lapatinib is combined with leuprolide.
db00007,leuprolide,sunitinib,the therapeutic efficacy of sunitinib can be decreased when used in combination with leuprolide.
db00007,leuprolide,arformoterol,the risk or severity of qtc prolongation can be increased when arformoterol is combined with leuprolide.
db00007,leuprolide,methotrimeprazine,the risk or severity of qtc prolongation can be increased when methotrimeprazine is combined with leuprolide.
db00007,leuprolide,ajmaline,the risk or severity of qtc prolongation can be increased when ajmaline is combined with leuprolide.
db00007,leuprolide,solifenacin,the risk or severity of qtc prolongation can be increased when solifenacin is combined with leuprolide.
db00007,leuprolide,hydroxychloroquine,the risk or severity of qtc prolongation can be increased when hydroxychloroquine is combined with leuprolide.
db00007,leuprolide,pheniramine,the risk or severity of qtc prolongation can be increased when pheniramine is combined with leuprolide.
db00007,leuprolide,thiothixene,the risk or severity of qtc prolongation can be increased when thiothixene is combined with leuprolide.
db00007,leuprolide,vorinostat,the risk or severity of qtc prolongation can be increased when vorinostat is combined with leuprolide.
db00007,leuprolide,fleroxacin,the risk or severity of qtc prolongation can be increased when fleroxacin is combined with leuprolide.
db00007,leuprolide,farnesyl thiopyrophosphate,the risk or severity of qtc prolongation can be increased when farnesyl thiopyrophosphate is combined with leuprolide.
db00007,leuprolide,celiprolol,the risk or severity of qtc prolongation can be increased when celiprolol is combined with leuprolide.
db00007,leuprolide,ezogabine,the risk or severity of qtc prolongation can be increased when ezogabine is combined with leuprolide.
db00007,leuprolide,indacaterol,the risk or severity of qtc prolongation can be increased when indacaterol is combined with leuprolide.
db00007,leuprolide,methsuximide,the risk or severity of qtc prolongation can be increased when methsuximide is combined with leuprolide.
db00007,leuprolide,tandutinib,the risk or severity of qtc prolongation can be increased when tandutinib is combined with leuprolide.
db00007,leuprolide,vernakalant,the risk or severity of qtc prolongation can be increased when vernakalant is combined with leuprolide.
db00007,leuprolide,levocetirizine,the risk or severity of qtc prolongation can be increased when levocetirizine is combined with leuprolide.
db00007,leuprolide,cariporide,the risk or severity of qtc prolongation can be increased when cariporide is combined with leuprolide.
db00007,leuprolide,pasireotide,the risk or severity of qtc prolongation can be increased when pasireotide is combined with leuprolide.
db00007,leuprolide,mepyramine,the risk or severity of qtc prolongation can be increased when mepyramine is combined with leuprolide.
db00007,leuprolide,degarelix,the risk or severity of qtc prolongation can be increased when degarelix is combined with leuprolide.
db00007,leuprolide,buserelin,the risk or severity of qtc prolongation can be increased when buserelin is combined with leuprolide.
db00007,leuprolide,histrelin,the risk or severity of qtc prolongation can be increased when histrelin is combined with leuprolide.
db00007,leuprolide,triptorelin,the risk or severity of qtc prolongation can be increased when triptorelin is combined with leuprolide.
db00007,leuprolide,farnesyl diphosphate,the risk or severity of qtc prolongation can be increased when farnesyl diphosphate is combined with leuprolide.
db00007,leuprolide,geranylgeranyl diphosphate,the risk or severity of qtc prolongation can be increased when geranylgeranyl diphosphate is combined with leuprolide.
db00007,leuprolide,bupranolol,the risk or severity of qtc prolongation can be increased when bupranolol is combined with leuprolide.
db00007,leuprolide,eribulin,the risk or severity of qtc prolongation can be increased when eribulin is combined with leuprolide.
db00007,leuprolide,mirabegron,the risk or severity of qtc prolongation can be increased when mirabegron is combined with leuprolide.
db00007,leuprolide,dabrafenib,the risk or severity of qtc prolongation can be increased when dabrafenib is combined with leuprolide.
db00007,leuprolide,chlorcyclizine,the risk or severity of qtc prolongation can be increased when chlorcyclizine is combined with leuprolide.
db00007,leuprolide,indenolol,the risk or severity of qtc prolongation can be increased when indenolol is combined with leuprolide.
db00007,leuprolide,flumequine,the risk or severity of qtc prolongation can be increased when flumequine is combined with leuprolide.
db00007,leuprolide,olodaterol,the risk or severity of qtc prolongation can be increased when olodaterol is combined with leuprolide.
db00007,leuprolide,vilanterol,the risk or severity of qtc prolongation and ventricular arrhythmias can be increased when vilanterol is combined with leuprolide.
db00007,leuprolide,trimebutine,the risk or severity of qtc prolongation can be increased when trimebutine is combined with leuprolide.
db00007,leuprolide,pinaverium,the risk or severity of qtc prolongation can be increased when pinaverium is combined with leuprolide.
db00007,leuprolide,dosulepin,the risk or severity of qtc prolongation can be increased when dosulepin is combined with leuprolide.
db00007,leuprolide,aranidipine,the risk or severity of qtc prolongation can be increased when aranidipine is combined with leuprolide.
db00007,leuprolide,efonidipine,the risk or severity of qtc prolongation can be increased when efonidipine is combined with leuprolide.
db00007,leuprolide,lacidipine,the risk or severity of qtc prolongation can be increased when lacidipine is combined with leuprolide.
db00007,leuprolide,niguldipine,the risk or severity of qtc prolongation can be increased when niguldipine is combined with leuprolide.
db00007,leuprolide,acrivastine,the risk or severity of qtc prolongation can be increased when acrivastine is combined with leuprolide.
db00007,leuprolide,coumaphos,the risk or severity of qtc prolongation can be increased when coumaphos is combined with leuprolide.
db00007,leuprolide,dichlorvos,the risk or severity of qtc prolongation can be increased when dichlorvos is combined with leuprolide.
db00007,leuprolide,famphur,the risk or severity of qtc prolongation can be increased when famphur is combined with leuprolide.
db00007,leuprolide,fenthion,the risk or severity of qtc prolongation can be increased when fenthion is combined with leuprolide.
db00007,leuprolide,orbifloxacin,the risk or severity of qtc prolongation can be increased when orbifloxacin is combined with leuprolide.
db00007,leuprolide,phosmet,the risk or severity of qtc prolongation can be increased when phosmet is combined with leuprolide.
db00007,leuprolide,sarafloxacin,the risk or severity of qtc prolongation can be increased when sarafloxacin is combined with leuprolide.
db00007,leuprolide,difloxacin,the risk or severity of qtc prolongation can be increased when difloxacin is combined with leuprolide.
db00007,leuprolide,bilastine,the risk or severity of qtc prolongation can be increased when bilastine is combined with leuprolide.
db00007,leuprolide,rupatadine,the risk or severity of qtc prolongation can be increased when rupatadine is combined with leuprolide.
db00007,leuprolide,talinolol,the risk or severity of qtc prolongation can be increased when talinolol is combined with leuprolide.
db00007,leuprolide,pazufloxacin,the risk or severity of qtc prolongation can be increased when pazufloxacin is combined with leuprolide.
db00007,leuprolide,anisodamine,the risk or severity of qtc prolongation can be increased when anisodamine is combined with leuprolide.
db00007,leuprolide,fimepinostat,the risk or severity of qtc prolongation can be increased when cudc-907 is combined with leuprolide.
db00007,leuprolide,prulifloxacin,the risk or severity of qtc prolongation can be increased when prulifloxacin is combined with leuprolide.
db00007,leuprolide,delafloxacin,the risk or severity of qtc prolongation can be increased when delafloxacin is combined with leuprolide.
db00007,leuprolide,tetrahydropalmatine,the risk or severity of qtc prolongation can be increased when tetrahydropalmatine is combined with leuprolide.
db00007,leuprolide,temefos,the risk or severity of qtc prolongation can be increased when temefos is combined with leuprolide.
db00007,leuprolide,triclabendazole,the risk or severity of qtc prolongation can be increased when triclabendazole is combined with leuprolide.
db00007,leuprolide,givinostat,the risk or severity of qtc prolongation can be increased when leuprolide is combined with givinostat.
db00007,leuprolide,pilsicainide,the risk or severity of qtc prolongation can be increased when pilsicainide is combined with leuprolide.
db00007,leuprolide,cicletanine,the risk or severity of qtc prolongation can be increased when cicletanine is combined with leuprolide.
db00007,leuprolide,gallopamil,the risk or severity of qtc prolongation can be increased when gallopamil is combined with leuprolide.
db00007,leuprolide,cibenzoline,the risk or severity of qtc prolongation can be increased when cibenzoline is combined with leuprolide.
db00007,leuprolide,bencyclane,the risk or severity of qtc prolongation can be increased when bencyclane is combined with leuprolide.
db00007,leuprolide,prajmaline,the risk or severity of qtc prolongation can be increased when prajmaline is combined with leuprolide.
db00007,leuprolide,oxolinic acid,the risk or severity of qtc prolongation can be increased when oxolinic acid is combined with leuprolide.
db00007,leuprolide,lorajmine,the risk or severity of qtc prolongation can be increased when lorajmine is combined with leuprolide.
db00007,leuprolide,acetyldigoxin,the risk or severity of qtc prolongation can be increased when acetyldigoxin is combined with leuprolide.
db00007,leuprolide,piromidic acid,the risk or severity of qtc prolongation can be increased when piromidic acid is combined with leuprolide.
db00007,leuprolide,lidoflazine,the risk or severity of qtc prolongation can be increased when lidoflazine is combined with leuprolide.
db00007,leuprolide,rufloxacin,the risk or severity of qtc prolongation can be increased when rufloxacin is combined with leuprolide.
db00007,leuprolide,pipemidic acid,the risk or severity of qtc prolongation can be increased when pipemidic acid is combined with leuprolide.
db00007,leuprolide,aripiprazole lauroxil,the risk or severity of qtc prolongation can be increased when aripiprazole lauroxil is combined with leuprolide.
db00007,leuprolide,inotersen,the risk or severity of qtc prolongation can be increased when inotersen is combined with leuprolide.
db00007,leuprolide,nelfinavir,the risk or severity of qtc prolongation can be increased when nelfinavir is combined with leuprolide.
db00007,leuprolide,trimipramine,the risk or severity of qtc prolongation can be increased when trimipramine is combined with leuprolide.
db00007,leuprolide,nortriptyline,the risk or severity of qtc prolongation can be increased when nortriptyline is combined with leuprolide.
db00007,leuprolide,voriconazole,the risk or severity of qtc prolongation can be increased when voriconazole is combined with leuprolide.
db00007,leuprolide,ethosuximide,the risk or severity of qtc prolongation can be increased when ethosuximide is combined with leuprolide.
db00007,leuprolide,vardenafil,the risk or severity of qtc prolongation can be increased when vardenafil is combined with leuprolide.
db00007,leuprolide,tacrolimus,"the risk or severity of myopathy, rhabdomyolysis, and myoglobinuria can be increased when leuprolide is combined with tacrolimus."
db00007,leuprolide,felodipine,the risk or severity of qtc prolongation can be increased when felodipine is combined with leuprolide.
db00007,leuprolide,ketoconazole,the risk or severity of qtc prolongation can be increased when ketoconazole is combined with leuprolide.
db00007,leuprolide,atazanavir,the risk or severity of qtc prolongation can be increased when atazanavir is combined with leuprolide.
db00007,leuprolide,itraconazole,the risk or severity of qtc prolongation can be increased when itraconazole is combined with leuprolide.
db00007,leuprolide,dasatinib,the risk or severity of qtc prolongation can be increased when dasatinib is combined with leuprolide.
db00007,leuprolide,posaconazole,the risk or severity of qtc prolongation can be increased when posaconazole is combined with leuprolide.
db00007,leuprolide,digitoxin,the risk or severity of qtc prolongation can be increased when digitoxin is combined with leuprolide.
db00007,leuprolide,lurasidone,the risk or severity of qtc prolongation can be increased when lurasidone is combined with leuprolide.
db00007,leuprolide,rilpivirine,the risk or severity of qtc prolongation can be increased when rilpivirine is combined with leuprolide.
db00007,leuprolide,ebastine,the risk or severity of qtc prolongation can be increased when ebastine is combined with leuprolide.
db00007,leuprolide,lopinavir,the risk or severity of qtc prolongation can be increased when lopinavir is combined with leuprolide.
db00007,leuprolide,doxepin,the risk or severity of qtc prolongation can be increased when doxepin is combined with leuprolide.
db00007,leuprolide,desipramine,the risk or severity of qtc prolongation can be increased when desipramine is combined with leuprolide.
db00007,leuprolide,ritonavir,"the risk or severity of myopathy, rhabdomyolysis, and myoglobinuria can be increased when leuprolide is combined with ritonavir."
db00007,leuprolide,clofazimine,the risk or severity of qtc prolongation can be increased when clofazimine is combined with leuprolide.
db00007,leuprolide,fostemsavir,the risk or severity of qtc prolongation can be increased when fostemsavir is combined with leuprolide.
db00007,leuprolide,epinastine,the risk or severity of qtc prolongation can be increased when epinastine is combined with leuprolide.
db00007,leuprolide,relugolix,the risk or severity of qtc prolongation can be increased when relugolix is combined with leuprolide.
db00007,leuprolide,delamanid,leuprolide may increase the qtc-prolonging activities of delamanid.
db00007,leuprolide,icosapent,icosapent may decrease the excretion rate of leuprolide which could result in a higher serum level.
db00007,leuprolide,cefotiam,cefotiam may decrease the excretion rate of leuprolide which could result in a higher serum level.
db00007,leuprolide,mesalazine,mesalazine may decrease the excretion rate of leuprolide which could result in a higher serum level.
db00007,leuprolide,cefmenoxime,cefmenoxime may decrease the excretion rate of leuprolide which could result in a higher serum level.
db00007,leuprolide,cefmetazole,cefmetazole may decrease the excretion rate of leuprolide which could result in a higher serum level.
db00007,leuprolide,tenofovir disoproxil,tenofovir disoproxil may decrease the excretion rate of leuprolide which could result in a higher serum level.
db00007,leuprolide,indomethacin,indomethacin may decrease the excretion rate of leuprolide which could result in a higher serum level.
db00007,leuprolide,cidofovir,cidofovir may decrease the excretion rate of leuprolide which could result in a higher serum level.
db00007,leuprolide,cefpiramide,cefpiramide may decrease the excretion rate of leuprolide which could result in a higher serum level.
db00007,leuprolide,ceftazidime,ceftazidime may decrease the excretion rate of leuprolide which could result in a higher serum level.
db00007,leuprolide,loracarbef,loracarbef may decrease the excretion rate of leuprolide which could result in a higher serum level.
db00007,leuprolide,cefalotin,cefalotin may decrease the excretion rate of leuprolide which could result in a higher serum level.
db00007,leuprolide,nabumetone,nabumetone may decrease the excretion rate of leuprolide which could result in a higher serum level.
db00007,leuprolide,ketorolac,ketorolac may decrease the excretion rate of leuprolide which could result in a higher serum level.
db00007,leuprolide,tenoxicam,tenoxicam may decrease the excretion rate of leuprolide which could result in a higher serum level.
db00007,leuprolide,celecoxib,celecoxib may decrease the excretion rate of leuprolide which could result in a higher serum level.
db00007,leuprolide,cefotaxime,cefotaxime may decrease the excretion rate of leuprolide which could result in a higher serum level.
db00007,leuprolide,tolmetin,tolmetin may decrease the excretion rate of leuprolide which could result in a higher serum level.
db00007,leuprolide,rofecoxib,rofecoxib may decrease the excretion rate of leuprolide which could result in a higher serum level.
db00007,leuprolide,piroxicam,piroxicam may decrease the excretion rate of leuprolide which could result in a higher serum level.
db00007,leuprolide,cephalexin,cephalexin may decrease the excretion rate of leuprolide which could result in a higher serum level.
db00007,leuprolide,fenoprofen,fenoprofen may decrease the excretion rate of leuprolide which could result in a higher serum level.
db00007,leuprolide,valaciclovir,valaciclovir may decrease the excretion rate of leuprolide which could result in a higher serum level.
db00007,leuprolide,valdecoxib,valdecoxib may decrease the excretion rate of leuprolide which could result in a higher serum level.
db00007,leuprolide,diclofenac,diclofenac may decrease the excretion rate of leuprolide which could result in a higher serum level.
db00007,leuprolide,sulindac,sulindac may decrease the excretion rate of leuprolide which could result in a higher serum level.
db00007,leuprolide,bacitracin,bacitracin may decrease the excretion rate of leuprolide which could result in a higher serum level.
db00007,leuprolide,cephaloglycin,cephaloglycin may decrease the excretion rate of leuprolide which could result in a higher serum level.
db00007,leuprolide,flurbiprofen,flurbiprofen may decrease the excretion rate of leuprolide which could result in a higher serum level.
db00007,leuprolide,adefovir dipivoxil,adefovir dipivoxil may decrease the excretion rate of leuprolide which could result in a higher serum level.
db00007,leuprolide,etodolac,etodolac may decrease the excretion rate of leuprolide which could result in a higher serum level.
db00007,leuprolide,mefenamic acid,mefenamic acid may decrease the excretion rate of leuprolide which could result in a higher serum level.
db00007,leuprolide,acyclovir,acyclovir may decrease the excretion rate of leuprolide which could result in a higher serum level.
db00007,leuprolide,naproxen,naproxen may decrease the excretion rate of leuprolide which could result in a higher serum level.
db00007,leuprolide,sulfasalazine,sulfasalazine may decrease the excretion rate of leuprolide which could result in a higher serum level.
db00007,leuprolide,phenylbutazone,phenylbutazone may decrease the excretion rate of leuprolide which could result in a higher serum level.
db00007,leuprolide,meloxicam,the risk or severity of methemoglobinemia can be increased when leuprolide is combined with meloxicam.
db00007,leuprolide,carprofen,carprofen may decrease the excretion rate of leuprolide which could result in a higher serum level.
db00007,leuprolide,cefaclor,cefaclor may decrease the excretion rate of leuprolide which could result in a higher serum level.
db00007,leuprolide,diflunisal,diflunisal may decrease the excretion rate of leuprolide which could result in a higher serum level.
db00007,leuprolide,ceforanide,ceforanide may decrease the excretion rate of leuprolide which could result in a higher serum level.
db00007,leuprolide,salicylic acid,salicylic acid may decrease the excretion rate of leuprolide which could result in a higher serum level.
db00007,leuprolide,meclofenamic acid,meclofenamic acid may decrease the excretion rate of leuprolide which could result in a higher serum level.
db00007,leuprolide,acetylsalicylic acid,acetylsalicylic acid may decrease the excretion rate of leuprolide which could result in a higher serum level.
db00007,leuprolide,carboplatin,carboplatin may decrease the excretion rate of leuprolide which could result in a higher serum level.
db00007,leuprolide,oxaprozin,oxaprozin may decrease the excretion rate of leuprolide which could result in a higher serum level.
db00007,leuprolide,ketoprofen,ketoprofen may decrease the excretion rate of leuprolide which could result in a higher serum level.
db00007,leuprolide,balsalazide,balsalazide may decrease the excretion rate of leuprolide which could result in a higher serum level.
db00007,leuprolide,ibuprofen,ibuprofen may decrease the excretion rate of leuprolide which could result in a higher serum level.
db00007,leuprolide,cefditoren,cefditoren may decrease the excretion rate of leuprolide which could result in a higher serum level.
db00007,leuprolide,colistimethate,colistimethate may decrease the excretion rate of leuprolide which could result in a higher serum level.
db00007,leuprolide,cefuroxime,cefuroxime may decrease the excretion rate of leuprolide which could result in a higher serum level.
db00007,leuprolide,cefapirin,cefapirin may decrease the excretion rate of leuprolide which could result in a higher serum level.
db00007,leuprolide,cefadroxil,cefadroxil may decrease the excretion rate of leuprolide which could result in a higher serum level.
db00007,leuprolide,cefprozil,cefprozil may decrease the excretion rate of leuprolide which could result in a higher serum level.
db00007,leuprolide,ceftriaxone,ceftriaxone may decrease the excretion rate of leuprolide which could result in a higher serum level.
db00007,leuprolide,olsalazine,olsalazine may decrease the excretion rate of leuprolide which could result in a higher serum level.
db00007,leuprolide,lumiracoxib,lumiracoxib may decrease the excretion rate of leuprolide which could result in a higher serum level.
db00007,leuprolide,cefamandole,cefamandole may decrease the excretion rate of leuprolide which could result in a higher serum level.
db00007,leuprolide,cefazolin,cefazolin may decrease the excretion rate of leuprolide which could result in a higher serum level.
db00007,leuprolide,cefonicid,cefonicid may decrease the excretion rate of leuprolide which could result in a higher serum level.
db00007,leuprolide,cefoperazone,cefoperazone may decrease the excretion rate of leuprolide which could result in a higher serum level.
db00007,leuprolide,cefotetan,cefotetan may decrease the excretion rate of leuprolide which could result in a higher serum level.
db00007,leuprolide,cefoxitin,cefoxitin may decrease the excretion rate of leuprolide which could result in a higher serum level.
db00007,leuprolide,ceftizoxime,ceftizoxime may decrease the excretion rate of leuprolide which could result in a higher serum level.
db00007,leuprolide,cefradine,cefradine may decrease the excretion rate of leuprolide which could result in a higher serum level.
db00007,leuprolide,magnesium salicylate,magnesium salicylate may decrease the excretion rate of leuprolide which could result in a higher serum level.
db00007,leuprolide,salsalate,salsalate may decrease the excretion rate of leuprolide which could result in a higher serum level.
db00007,leuprolide,choline magnesium trisalicylate,choline magnesium trisalicylate may decrease the excretion rate of leuprolide which could result in a higher serum level.
db00007,leuprolide,cefepime,cefepime may decrease the excretion rate of leuprolide which could result in a higher serum level.
db00007,leuprolide,cefacetrile,cefacetrile may decrease the excretion rate of leuprolide which could result in a higher serum level.
db00007,leuprolide,ceftibuten,ceftibuten may decrease the excretion rate of leuprolide which could result in a higher serum level.
db00007,leuprolide,cefpodoxime,cefpodoxime may decrease the excretion rate of leuprolide which could result in a higher serum level.
db00007,leuprolide,antrafenine,antrafenine may decrease the excretion rate of leuprolide which could result in a higher serum level.
db00007,leuprolide,aminophenazone,aminophenazone may decrease the excretion rate of leuprolide which could result in a higher serum level.
db00007,leuprolide,antipyrine,antipyrine may decrease the excretion rate of leuprolide which could result in a higher serum level.
db00007,leuprolide,tiaprofenic acid,tiaprofenic acid may decrease the excretion rate of leuprolide which could result in a higher serum level.
db00007,leuprolide,etoricoxib,etoricoxib may decrease the excretion rate of leuprolide which could result in a higher serum level.
db00007,leuprolide,hydrolyzed cephalothin,hydrolyzed cephalothin may decrease the excretion rate of leuprolide which could result in a higher serum level.
db00007,leuprolide,cephalothin group,cephalothin group may decrease the excretion rate of leuprolide which could result in a higher serum level.
db00007,leuprolide,oxyphenbutazone,oxyphenbutazone may decrease the excretion rate of leuprolide which could result in a higher serum level.
db00007,leuprolide,latamoxef,latamoxef may decrease the excretion rate of leuprolide which could result in a higher serum level.
db00007,leuprolide,nimesulide,nimesulide may decrease the excretion rate of leuprolide which could result in a higher serum level.
db00007,leuprolide,benoxaprofen,benoxaprofen may decrease the excretion rate of leuprolide which could result in a higher serum level.
db00007,leuprolide,metamizole,metamizole may decrease the excretion rate of leuprolide which could result in a higher serum level.
db00007,leuprolide,zomepirac,zomepirac may decrease the excretion rate of leuprolide which could result in a higher serum level.
db00007,leuprolide,ceftobiprole,ceftobiprole may decrease the excretion rate of leuprolide which could result in a higher serum level.
db00007,leuprolide,cimicoxib,cimicoxib may decrease the excretion rate of leuprolide which could result in a higher serum level.
db00007,leuprolide,ceftaroline fosamil,ceftaroline fosamil may decrease the excretion rate of leuprolide which could result in a higher serum level.
db00007,leuprolide,lornoxicam,lornoxicam may decrease the excretion rate of leuprolide which could result in a higher serum level.
db00007,leuprolide,aceclofenac,aceclofenac may decrease the excretion rate of leuprolide which could result in a higher serum level.
db00007,leuprolide,zaltoprofen,zaltoprofen may decrease the excretion rate of leuprolide which could result in a higher serum level.
db00007,leuprolide,azapropazone,azapropazone may decrease the excretion rate of leuprolide which could result in a higher serum level.
db00007,leuprolide,parecoxib,parecoxib may decrease the excretion rate of leuprolide which could result in a higher serum level.
db00007,leuprolide,salicylamide,salicylamide may decrease the excretion rate of leuprolide which could result in a higher serum level.
db00007,leuprolide,kebuzone,kebuzone may decrease the excretion rate of leuprolide which could result in a higher serum level.
db00007,leuprolide,isoxicam,isoxicam may decrease the excretion rate of leuprolide which could result in a higher serum level.
db00007,leuprolide,indoprofen,indoprofen may decrease the excretion rate of leuprolide which could result in a higher serum level.
db00007,leuprolide,ibuproxam,ibuproxam may decrease the excretion rate of leuprolide which could result in a higher serum level.
db00007,leuprolide,floctafenine,floctafenine may decrease the excretion rate of leuprolide which could result in a higher serum level.
db00007,leuprolide,fenbufen,fenbufen may decrease the excretion rate of leuprolide which could result in a higher serum level.
db00007,leuprolide,etofenamate,etofenamate may decrease the excretion rate of leuprolide which could result in a higher serum level.
db00007,leuprolide,epirizole,epirizole may decrease the excretion rate of leuprolide which could result in a higher serum level.
db00007,leuprolide,cefaloridine,cefaloridine may decrease the excretion rate of leuprolide which could result in a higher serum level.
db00007,leuprolide,cefminox,cefminox may decrease the excretion rate of leuprolide which could result in a higher serum level.
db00007,leuprolide,benzydamine,benzydamine may decrease the excretion rate of leuprolide which could result in a higher serum level.
db00007,leuprolide,dexibuprofen,dexibuprofen may decrease the excretion rate of leuprolide which could result in a higher serum level.
db00007,leuprolide,dexketoprofen,dexketoprofen may decrease the excretion rate of leuprolide which could result in a higher serum level.
db00007,leuprolide,droxicam,droxicam may decrease the excretion rate of leuprolide which could result in a higher serum level.
db00007,leuprolide,tolfenamic acid,tolfenamic acid may decrease the excretion rate of leuprolide which could result in a higher serum level.
db00007,leuprolide,firocoxib,firocoxib may decrease the excretion rate of leuprolide which could result in a higher serum level.
db00007,leuprolide,clonixin,clonixin may decrease the excretion rate of leuprolide which could result in a higher serum level.
db00007,leuprolide,morniflumate,morniflumate may decrease the excretion rate of leuprolide which could result in a higher serum level.
db00007,leuprolide,propacetamol,propacetamol may decrease the excretion rate of leuprolide which could result in a higher serum level.
db00007,leuprolide,talniflumate,talniflumate may decrease the excretion rate of leuprolide which could result in a higher serum level.
db00007,leuprolide,tenofovir alafenamide,the serum concentration of tenofovir alafenamide can be increased when it is combined with leuprolide.
db00007,leuprolide,cefroxadine,cefroxadine may decrease the excretion rate of leuprolide which could result in a higher serum level.
db00007,leuprolide,robenacoxib,robenacoxib may decrease the excretion rate of leuprolide which could result in a higher serum level.
db00007,leuprolide,tepoxalin,tepoxalin may decrease the excretion rate of leuprolide which could result in a higher serum level.
db00007,leuprolide,flunixin,flunixin may decrease the excretion rate of leuprolide which could result in a higher serum level.
db00007,leuprolide,flomoxef,flomoxef may decrease the excretion rate of leuprolide which could result in a higher serum level.
db00007,leuprolide,nitroaspirin,nitroaspirin may decrease the excretion rate of leuprolide which could result in a higher serum level.
db00007,leuprolide,indobufen,indobufen may decrease the excretion rate of leuprolide which could result in a higher serum level.
db00007,leuprolide,tinoridine,tinoridine may decrease the excretion rate of leuprolide which could result in a higher serum level.
db00007,leuprolide,alclofenac,alclofenac may decrease the excretion rate of leuprolide which could result in a higher serum level.
db00007,leuprolide,fentiazac,fentiazac may decrease the excretion rate of leuprolide which could result in a higher serum level.
db00007,leuprolide,suxibuzone,suxibuzone may decrease the excretion rate of leuprolide which could result in a higher serum level.
db00007,leuprolide,cefatrizine,cefatrizine may decrease the excretion rate of leuprolide which could result in a higher serum level.
db00007,leuprolide,bumadizone,bumadizone may decrease the excretion rate of leuprolide which could result in a higher serum level.
db00007,leuprolide,alminoprofen,alminoprofen may decrease the excretion rate of leuprolide which could result in a higher serum level.
db00007,leuprolide,difenpiramide,difenpiramide may decrease the excretion rate of leuprolide which could result in a higher serum level.
db00007,leuprolide,nifenazone,nifenazone may decrease the excretion rate of leuprolide which could result in a higher serum level.
db00007,leuprolide,lonazolac,lonazolac may decrease the excretion rate of leuprolide which could result in a higher serum level.
db00007,leuprolide,cefcapene,cefcapene may decrease the excretion rate of leuprolide which could result in a higher serum level.
db00007,leuprolide,cefodizime,cefodizime may decrease the excretion rate of leuprolide which could result in a higher serum level.
db00007,leuprolide,tenidap,tenidap may decrease the excretion rate of leuprolide which could result in a higher serum level.
db00007,leuprolide,cefsulodin,cefsulodin may decrease the excretion rate of leuprolide which could result in a higher serum level.
db00007,leuprolide,cefetamet,cefetamet may decrease the excretion rate of leuprolide which could result in a higher serum level.
db00007,leuprolide,propyphenazone,propyphenazone may decrease the excretion rate of leuprolide which could result in a higher serum level.
db00007,leuprolide,proglumetacin,proglumetacin may decrease the excretion rate of leuprolide which could result in a higher serum level.
db00007,leuprolide,guacetisal,guacetisal may decrease the excretion rate of leuprolide which could result in a higher serum level.
db00007,leuprolide,ethenzamide,ethenzamide may decrease the excretion rate of leuprolide which could result in a higher serum level.
db00007,leuprolide,carbaspirin calcium,carbaspirin calcium may decrease the excretion rate of leuprolide which could result in a higher serum level.
db00007,leuprolide,mofebutazone,mofebutazone may decrease the excretion rate of leuprolide which could result in a higher serum level.
db00007,leuprolide,cefbuperazone,cefbuperazone may decrease the excretion rate of leuprolide which could result in a higher serum level.
db00007,leuprolide,proquazone,proquazone may decrease the excretion rate of leuprolide which could result in a higher serum level.
db00007,leuprolide,benorilate,benorilate may decrease the excretion rate of leuprolide which could result in a higher serum level.
db00007,leuprolide,cefozopran,cefozopran may decrease the excretion rate of leuprolide which could result in a higher serum level.
db00007,leuprolide,cefpirome,cefpirome may decrease the excretion rate of leuprolide which could result in a higher serum level.
db00007,leuprolide,pirprofen,pirprofen may decrease the excretion rate of leuprolide which could result in a higher serum level.
db00007,leuprolide,cefazedone,cefazedone may decrease the excretion rate of leuprolide which could result in a higher serum level.
db00007,leuprolide,acemetacin,acemetacin may decrease the excretion rate of leuprolide which could result in a higher serum level.
db00007,leuprolide,ceftezole,ceftezole may decrease the excretion rate of leuprolide which could result in a higher serum level.
db00007,leuprolide,imidazole salicylate,imidazole salicylate may decrease the excretion rate of leuprolide which could result in a higher serum level.
db00007,leuprolide,adefovir,adefovir may decrease the excretion rate of leuprolide which could result in a higher serum level.
db00007,leuprolide,sc-236,sc-236 may decrease the excretion rate of leuprolide which could result in a higher serum level.
db00007,leuprolide,ns-398,ns-398 may decrease the excretion rate of leuprolide which could result in a higher serum level.
db00007,leuprolide,tenofovir,tenofovir may decrease the excretion rate of leuprolide which could result in a higher serum level.
db00007,leuprolide,phenazopyridine,phenazopyridine may decrease the excretion rate of leuprolide which could result in a higher serum level.
db00007,leuprolide,givosiran,givosiran may decrease the excretion rate of leuprolide which could result in a higher serum level.
db00007,leuprolide,lithium citrate,lithium citrate may decrease the excretion rate of leuprolide which could result in a higher serum level.
db00007,leuprolide,loxoprofen,loxoprofen may decrease the excretion rate of leuprolide which could result in a higher serum level.
db00007,leuprolide,framycetin,framycetin may decrease the excretion rate of leuprolide which could result in a higher serum level.
db00007,leuprolide,paromomycin,paromomycin may decrease the excretion rate of leuprolide which could result in a higher serum level.
db00007,leuprolide,geneticin,geneticin may decrease the excretion rate of leuprolide which could result in a higher serum level.
db00007,leuprolide,apramycin,apramycin may decrease the excretion rate of leuprolide which could result in a higher serum level.
db00007,leuprolide,neamine,neamine may decrease the excretion rate of leuprolide which could result in a higher serum level.
db00007,leuprolide,puromycin,puromycin may decrease the excretion rate of leuprolide which could result in a higher serum level.
db00007,leuprolide,dihydrostreptomycin,dihydrostreptomycin may decrease the excretion rate of leuprolide which could result in a higher serum level.
db00007,leuprolide,hygromycin b,hygromycin b may decrease the excretion rate of leuprolide which could result in a higher serum level.
db00007,leuprolide,niflumic acid,niflumic acid may decrease the excretion rate of leuprolide which could result in a higher serum level.
db00007,leuprolide,salmon calcitonin,leuprolide may decrease the excretion rate of salmon calcitonin which could result in a higher serum level.
db00007,leuprolide,desmopressin,leuprolide may decrease the excretion rate of desmopressin which could result in a higher serum level.
db00007,leuprolide,aldesleukin,leuprolide may decrease the excretion rate of aldesleukin which could result in a higher serum level.
db00007,leuprolide,tositumomab,leuprolide may decrease the excretion rate of tositumomab which could result in a higher serum level.
db00007,leuprolide,cyanocobalamin,leuprolide may decrease the excretion rate of cyanocobalamin which could result in a higher serum level.
db00007,leuprolide,folic acid,leuprolide may decrease the excretion rate of folic acid which could result in a higher serum level.
db00007,leuprolide,pyridoxine,leuprolide may decrease the excretion rate of pyridoxine which could result in a higher serum level.
db00007,leuprolide,fluvoxamine,leuprolide may decrease the excretion rate of fluvoxamine which could result in a higher serum level.
db00007,leuprolide,amphetamine,leuprolide may decrease the excretion rate of amphetamine which could result in a higher serum level.
db00007,leuprolide,cevimeline,leuprolide may decrease the excretion rate of cevimeline which could result in a higher serum level.
db00007,leuprolide,lorazepam,leuprolide may decrease the excretion rate of lorazepam which could result in a higher serum level.
db00007,leuprolide,carbidopa,leuprolide may decrease the excretion rate of carbidopa which could result in a higher serum level.
db00007,leuprolide,tramadol,leuprolide may decrease the excretion rate of tramadol which could result in a higher serum level.
db00007,leuprolide,oseltamivir,leuprolide may decrease the excretion rate of oseltamivir which could result in a higher serum level.
db00007,leuprolide,hydroxocobalamin,leuprolide may decrease the excretion rate of hydroxocobalamin which could result in a higher serum level.
db00007,leuprolide,reserpine,leuprolide may decrease the excretion rate of reserpine which could result in a higher serum level.
db00007,leuprolide,ticlopidine,leuprolide may decrease the excretion rate of ticlopidine which could result in a higher serum level.
db00007,leuprolide,pantoprazole,leuprolide may decrease the excretion rate of pantoprazole which could result in a higher serum level.
db00007,leuprolide,gadodiamide,leuprolide may decrease the excretion rate of gadodiamide which could result in a higher serum level.
db00007,leuprolide,temazepam,leuprolide may decrease the excretion rate of temazepam which could result in a higher serum level.
db00007,leuprolide,milrinone,leuprolide may decrease the excretion rate of milrinone which could result in a higher serum level.
db00007,leuprolide,butabarbital,leuprolide may decrease the excretion rate of butabarbital which could result in a higher serum level.
db00007,leuprolide,doxycycline,leuprolide may decrease the excretion rate of doxycycline which could result in a higher serum level.
db00007,leuprolide,carmustine,leuprolide may decrease the excretion rate of carmustine which could result in a higher serum level.
db00007,leuprolide,metoprolol,leuprolide may decrease the excretion rate of metoprolol which could result in a higher serum level.
db00007,leuprolide,diatrizoate,leuprolide may decrease the excretion rate of diatrizoate which could result in a higher serum level.
db00007,leuprolide,topiramate,leuprolide may decrease the excretion rate of topiramate which could result in a higher serum level.
db00007,leuprolide,liothyronine,leuprolide may decrease the excretion rate of liothyronine which could result in a higher serum level.
db00007,leuprolide,conjugated estrogens,leuprolide may decrease the excretion rate of conjugated estrogens which could result in a higher serum level.
db00007,leuprolide,bleomycin,leuprolide may decrease the excretion rate of bleomycin which could result in a higher serum level.
db00007,leuprolide,etomidate,leuprolide may decrease the excretion rate of etomidate which could result in a higher serum level.
db00007,leuprolide,etonogestrel,leuprolide may decrease the excretion rate of etonogestrel which could result in a higher serum level.
db00007,leuprolide,ropivacaine,the risk or severity of methemoglobinemia can be increased when leuprolide is combined with ropivacaine.
db00007,leuprolide,ertapenem,leuprolide may decrease the excretion rate of ertapenem which could result in a higher serum level.
db00007,leuprolide,acetaminophen,leuprolide may decrease the excretion rate of acetaminophen which could result in a higher serum level.
db00007,leuprolide,piperacillin,leuprolide may decrease the excretion rate of piperacillin which could result in a higher serum level.
db00007,leuprolide,floxuridine,leuprolide may decrease the excretion rate of floxuridine which could result in a higher serum level.
db00007,leuprolide,tolcapone,leuprolide may decrease the excretion rate of tolcapone which could result in a higher serum level.
db00007,leuprolide,nitroprusside,leuprolide may decrease the excretion rate of nitroprusside which could result in a higher serum level.
db00007,leuprolide,hydromorphone,leuprolide may decrease the excretion rate of hydromorphone which could result in a higher serum level.
db00007,leuprolide,ethambutol,leuprolide may decrease the excretion rate of ethambutol which could result in a higher serum level.
db00007,leuprolide,pyrazinamide,leuprolide may decrease the excretion rate of pyrazinamide which could result in a higher serum level.
db00007,leuprolide,clobazam,leuprolide may decrease the excretion rate of clobazam which could result in a higher serum level.
db00007,leuprolide,megestrol acetate,leuprolide may decrease the excretion rate of megestrol acetate which could result in a higher serum level.
db00007,leuprolide,aztreonam,leuprolide may decrease the excretion rate of aztreonam which could result in a higher serum level.
db00007,leuprolide,chlorzoxazone,leuprolide may decrease the excretion rate of chlorzoxazone which could result in a higher serum level.
db00007,leuprolide,sucralfate,leuprolide may decrease the excretion rate of sucralfate which could result in a higher serum level.
db00007,leuprolide,thiethylperazine,leuprolide may decrease the excretion rate of thiethylperazine which could result in a higher serum level.
db00007,leuprolide,palonosetron,leuprolide may decrease the excretion rate of palonosetron which could result in a higher serum level.
db00007,leuprolide,dexrazoxane,leuprolide may decrease the excretion rate of dexrazoxane which could result in a higher serum level.
db00007,leuprolide,eszopiclone,leuprolide may decrease the excretion rate of eszopiclone which could result in a higher serum level.
db00007,leuprolide,pramipexole,leuprolide may decrease the excretion rate of pramipexole which could result in a higher serum level.
db00007,leuprolide,ampicillin,leuprolide may decrease the excretion rate of ampicillin which could result in a higher serum level.
db00007,leuprolide,secobarbital,leuprolide may decrease the excretion rate of secobarbital which could result in a higher serum level.
db00007,leuprolide,trifluridine,leuprolide may decrease the excretion rate of trifluridine which could result in a higher serum level.
db00007,leuprolide,nitric oxide,leuprolide may decrease the excretion rate of nitric oxide which could result in a higher serum level.
db00007,leuprolide,allopurinol,leuprolide may decrease the excretion rate of allopurinol which could result in a higher serum level.
db00007,leuprolide,gemcitabine,leuprolide may decrease the excretion rate of gemcitabine which could result in a higher serum level.
db00007,leuprolide,duloxetine,leuprolide may decrease the excretion rate of duloxetine which could result in a higher serum level.
db00007,leuprolide,lenalidomide,leuprolide may decrease the excretion rate of lenalidomide which could result in a higher serum level.
db00007,leuprolide,fosinopril,leuprolide may decrease the excretion rate of fosinopril which could result in a higher serum level.
db00007,leuprolide,flutamide,leuprolide may decrease the excretion rate of flutamide which could result in a higher serum level.
db00007,leuprolide,cefdinir,leuprolide may decrease the excretion rate of cefdinir which could result in a higher serum level.
db00007,leuprolide,azelaic acid,leuprolide may decrease the excretion rate of azelaic acid which could result in a higher serum level.
db00007,leuprolide,methoxsalen,leuprolide may decrease the excretion rate of methoxsalen which could result in a higher serum level.
db00007,leuprolide,zanamivir,leuprolide may decrease the excretion rate of zanamivir which could result in a higher serum level.
db00007,leuprolide,fondaparinux,leuprolide may decrease the excretion rate of fondaparinux which could result in a higher serum level.
db00007,leuprolide,levocarnitine,leuprolide may decrease the excretion rate of levocarnitine which could result in a higher serum level.
db00007,leuprolide,fluocinolone acetonide,leuprolide may decrease the excretion rate of fluocinolone acetonide which could result in a higher serum level.
db00007,leuprolide,gadoteridol,leuprolide may decrease the excretion rate of gadoteridol which could result in a higher serum level.
db00007,leuprolide,labetalol,leuprolide may decrease the excretion rate of labetalol which could result in a higher serum level.
db00007,leuprolide,medroxyprogesterone acetate,leuprolide may decrease the excretion rate of medroxyprogesterone acetate which could result in a higher serum level.
db00007,leuprolide,bisoprolol,leuprolide may decrease the excretion rate of bisoprolol which could result in a higher serum level.
db00007,leuprolide,testosterone,leuprolide may decrease the excretion rate of testosterone which could result in a higher serum level.
db00007,leuprolide,clorazepic acid,leuprolide may decrease the excretion rate of clorazepic acid which could result in a higher serum level.
db00007,leuprolide,clofarabine,leuprolide may decrease the excretion rate of clofarabine which could result in a higher serum level.
db00007,leuprolide,dexmedetomidine,leuprolide may decrease the excretion rate of dexmedetomidine which could result in a higher serum level.
db00007,leuprolide,prednisone,leuprolide may decrease the excretion rate of prednisone which could result in a higher serum level.
db00007,leuprolide,dyphylline,leuprolide may decrease the excretion rate of dyphylline which could result in a higher serum level.
db00007,leuprolide,mecamylamine,leuprolide may decrease the excretion rate of mecamylamine which could result in a higher serum level.
db00007,leuprolide,metaxalone,leuprolide may decrease the excretion rate of metaxalone which could result in a higher serum level.
db00007,leuprolide,nilutamide,leuprolide may decrease the excretion rate of nilutamide which could result in a higher serum level.
db00007,leuprolide,sumatriptan,leuprolide may decrease the excretion rate of sumatriptan which could result in a higher serum level.
db00007,leuprolide,flurazepam,leuprolide may decrease the excretion rate of flurazepam which could result in a higher serum level.
db00007,leuprolide,nitrofurantoin,leuprolide may decrease the excretion rate of nitrofurantoin which could result in a higher serum level.
db00007,leuprolide,tamsulosin,leuprolide may decrease the excretion rate of tamsulosin which could result in a higher serum level.
db00007,leuprolide,oxacillin,leuprolide may decrease the excretion rate of oxacillin which could result in a higher serum level.
db00007,leuprolide,nedocromil,leuprolide may decrease the excretion rate of nedocromil which could result in a higher serum level.
db00007,leuprolide,lisinopril,leuprolide may decrease the excretion rate of lisinopril which could result in a higher serum level.
db00007,leuprolide,thiabendazole,leuprolide may decrease the excretion rate of thiabendazole which could result in a higher serum level.
db00007,leuprolide,pralidoxime,leuprolide may decrease the excretion rate of pralidoxime which could result in a higher serum level.
db00007,leuprolide,tetracycline,leuprolide may decrease the excretion rate of tetracycline which could result in a higher serum level.
db00007,leuprolide,meropenem,leuprolide may decrease the excretion rate of meropenem which could result in a higher serum level.
db00007,leuprolide,potassium chloride,leuprolide may decrease the excretion rate of potassium chloride which could result in a higher serum level.
db00007,leuprolide,tirofiban,leuprolide may decrease the excretion rate of tirofiban which could result in a higher serum level.
db00007,leuprolide,phenelzine,leuprolide may decrease the excretion rate of phenelzine which could result in a higher serum level.
db00007,leuprolide,propantheline,leuprolide may decrease the excretion rate of propantheline which could result in a higher serum level.
db00007,leuprolide,estradiol,leuprolide may decrease the excretion rate of estradiol which could result in a higher serum level.
db00007,leuprolide,gadopentetic acid,leuprolide may decrease the excretion rate of gadopentetic acid which could result in a higher serum level.
db00007,leuprolide,perindopril,leuprolide may decrease the excretion rate of perindopril which could result in a higher serum level.
db00007,leuprolide,fenoldopam,leuprolide may decrease the excretion rate of fenoldopam which could result in a higher serum level.
db00007,leuprolide,dicyclomine,leuprolide may decrease the excretion rate of dicyclomine which could result in a higher serum level.
db00007,leuprolide,pentoxifylline,leuprolide may decrease the excretion rate of pentoxifylline which could result in a higher serum level.
db00007,leuprolide,ribavirin,leuprolide may decrease the excretion rate of ribavirin which could result in a higher serum level.
db00007,leuprolide,fosfomycin,leuprolide may decrease the excretion rate of fosfomycin which could result in a higher serum level.
db00007,leuprolide,diazepam,leuprolide may decrease the excretion rate of diazepam which could result in a higher serum level.
db00007,leuprolide,dobutamine,leuprolide may decrease the excretion rate of dobutamine which could result in a higher serum level.
db00007,leuprolide,oxazepam,leuprolide may decrease the excretion rate of oxazepam which could result in a higher serum level.
db00007,leuprolide,dacarbazine,leuprolide may decrease the excretion rate of dacarbazine which could result in a higher serum level.
db00007,leuprolide,temozolomide,leuprolide may decrease the excretion rate of temozolomide which could result in a higher serum level.
db00007,leuprolide,testolactone,leuprolide may decrease the excretion rate of testolactone which could result in a higher serum level.
db00007,leuprolide,didanosine,leuprolide may decrease the excretion rate of didanosine which could result in a higher serum level.
db00007,leuprolide,tinidazole,leuprolide may decrease the excretion rate of tinidazole which could result in a higher serum level.
db00007,leuprolide,almotriptan,leuprolide may decrease the excretion rate of almotriptan which could result in a higher serum level.
db00007,leuprolide,azacitidine,leuprolide may decrease the excretion rate of azacitidine which could result in a higher serum level.
db00007,leuprolide,rizatriptan,leuprolide may decrease the excretion rate of rizatriptan which could result in a higher serum level.
db00007,leuprolide,pindolol,leuprolide may decrease the excretion rate of pindolol which could result in a higher serum level.
db00007,leuprolide,mepivacaine,the risk or severity of methemoglobinemia can be increased when leuprolide is combined with mepivacaine.
db00007,leuprolide,zaleplon,leuprolide may decrease the excretion rate of zaleplon which could result in a higher serum level.
db00007,leuprolide,ramelteon,leuprolide may decrease the excretion rate of ramelteon which could result in a higher serum level.
db00007,leuprolide,dopamine,leuprolide may decrease the excretion rate of dopamine which could result in a higher serum level.
db00007,leuprolide,azathioprine,leuprolide may decrease the excretion rate of azathioprine which could result in a higher serum level.
db00007,leuprolide,auranofin,leuprolide may decrease the excretion rate of auranofin which could result in a higher serum level.
db00007,leuprolide,levobupivacaine,the risk or severity of methemoglobinemia can be increased when leuprolide is combined with levobupivacaine.
db00007,leuprolide,edrophonium,leuprolide may decrease the excretion rate of edrophonium which could result in a higher serum level.
db00007,leuprolide,metyrapone,leuprolide may decrease the excretion rate of metyrapone which could result in a higher serum level.
db00007,leuprolide,guanfacine,leuprolide may decrease the excretion rate of guanfacine which could result in a higher serum level.
db00007,leuprolide,isosorbide mononitrate,leuprolide may decrease the excretion rate of isosorbide mononitrate which could result in a higher serum level.
db00007,leuprolide,phylloquinone,leuprolide may decrease the excretion rate of phylloquinone which could result in a higher serum level.
db00007,leuprolide,mycophenolic acid,leuprolide may decrease the excretion rate of mycophenolic acid which could result in a higher serum level.
db00007,leuprolide,topotecan,leuprolide may decrease the excretion rate of topotecan which could result in a higher serum level.
db00007,leuprolide,probenecid,leuprolide may decrease the excretion rate of probenecid which could result in a higher serum level.
db00007,leuprolide,memantine,leuprolide may decrease the excretion rate of memantine which could result in a higher serum level.
db00007,leuprolide,lubiprostone,leuprolide may decrease the excretion rate of lubiprostone which could result in a higher serum level.
db00007,leuprolide,abacavir,leuprolide may decrease the excretion rate of abacavir which could result in a higher serum level.
db00007,leuprolide,amoxicillin,leuprolide may decrease the excretion rate of amoxicillin which could result in a higher serum level.
db00007,leuprolide,clonazepam,leuprolide may decrease the excretion rate of clonazepam which could result in a higher serum level.
db00007,leuprolide,dimethyl sulfoxide,leuprolide may decrease the excretion rate of dimethyl sulfoxide which could result in a higher serum level.
db00007,leuprolide,flucytosine,leuprolide may decrease the excretion rate of flucytosine which could result in a higher serum level.
db00007,leuprolide,capecitabine,leuprolide may decrease the excretion rate of capecitabine which could result in a higher serum level.
db00007,leuprolide,sibutramine,leuprolide may decrease the excretion rate of sibutramine which could result in a higher serum level.
db00007,leuprolide,rabeprazole,leuprolide may decrease the excretion rate of rabeprazole which could result in a higher serum level.
db00007,leuprolide,tiludronic acid,leuprolide may decrease the excretion rate of tiludronic acid which could result in a higher serum level.
db00007,leuprolide,doxacurium,leuprolide may decrease the excretion rate of doxacurium which could result in a higher serum level.
db00007,leuprolide,flavoxate,leuprolide may decrease the excretion rate of flavoxate which could result in a higher serum level.
db00007,leuprolide,bupropion,leuprolide may decrease the excretion rate of bupropion which could result in a higher serum level.
db00007,leuprolide,trimetrexate,leuprolide may decrease the excretion rate of trimetrexate which could result in a higher serum level.
db00007,leuprolide,guanethidine,leuprolide may decrease the excretion rate of guanethidine which could result in a higher serum level.
db00007,leuprolide,ifosfamide,leuprolide may decrease the excretion rate of ifosfamide which could result in a higher serum level.
db00007,leuprolide,nadolol,leuprolide may decrease the excretion rate of nadolol which could result in a higher serum level.
db00007,leuprolide,flumazenil,leuprolide may decrease the excretion rate of flumazenil which could result in a higher serum level.
db00007,leuprolide,fomepizole,leuprolide may decrease the excretion rate of fomepizole which could result in a higher serum level.
db00007,leuprolide,estazolam,leuprolide may decrease the excretion rate of estazolam which could result in a higher serum level.
db00007,leuprolide,ketamine,leuprolide may decrease the excretion rate of ketamine which could result in a higher serum level.
db00007,leuprolide,epoprostenol,leuprolide may decrease the excretion rate of epoprostenol which could result in a higher serum level.
db00007,leuprolide,iodixanol,leuprolide may decrease the excretion rate of iodixanol which could result in a higher serum level.
db00007,leuprolide,varenicline,leuprolide may decrease the excretion rate of varenicline which could result in a higher serum level.
db00007,leuprolide,hydralazine,leuprolide may decrease the excretion rate of hydralazine which could result in a higher serum level.
db00007,leuprolide,penbutolol,leuprolide may decrease the excretion rate of penbutolol which could result in a higher serum level.
db00007,leuprolide,rasagiline,leuprolide may decrease the excretion rate of rasagiline which could result in a higher serum level.
db00007,leuprolide,tiotropium,leuprolide may decrease the excretion rate of tiotropium which could result in a higher serum level.
db00007,leuprolide,testosterone propionate,leuprolide may decrease the excretion rate of testosterone propionate which could result in a higher serum level.
db00007,leuprolide,amrinone,leuprolide may decrease the excretion rate of amrinone which could result in a higher serum level.
db00007,leuprolide,oxybenzone,leuprolide may decrease the excretion rate of oxybenzone which could result in a higher serum level.
db00007,leuprolide,allylestrenol,leuprolide may decrease the excretion rate of allylestrenol which could result in a higher serum level.
db00007,leuprolide,fenproporex,leuprolide may decrease the excretion rate of fenproporex which could result in a higher serum level.
db00007,leuprolide,bromazepam,leuprolide may decrease the excretion rate of bromazepam which could result in a higher serum level.
db00007,leuprolide,chloral hydrate,leuprolide may decrease the excretion rate of chloral hydrate which could result in a higher serum level.
db00007,leuprolide,metamfetamine,leuprolide may decrease the excretion rate of metamfetamine which could result in a higher serum level.
db00007,leuprolide,ketazolam,leuprolide may decrease the excretion rate of ketazolam which could result in a higher serum level.
db00007,leuprolide,valganciclovir,leuprolide may decrease the excretion rate of valganciclovir which could result in a higher serum level.
db00007,leuprolide,sorbitol,leuprolide may decrease the excretion rate of sorbitol which could result in a higher serum level.
db00007,leuprolide,roflumilast,leuprolide may decrease the excretion rate of roflumilast which could result in a higher serum level.
db00007,leuprolide,topiroxostat,leuprolide may decrease the excretion rate of topiroxostat which could result in a higher serum level.
db00007,leuprolide,estrone sulfate,leuprolide may decrease the excretion rate of estrone sulfate which could result in a higher serum level.
db00007,leuprolide,lorcaserin,leuprolide may decrease the excretion rate of lorcaserin which could result in a higher serum level.
db00007,leuprolide,pegaptanib,leuprolide may decrease the excretion rate of pegaptanib which could result in a higher serum level.
db00007,leuprolide,milnacipran,leuprolide may decrease the excretion rate of milnacipran which could result in a higher serum level.
db00007,leuprolide,clevidipine,leuprolide may decrease the excretion rate of clevidipine which could result in a higher serum level.
db00007,leuprolide,migalastat,leuprolide may decrease the excretion rate of migalastat which could result in a higher serum level.
db00007,leuprolide,brivaracetam,leuprolide may decrease the excretion rate of brivaracetam which could result in a higher serum level.
db00007,leuprolide,pentaerythritol tetranitrate,leuprolide may decrease the excretion rate of pentaerythritol tetranitrate which could result in a higher serum level.
db00007,leuprolide,ipilimumab,leuprolide may decrease the excretion rate of ipilimumab which could result in a higher serum level.
db00007,leuprolide,icatibant,leuprolide may decrease the excretion rate of icatibant which could result in a higher serum level.
db00007,leuprolide,prasugrel,leuprolide may decrease the excretion rate of prasugrel which could result in a higher serum level.
db00007,leuprolide,doripenem,leuprolide may decrease the excretion rate of doripenem which could result in a higher serum level.
db00007,leuprolide,nalmefene,leuprolide may decrease the excretion rate of nalmefene which could result in a higher serum level.
db00007,leuprolide,droxidopa,leuprolide may decrease the excretion rate of droxidopa which could result in a higher serum level.
db00007,leuprolide,prucalopride,leuprolide may decrease the excretion rate of prucalopride which could result in a higher serum level.
db00007,leuprolide,flupirtine,leuprolide may decrease the excretion rate of flupirtine which could result in a higher serum level.
db00007,leuprolide,dalfampridine,leuprolide may decrease the excretion rate of dalfampridine which could result in a higher serum level.
db00007,leuprolide,dabigatran etexilate,leuprolide may decrease the excretion rate of dabigatran etexilate which could result in a higher serum level.
db00007,leuprolide,desvenlafaxine,leuprolide may decrease the excretion rate of desvenlafaxine which could result in a higher serum level.
db00007,leuprolide,fesoterodine,leuprolide may decrease the excretion rate of fesoterodine which could result in a higher serum level.
db00007,leuprolide,gadofosveset trisodium,leuprolide may decrease the excretion rate of gadofosveset trisodium which could result in a higher serum level.
db00007,leuprolide,methyltestosterone,leuprolide may decrease the excretion rate of methyltestosterone which could result in a higher serum level.
db00007,leuprolide,ammonium chloride,leuprolide may decrease the excretion rate of ammonium chloride which could result in a higher serum level.
db00007,leuprolide,dimercaprol,leuprolide may decrease the excretion rate of dimercaprol which could result in a higher serum level.
db00007,leuprolide,mangafodipir,leuprolide may decrease the excretion rate of mangafodipir which could result in a higher serum level.
db00007,leuprolide,methylnaltrexone,leuprolide may decrease the excretion rate of methylnaltrexone which could result in a higher serum level.
db00007,leuprolide,plerixafor,leuprolide may decrease the excretion rate of plerixafor which could result in a higher serum level.
db00007,leuprolide,pralatrexate,leuprolide may decrease the excretion rate of pralatrexate which could result in a higher serum level.
db00007,leuprolide,tiopronin,leuprolide may decrease the excretion rate of tiopronin which could result in a higher serum level.
db00007,leuprolide,triethylenetetramine,leuprolide may decrease the excretion rate of triethylenetetramine which could result in a higher serum level.
db00007,leuprolide,ioflupane i-123,leuprolide may decrease the excretion rate of ioflupane i-123 which could result in a higher serum level.
db00007,leuprolide,deferiprone,leuprolide may decrease the excretion rate of deferiprone which could result in a higher serum level.
db00007,leuprolide,n-methylnicotinamide,leuprolide may decrease the excretion rate of n-methylnicotinamide which could result in a higher serum level.
db00007,leuprolide,gabapentin enacarbil,leuprolide may decrease the excretion rate of gabapentin enacarbil which could result in a higher serum level.
db00007,leuprolide,ruxolitinib,leuprolide may decrease the excretion rate of ruxolitinib which could result in a higher serum level.
db00007,leuprolide,aclidinium,leuprolide may decrease the excretion rate of aclidinium which could result in a higher serum level.
db00007,leuprolide,teduglutide,leuprolide may decrease the excretion rate of teduglutide which could result in a higher serum level.
db00007,leuprolide,formestane,leuprolide may decrease the excretion rate of formestane which could result in a higher serum level.
db00007,leuprolide,glycerol phenylbutyrate,leuprolide may decrease the excretion rate of glycerol phenylbutyrate which could result in a higher serum level.
db00007,leuprolide,pomalidomide,leuprolide may decrease the excretion rate of pomalidomide which could result in a higher serum level.
db00007,leuprolide,trametinib,leuprolide may decrease the excretion rate of trametinib which could result in a higher serum level.
db00007,leuprolide,levomilnacipran,leuprolide may decrease the excretion rate of levomilnacipran which could result in a higher serum level.
db00007,leuprolide,macitentan,leuprolide may decrease the excretion rate of macitentan which could result in a higher serum level.
db00007,leuprolide,sofosbuvir,leuprolide may decrease the excretion rate of sofosbuvir which could result in a higher serum level.
db00007,leuprolide,ledipasvir,leuprolide may decrease the excretion rate of ledipasvir which could result in a higher serum level.
db00007,leuprolide,ceftolozane,leuprolide may decrease the excretion rate of ceftolozane which could result in a higher serum level.
db00007,leuprolide,vortioxetine,leuprolide may decrease the excretion rate of vortioxetine which could result in a higher serum level.
db00007,leuprolide,tasimelteon,leuprolide may decrease the excretion rate of tasimelteon which could result in a higher serum level.
db00007,leuprolide,edoxaban,leuprolide may decrease the excretion rate of edoxaban which could result in a higher serum level.
db00007,leuprolide,idebenone,leuprolide may decrease the excretion rate of idebenone which could result in a higher serum level.
db00007,leuprolide,tixocortol,leuprolide may decrease the excretion rate of tixocortol which could result in a higher serum level.
db00007,leuprolide,ancestim,leuprolide may decrease the excretion rate of ancestim which could result in a higher serum level.
db00007,leuprolide,magnesium hydroxide,leuprolide may decrease the excretion rate of magnesium hydroxide which could result in a higher serum level.
db00007,leuprolide,hydroxyethyl starch,leuprolide may decrease the excretion rate of hydroxyethyl starch which could result in a higher serum level.
db00007,leuprolide,pentastarch,leuprolide may decrease the excretion rate of pentastarch which could result in a higher serum level.
db00007,leuprolide,aurothioglucose,leuprolide may decrease the excretion rate of aurothioglucose which could result in a higher serum level.
db00007,leuprolide,dienogest,leuprolide may decrease the excretion rate of dienogest which could result in a higher serum level.
db00007,leuprolide,chromic chloride,leuprolide may decrease the excretion rate of chromic chloride which could result in a higher serum level.
db00007,leuprolide,gadoteric acid,leuprolide may decrease the excretion rate of gadoteric acid which could result in a higher serum level.
db00007,leuprolide,iothalamic acid,leuprolide may decrease the excretion rate of iothalamic acid which could result in a higher serum level.
db00007,leuprolide,ioversol,leuprolide may decrease the excretion rate of ioversol which could result in a higher serum level.
db00007,leuprolide,ioxilan,leuprolide may decrease the excretion rate of ioxilan which could result in a higher serum level.
db00007,leuprolide,isosulfan blue,leuprolide may decrease the excretion rate of isosulfan blue which could result in a higher serum level.
db00007,leuprolide,technetium tc-99m mebrofenin,leuprolide may decrease the excretion rate of technetium tc-99m mebrofenin which could result in a higher serum level.
db00007,leuprolide,technetium tc-99m oxidronate,leuprolide may decrease the excretion rate of technetium tc-99m oxidronate which could result in a higher serum level.
db00007,leuprolide,florbetaben f-18,leuprolide may decrease the excretion rate of florbetaben (18f) which could result in a higher serum level.
db00007,leuprolide,florbetapir f-18,leuprolide may decrease the excretion rate of florbetapir (18f) which could result in a higher serum level.
db00007,leuprolide,iopromide,leuprolide may decrease the excretion rate of iopromide which could result in a higher serum level.
db00007,leuprolide,technetium tc-99m exametazime,leuprolide may decrease the excretion rate of technetium tc-99m exametazime which could result in a higher serum level.
db00007,leuprolide,technetium tc-99m pyrophosphate,leuprolide may decrease the excretion rate of technetium tc-99m pyrophosphate which could result in a higher serum level.
db00007,leuprolide,viloxazine,leuprolide may decrease the excretion rate of viloxazine which could result in a higher serum level.
db00007,leuprolide,etoperidone,leuprolide may decrease the excretion rate of etoperidone which could result in a higher serum level.
db00007,leuprolide,lorpiprazole,leuprolide may decrease the excretion rate of lorpiprazole which could result in a higher serum level.
db00007,leuprolide,arotinolol,leuprolide may decrease the excretion rate of arotinolol which could result in a higher serum level.
db00007,leuprolide,moxisylyte,leuprolide may decrease the excretion rate of moxisylyte which could result in a higher serum level.
db00007,leuprolide,pholcodine,leuprolide may decrease the excretion rate of pholcodine which could result in a higher serum level.
db00007,leuprolide,piracetam,leuprolide may decrease the excretion rate of piracetam which could result in a higher serum level.
db00007,leuprolide,bisoxatin,leuprolide may decrease the excretion rate of bisoxatin which could result in a higher serum level.
db00007,leuprolide,nicorandil,leuprolide may decrease the excretion rate of nicorandil which could result in a higher serum level.
db00007,leuprolide,blonanserin,leuprolide may decrease the excretion rate of blonanserin which could result in a higher serum level.
db00007,leuprolide,methylene blue,leuprolide may decrease the excretion rate of methylene blue which could result in a higher serum level.
db00007,leuprolide,pirlindole,leuprolide may decrease the excretion rate of pirlindole which could result in a higher serum level.
db00007,leuprolide,toloxatone,leuprolide may decrease the excretion rate of toloxatone which could result in a higher serum level.
db00007,leuprolide,dextran,leuprolide may decrease the excretion rate of dextran which could result in a higher serum level.
db00007,leuprolide,tegafur,leuprolide may decrease the excretion rate of tegafur which could result in a higher serum level.
db00007,leuprolide,gimeracil,leuprolide may decrease the excretion rate of gimeracil which could result in a higher serum level.
db00007,leuprolide,imidafenacin,leuprolide may decrease the excretion rate of imidafenacin which could result in a higher serum level.
db00007,leuprolide,idarucizumab,leuprolide may decrease the excretion rate of idarucizumab which could result in a higher serum level.
db00007,leuprolide,picosulfuric acid,leuprolide may decrease the excretion rate of picosulfuric acid which could result in a higher serum level.
db00007,leuprolide,sodium aurothiomalate,leuprolide may decrease the excretion rate of sodium aurothiomalate which could result in a higher serum level.
db00007,leuprolide,magnesium trisilicate,leuprolide may decrease the excretion rate of magnesium trisilicate which could result in a higher serum level.
db00007,leuprolide,sacubitril,leuprolide may decrease the excretion rate of sacubitril which could result in a higher serum level.
db00007,leuprolide,chondroitin sulfate,leuprolide may decrease the excretion rate of chondroitin sulfate which could result in a higher serum level.
db00007,leuprolide,"synthetic conjugated estrogens, a","leuprolide may decrease the excretion rate of synthetic conjugated estrogens, a which could result in a higher serum level."
db00007,leuprolide,"synthetic conjugated estrogens, b","leuprolide may decrease the excretion rate of synthetic conjugated estrogens, b which could result in a higher serum level."
db00007,leuprolide,procaine benzylpenicillin,leuprolide may decrease the excretion rate of procaine benzylpenicillin which could result in a higher serum level.
db00007,leuprolide,sulbactam,leuprolide may decrease the excretion rate of sulbactam which could result in a higher serum level.
db00007,leuprolide,sodium fluoride,leuprolide may decrease the excretion rate of sodium fluoride which could result in a higher serum level.
db00007,leuprolide,"antihemophilic factor (recombinant), pegylated","leuprolide may decrease the excretion rate of antihemophilic factor (recombinant), pegylated which could result in a higher serum level."
db00007,leuprolide,invert sugar,leuprolide may decrease the excretion rate of invert sugar which could result in a higher serum level.
db00007,leuprolide,dexpanthenol,leuprolide may decrease the excretion rate of dexpanthenol which could result in a higher serum level.
db00007,leuprolide,phosphoric acid,leuprolide may decrease the excretion rate of phosphoric acid which could result in a higher serum level.
db00007,leuprolide,sodium acetate,leuprolide may decrease the excretion rate of sodium acetate which could result in a higher serum level.
db00007,leuprolide,magnesium chloride,leuprolide may decrease the excretion rate of magnesium chloride which could result in a higher serum level.
db00007,leuprolide,potassium perchlorate,leuprolide may decrease the excretion rate of potassium perchlorate which could result in a higher serum level.
db00007,leuprolide,sodium sulfate,leuprolide may decrease the excretion rate of sodium sulfate which could result in a higher serum level.
db00007,leuprolide,enalaprilat,leuprolide may decrease the excretion rate of enalaprilat which could result in a higher serum level.
db00007,leuprolide,magnesium carbonate,leuprolide may decrease the excretion rate of magnesium carbonate which could result in a higher serum level.
db00007,leuprolide,octinoxate,leuprolide may decrease the excretion rate of octinoxate which could result in a higher serum level.
db00007,leuprolide,fludeoxyglucose (18f),leuprolide may decrease the excretion rate of fludeoxyglucose (18f) which could result in a higher serum level.
db00007,leuprolide,iobenguane sulfate i-123,leuprolide may decrease the excretion rate of iobenguane sulfate i-123 which could result in a higher serum level.
db00007,leuprolide,ixazomib,leuprolide may decrease the excretion rate of ixazomib which could result in a higher serum level.
db00007,leuprolide,potassium nitrate,leuprolide may decrease the excretion rate of potassium nitrate which could result in a higher serum level.
db00007,leuprolide,potassium bicarbonate,leuprolide may decrease the excretion rate of potassium bicarbonate which could result in a higher serum level.
db00007,leuprolide,n-acetyltyrosine,leuprolide may decrease the excretion rate of n-acetyltyrosine which could result in a higher serum level.
db00007,leuprolide,eucalyptus oil,leuprolide may decrease the excretion rate of eucalyptus oil which could result in a higher serum level.
db00007,leuprolide,selenious acid,leuprolide may decrease the excretion rate of selenious acid which could result in a higher serum level.
db00007,leuprolide,opium,leuprolide may decrease the excretion rate of opium which could result in a higher serum level.
db00007,leuprolide,selenium,leuprolide may decrease the excretion rate of selenium which could result in a higher serum level.
db00007,leuprolide,chromium,leuprolide may decrease the excretion rate of chromium which could result in a higher serum level.
db00007,leuprolide,oxyquinoline,leuprolide may decrease the excretion rate of oxyquinoline which could result in a higher serum level.
db00007,leuprolide,pyrantel,leuprolide may decrease the excretion rate of pyrantel which could result in a higher serum level.
db00007,leuprolide,bicisate,leuprolide may decrease the excretion rate of bicisate which could result in a higher serum level.
db00007,leuprolide,tocopherol,leuprolide may decrease the excretion rate of tocopherol which could result in a higher serum level.
db00007,leuprolide,dl-methylephedrine,leuprolide may decrease the excretion rate of dl-methylephedrine which could result in a higher serum level.
db00007,leuprolide,tetradecyl hydrogen sulfate (ester),leuprolide may decrease the excretion rate of tetradecyl hydrogen sulfate (ester) which could result in a higher serum level.
db00007,leuprolide,clove oil,leuprolide may decrease the excretion rate of clove oil which could result in a higher serum level.
db00007,leuprolide,evening primrose oil,leuprolide may decrease the excretion rate of evening primrose oil which could result in a higher serum level.
db00007,leuprolide,pidotimod,leuprolide may decrease the excretion rate of pidotimod which could result in a higher serum level.
db00007,leuprolide,lesinurad,leuprolide may decrease the excretion rate of lesinurad which could result in a higher serum level.
db00007,leuprolide,indigotindisulfonic acid,leuprolide may decrease the excretion rate of indigotindisulfonic acid which could result in a higher serum level.
db00007,leuprolide,etafedrine,leuprolide may decrease the excretion rate of etafedrine which could result in a higher serum level.
db00007,leuprolide,antithrombin iii human,leuprolide may decrease the excretion rate of antithrombin iii human which could result in a higher serum level.
db00007,leuprolide,naldemedine,leuprolide may decrease the excretion rate of naldemedine which could result in a higher serum level.
db00007,leuprolide,tropisetron,leuprolide may decrease the excretion rate of tropisetron which could result in a higher serum level.
db00007,leuprolide,baricitinib,leuprolide may decrease the excretion rate of baricitinib which could result in a higher serum level.
db00007,leuprolide,valbenazine,leuprolide may decrease the excretion rate of valbenazine which could result in a higher serum level.
db00007,leuprolide,benznidazole,leuprolide may decrease the excretion rate of benznidazole which could result in a higher serum level.
db00007,leuprolide,isoflavone,leuprolide may decrease the excretion rate of isoflavone which could result in a higher serum level.
db00007,leuprolide,vaborbactam,leuprolide may decrease the excretion rate of vaborbactam which could result in a higher serum level.
db00007,leuprolide,propiverine,leuprolide may decrease the excretion rate of propiverine which could result in a higher serum level.
db00007,leuprolide,benserazide,leuprolide may decrease the excretion rate of benserazide which could result in a higher serum level.
db00007,leuprolide,tiapride,leuprolide may decrease the excretion rate of tiapride which could result in a higher serum level.
db00007,leuprolide,levosalbutamol,leuprolide may decrease the excretion rate of levosalbutamol which could result in a higher serum level.
db00007,leuprolide,inosine pranobex,leuprolide may decrease the excretion rate of inosine pranobex which could result in a higher serum level.
db00007,leuprolide,inositol,leuprolide may decrease the excretion rate of inositol which could result in a higher serum level.
db00007,leuprolide,oxabolone cipionate,leuprolide may decrease the excretion rate of oxabolone cipionate which could result in a higher serum level.
db00007,leuprolide,phosphocreatine,leuprolide may decrease the excretion rate of phosphocreatine which could result in a higher serum level.
db00007,leuprolide,dichlorobenzyl alcohol,leuprolide may decrease the excretion rate of dichlorobenzyl alcohol which could result in a higher serum level.
db00007,leuprolide,almasilate,leuprolide may decrease the excretion rate of almasilate which could result in a higher serum level.
db00007,leuprolide,albutrepenonacog alfa,leuprolide may decrease the excretion rate of albutrepenonacog alfa which could result in a higher serum level.
db00007,leuprolide,bismuth subgallate,leuprolide may decrease the excretion rate of bismuth subgallate which could result in a higher serum level.
db00007,leuprolide,testosterone cypionate,leuprolide may decrease the excretion rate of testosterone cypionate which could result in a higher serum level.
db00007,leuprolide,testosterone enanthate,leuprolide may decrease the excretion rate of testosterone enanthate which could result in a higher serum level.
db00007,leuprolide,testosterone undecanoate,leuprolide may decrease the excretion rate of testosterone undecanoate which could result in a higher serum level.
db00007,leuprolide,estradiol acetate,leuprolide may decrease the excretion rate of estradiol acetate which could result in a higher serum level.
db00007,leuprolide,estradiol cypionate,leuprolide may decrease the excretion rate of estradiol cypionate which could result in a higher serum level.
db00007,leuprolide,estradiol dienanthate,leuprolide may decrease the excretion rate of estradiol dienanthate which could result in a higher serum level.
db00007,leuprolide,estradiol valerate,leuprolide may decrease the excretion rate of estradiol valerate which could result in a higher serum level.
db00007,leuprolide,patent blue,leuprolide may decrease the excretion rate of patent blue which could result in a higher serum level.
db00007,leuprolide,choline salicylate,leuprolide may decrease the excretion rate of choline salicylate which could result in a higher serum level.
db00007,leuprolide,pentetic acid,leuprolide may decrease the excretion rate of pentetic acid which could result in a higher serum level.
db00007,leuprolide,potassium acetate,leuprolide may decrease the excretion rate of potassium acetate which could result in a higher serum level.
db00007,leuprolide,potassium sulfate,leuprolide may decrease the excretion rate of potassium sulfate which could result in a higher serum level.
db00007,leuprolide,chromic citrate,leuprolide may decrease the excretion rate of chromic citrate which could result in a higher serum level.
db00007,leuprolide,chromic nitrate,leuprolide may decrease the excretion rate of chromic nitrate which could result in a higher serum level.
db00007,leuprolide,chromium gluconate,leuprolide may decrease the excretion rate of chromium gluconate which could result in a higher serum level.
db00007,leuprolide,chromium nicotinate,leuprolide may decrease the excretion rate of chromium nicotinate which could result in a higher serum level.
db00007,leuprolide,chromous sulfate,leuprolide may decrease the excretion rate of chromous sulfate which could result in a higher serum level.
db00007,leuprolide,solriamfetol,leuprolide may decrease the excretion rate of solriamfetol which could result in a higher serum level.
db00007,leuprolide,resorcinol,leuprolide may decrease the excretion rate of resorcinol which could result in a higher serum level.
db00007,leuprolide,pentobarbital,leuprolide may decrease the excretion rate of pentobarbital which could result in a higher serum level.
db00007,leuprolide,nisoldipine,leuprolide may decrease the excretion rate of nisoldipine which could result in a higher serum level.
db00007,leuprolide,alprazolam,leuprolide may decrease the excretion rate of alprazolam which could result in a higher serum level.
db00007,leuprolide,buspirone,leuprolide may decrease the excretion rate of buspirone which could result in a higher serum level.
db00007,leuprolide,verapamil,leuprolide may decrease the excretion rate of verapamil which could result in a higher serum level.
db00007,leuprolide,midazolam,leuprolide may decrease the excretion rate of midazolam which could result in a higher serum level.
db00007,leuprolide,methimazole,leuprolide may decrease the excretion rate of methimazole which could result in a higher serum level.
db00007,leuprolide,tadalafil,leuprolide may decrease the excretion rate of tadalafil which could result in a higher serum level.
db00007,leuprolide,nefazodone,leuprolide may decrease the excretion rate of nefazodone which could result in a higher serum level.
db00007,leuprolide,naloxone,leuprolide may decrease the excretion rate of naloxone which could result in a higher serum level.
db00007,leuprolide,budesonide,leuprolide may decrease the excretion rate of budesonide which could result in a higher serum level.
db00007,leuprolide,apremilast,leuprolide may decrease the excretion rate of apremilast which could result in a higher serum level.
db00007,leuprolide,rivaroxaban,leuprolide may decrease the excretion rate of rivaroxaban which could result in a higher serum level.
db00007,leuprolide,enzalutamide,leuprolide may decrease the excretion rate of enzalutamide which could result in a higher serum level.
db00007,leuprolide,certolizumab pegol,leuprolide may decrease the excretion rate of certolizumab pegol which could result in a higher serum level.
db00007,leuprolide,stiripentol,leuprolide may decrease the excretion rate of stiripentol which could result in a higher serum level.
db00007,leuprolide,apalutamide,leuprolide may decrease the excretion rate of apalutamide which could result in a higher serum level.
db00007,leuprolide,golodirsen,leuprolide may decrease the excretion rate of golodirsen which could result in a higher serum level.
db00007,leuprolide,meperidine,leuprolide may decrease the excretion rate of meperidine which could result in a higher serum level.
db00007,leuprolide,fentanyl,leuprolide may decrease the excretion rate of fentanyl which could result in a higher serum level.
db00007,leuprolide,dimetacrine,leuprolide may decrease the excretion rate of dimetacrine which could result in a higher serum level.
db00007,leuprolide,strontium chloride,leuprolide may decrease the excretion rate of strontium chloride which could result in a higher serum level.
db00007,leuprolide,bepotastine,leuprolide may decrease the excretion rate of bepotastine which could result in a higher serum level.
db00007,leuprolide,permethrin,leuprolide may decrease the excretion rate of permethrin which could result in a higher serum level.
db00007,leuprolide,difluocortolone,leuprolide may decrease the excretion rate of difluocortolone which could result in a higher serum level.
db00007,leuprolide,propranolol,leuprolide may decrease the excretion rate of propranolol which could result in a higher serum level.
db00007,leuprolide,amikacin,leuprolide may decrease the excretion rate of amikacin which could result in a higher serum level.
db00007,leuprolide,tobramycin,leuprolide may decrease the excretion rate of tobramycin which could result in a higher serum level.
db00007,leuprolide,gentamicin,leuprolide may decrease the excretion rate of gentamicin which could result in a higher serum level.
db00007,leuprolide,netilmicin,leuprolide may decrease the excretion rate of netilmicin which could result in a higher serum level.
db00007,leuprolide,neomycin,leuprolide may decrease the excretion rate of neomycin which could result in a higher serum level.
db00007,leuprolide,streptomycin,leuprolide may decrease the excretion rate of streptomycin which could result in a higher serum level.
db00007,leuprolide,kanamycin,leuprolide may decrease the excretion rate of kanamycin which could result in a higher serum level.
db00007,leuprolide,ribostamycin,leuprolide may decrease the excretion rate of ribostamycin which could result in a higher serum level.
db00007,leuprolide,gentamicin c1a,leuprolide may decrease the excretion rate of gentamicin c1a which could result in a higher serum level.
db00007,leuprolide,arbekacin,leuprolide may decrease the excretion rate of arbekacin which could result in a higher serum level.
db00007,leuprolide,sisomicin,leuprolide may decrease the excretion rate of sisomicin which could result in a higher serum level.
db00007,leuprolide,isepamicin,leuprolide may decrease the excretion rate of isepamicin which could result in a higher serum level.
db00007,leuprolide,pentostatin,leuprolide may decrease the excretion rate of pentostatin which could result in a higher serum level.
db00007,leuprolide,nedaplatin,leuprolide may decrease the excretion rate of nedaplatin which could result in a higher serum level.
db00007,leuprolide,capreomycin,leuprolide may decrease the excretion rate of capreomycin which could result in a higher serum level.
db00007,leuprolide,digoxin,leuprolide may decrease the excretion rate of digoxin which could result in a higher serum level.
db00007,leuprolide,vancomycin,leuprolide may decrease the excretion rate of vancomycin which could result in a higher serum level.
db00007,leuprolide,cisplatin,leuprolide may decrease the excretion rate of cisplatin which could result in a higher serum level.
db00007,leuprolide,pemetrexed,leuprolide may decrease the excretion rate of pemetrexed which could result in a higher serum level.
db00007,leuprolide,plazomicin,leuprolide may decrease the excretion rate of plazomicin which could result in a higher serum level.
db00007,leuprolide,lithium carbonate,leuprolide may decrease the excretion rate of lithium carbonate which could result in a higher serum level.
db00007,leuprolide,carbamazepine,leuprolide may decrease the excretion rate of carbamazepine which could result in a higher serum level.
db00007,leuprolide,warfarin,leuprolide may decrease the excretion rate of warfarin which could result in a higher serum level.
db00007,leuprolide,colistin,leuprolide may decrease the excretion rate of colistin which could result in a higher serum level.
db00007,leuprolide,triamterene,triamterene may decrease the excretion rate of leuprolide which could result in a higher serum level.
db00007,leuprolide,mannitol,mannitol may decrease the excretion rate of leuprolide which could result in a higher serum level.
db00007,leuprolide,etacrynic acid,etacrynic acid may decrease the excretion rate of leuprolide which could result in a higher serum level.
db00007,leuprolide,metolazone,leuprolide may decrease the excretion rate of metolazone which could result in a higher serum level.
db00007,leuprolide,furosemide,furosemide may decrease the excretion rate of leuprolide which could result in a higher serum level.
db00007,leuprolide,mersalyl,leuprolide may decrease the excretion rate of mersalyl which could result in a higher serum level.
db00007,leuprolide,torasemide,torasemide may increase the excretion rate of leuprolide which could result in a lower serum level and potentially a reduction in efficacy.
db00007,leuprolide,methyclothiazide,methyclothiazide may increase the excretion rate of leuprolide which could result in a lower serum level and potentially a reduction in efficacy.
db00007,leuprolide,chlorthalidone,chlorthalidone may increase the excretion rate of leuprolide which could result in a lower serum level and potentially a reduction in efficacy.
db00007,leuprolide,ethoxzolamide,ethoxzolamide may increase the excretion rate of leuprolide which could result in a lower serum level and potentially a reduction in efficacy.
db00007,leuprolide,spironolactone,spironolactone may increase the excretion rate of leuprolide which could result in a lower serum level and potentially a reduction in efficacy.
db00007,leuprolide,bendroflumethiazide,bendroflumethiazide may increase the excretion rate of leuprolide which could result in a lower serum level and potentially a reduction in efficacy.
db00007,leuprolide,benzthiazide,benzthiazide may increase the excretion rate of leuprolide which could result in a lower serum level and potentially a reduction in efficacy.
db00007,leuprolide,amiloride,amiloride may increase the excretion rate of leuprolide which could result in a lower serum level and potentially a reduction in efficacy.
db00007,leuprolide,cyclothiazide,cyclothiazide may increase the excretion rate of leuprolide which could result in a lower serum level and potentially a reduction in efficacy.
db00007,leuprolide,hydroflumethiazide,hydroflumethiazide may increase the excretion rate of leuprolide which could result in a lower serum level and potentially a reduction in efficacy.
db00007,leuprolide,chlorothiazide,chlorothiazide may increase the excretion rate of leuprolide which could result in a lower serum level and potentially a reduction in efficacy.
db00007,leuprolide,trichlormethiazide,trichlormethiazide may increase the excretion rate of leuprolide which could result in a lower serum level and potentially a reduction in efficacy.
db00007,leuprolide,diclofenamide,diclofenamide may increase the excretion rate of leuprolide which could result in a lower serum level and potentially a reduction in efficacy.
db00007,leuprolide,polythiazide,polythiazide may increase the excretion rate of leuprolide which could result in a lower serum level and potentially a reduction in efficacy.
db00007,leuprolide,quinethazone,quinethazone may increase the excretion rate of leuprolide which could result in a lower serum level and potentially a reduction in efficacy.
db00007,leuprolide,theobromine,theobromine may increase the excretion rate of leuprolide which could result in a lower serum level and potentially a reduction in efficacy.
db00007,leuprolide,piretanide,piretanide may increase the excretion rate of leuprolide which could result in a lower serum level and potentially a reduction in efficacy.
db00007,leuprolide,tienilic acid,tienilic acid may increase the excretion rate of leuprolide which could result in a lower serum level and potentially a reduction in efficacy.
db00007,leuprolide,ularitide,ularitide may increase the excretion rate of leuprolide which could result in a lower serum level and potentially a reduction in efficacy.
db00007,leuprolide,azosemide,azosemide may increase the excretion rate of leuprolide which could result in a lower serum level and potentially a reduction in efficacy.
db00007,leuprolide,canrenoic acid,canrenoic acid may increase the excretion rate of leuprolide which could result in a lower serum level and potentially a reduction in efficacy.
db00007,leuprolide,potassium citrate,potassium citrate may increase the excretion rate of leuprolide which could result in a lower serum level and potentially a reduction in efficacy.
db00007,leuprolide,isosorbide,isosorbide may increase the excretion rate of leuprolide which could result in a lower serum level and potentially a reduction in efficacy.
db00007,leuprolide,canrenone,canrenone may increase the excretion rate of leuprolide which could result in a lower serum level and potentially a reduction in efficacy.
db00007,leuprolide,rolofylline,rolofylline may increase the excretion rate of leuprolide which could result in a lower serum level and potentially a reduction in efficacy.
db00007,leuprolide,spiradoline,spiradoline may increase the excretion rate of leuprolide which could result in a lower serum level and potentially a reduction in efficacy.
db00007,leuprolide,meticrane,meticrane may increase the excretion rate of leuprolide which could result in a lower serum level and potentially a reduction in efficacy.
db00007,leuprolide,mefruside,mefruside may increase the excretion rate of leuprolide which could result in a lower serum level and potentially a reduction in efficacy.
db00007,leuprolide,mebutizide,mebutizide may increase the excretion rate of leuprolide which could result in a lower serum level and potentially a reduction in efficacy.
db00007,leuprolide,cyclopenthiazide,cyclopenthiazide may increase the excretion rate of leuprolide which could result in a lower serum level and potentially a reduction in efficacy.
db00007,leuprolide,clorexolone,clorexolone may increase the excretion rate of leuprolide which could result in a lower serum level and potentially a reduction in efficacy.
db00007,leuprolide,clofenamide,clofenamide may increase the excretion rate of leuprolide which could result in a lower serum level and potentially a reduction in efficacy.
db00007,leuprolide,fenquizone,fenquizone may increase the excretion rate of leuprolide which could result in a lower serum level and potentially a reduction in efficacy.
db00007,leuprolide,clopamide,clopamide may increase the excretion rate of leuprolide which could result in a lower serum level and potentially a reduction in efficacy.
db00007,leuprolide,muzolimine,muzolimine may increase the excretion rate of leuprolide which could result in a lower serum level and potentially a reduction in efficacy.
db00007,leuprolide,xipamide,xipamide may increase the excretion rate of leuprolide which could result in a lower serum level and potentially a reduction in efficacy.
db00007,leuprolide,epitizide,epitizide may increase the excretion rate of leuprolide which could result in a lower serum level and potentially a reduction in efficacy.
db00007,leuprolide,bromotheophylline,bromotheophylline may increase the excretion rate of leuprolide which could result in a lower serum level and potentially a reduction in efficacy.
db00007,leuprolide,potassium,potassium may increase the excretion rate of leuprolide which could result in a lower serum level and potentially a reduction in efficacy.
db00007,leuprolide,methazolamide,methazolamide may increase the excretion rate of leuprolide which could result in a lower serum level and potentially a reduction in efficacy.
db00007,leuprolide,eplerenone,eplerenone may increase the excretion rate of leuprolide which could result in a lower serum level and potentially a reduction in efficacy.
db00007,leuprolide,acetazolamide,acetazolamide may increase the excretion rate of leuprolide which could result in a lower serum level and potentially a reduction in efficacy.
db00007,leuprolide,conivaptan,conivaptan may increase the excretion rate of leuprolide which could result in a lower serum level and potentially a reduction in efficacy.
db00007,leuprolide,drospirenone,drospirenone may increase the excretion rate of leuprolide which could result in a lower serum level and potentially a reduction in efficacy.
db00007,leuprolide,tolvaptan,tolvaptan may increase the excretion rate of leuprolide which could result in a lower serum level and potentially a reduction in efficacy.
db00007,leuprolide,indisulam,indisulam may increase the excretion rate of leuprolide which could result in a lower serum level and potentially a reduction in efficacy.
db00007,leuprolide,potassium cation,leuprolide may decrease the excretion rate of potassium cation which could result in a higher serum level.
db00007,leuprolide,buthiazide,buthiazide may increase the excretion rate of leuprolide which could result in a lower serum level and potentially a reduction in efficacy.
db00007,leuprolide,tripamide,tripamide may increase the excretion rate of leuprolide which could result in a lower serum level and potentially a reduction in efficacy.
db00007,leuprolide,somatotropin,"the risk or severity of myopathy, rhabdomyolysis, and myoglobinuria can be increased when leuprolide is combined with somatotropin."
db00007,leuprolide,daptomycin,"the risk or severity of myopathy, rhabdomyolysis, and myoglobinuria can be increased when leuprolide is combined with daptomycin."
db00007,leuprolide,pravastatin,"the risk or severity of myopathy, rhabdomyolysis, and myoglobinuria can be increased when leuprolide is combined with pravastatin."
db00007,leuprolide,baclofen,"the risk or severity of myopathy, rhabdomyolysis, and myoglobinuria can be increased when leuprolide is combined with baclofen."
db00007,leuprolide,cladribine,"the risk or severity of myopathy, rhabdomyolysis, and myoglobinuria can be increased when leuprolide is combined with cladribine."
db00007,leuprolide,tacrine,"the risk or severity of myopathy, rhabdomyolysis, and myoglobinuria can be increased when leuprolide is combined with tacrine."
db00007,leuprolide,carbimazole,"the risk or severity of myopathy, rhabdomyolysis, and myoglobinuria can be increased when leuprolide is combined with carbimazole."
db00007,leuprolide,cerivastatin,"the risk or severity of myopathy, rhabdomyolysis, and myoglobinuria can be increased when leuprolide is combined with cerivastatin."
db00007,leuprolide,betamethasone,"the risk or severity of myopathy, rhabdomyolysis, and myoglobinuria can be increased when leuprolide is combined with betamethasone."
db00007,leuprolide,montelukast,"the risk or severity of myopathy, rhabdomyolysis, and myoglobinuria can be increased when leuprolide is combined with montelukast."
db00007,leuprolide,zidovudine,"the risk or severity of myopathy, rhabdomyolysis, and myoglobinuria can be increased when leuprolide is combined with zidovudine."
db00007,leuprolide,cimetidine,"the risk or severity of myopathy, rhabdomyolysis, and myoglobinuria can be increased when leuprolide is combined with cimetidine."
db00007,leuprolide,lercanidipine,"the risk or severity of myopathy, rhabdomyolysis, and myoglobinuria can be increased when leuprolide is combined with lercanidipine."
db00007,leuprolide,vincristine,"the risk or severity of myopathy, rhabdomyolysis, and myoglobinuria can be increased when leuprolide is combined with vincristine."
db00007,leuprolide,propylthiouracil,"the risk or severity of myopathy, rhabdomyolysis, and myoglobinuria can be increased when leuprolide is combined with propylthiouracil."
db00007,leuprolide,enalapril,"the risk or severity of myopathy, rhabdomyolysis, and myoglobinuria can be increased when leuprolide is combined with enalapril."
db00007,leuprolide,nizatidine,"the risk or severity of myopathy, rhabdomyolysis, and myoglobinuria can be increased when leuprolide is combined with nizatidine."
db00007,leuprolide,ivermectin,"the risk or severity of myopathy, rhabdomyolysis, and myoglobinuria can be increased when leuprolide is combined with ivermectin."
db00007,leuprolide,triamcinolone,"the risk or severity of myopathy, rhabdomyolysis, and myoglobinuria can be increased when leuprolide is combined with triamcinolone."
db00007,leuprolide,niacin,"the risk or severity of myopathy, rhabdomyolysis, and myoglobinuria can be increased when leuprolide is combined with niacin."
db00007,leuprolide,alendronic acid,"the risk or severity of myopathy, rhabdomyolysis, and myoglobinuria can be increased when leuprolide is combined with alendronic acid."
db00007,leuprolide,clofibrate,"the risk or severity of myopathy, rhabdomyolysis, and myoglobinuria can be increased when leuprolide is combined with clofibrate."
db00007,leuprolide,stavudine,"the risk or severity of myopathy, rhabdomyolysis, and myoglobinuria can be increased when leuprolide is combined with stavudine."
db00007,leuprolide,nafarelin,"the risk or severity of myopathy, rhabdomyolysis, and myoglobinuria can be increased when leuprolide is combined with nafarelin."
db00007,leuprolide,mycophenolate mofetil,"the risk or severity of myopathy, rhabdomyolysis, and myoglobinuria can be increased when leuprolide is combined with mycophenolate mofetil."
db00007,leuprolide,lamivudine,"the risk or severity of myopathy, rhabdomyolysis, and myoglobinuria can be increased when leuprolide is combined with lamivudine."
db00007,leuprolide,terbinafine,"the risk or severity of myopathy, rhabdomyolysis, and myoglobinuria can be increased when leuprolide is combined with terbinafine."
db00007,leuprolide,penicillamine,"the risk or severity of myopathy, rhabdomyolysis, and myoglobinuria can be increased when leuprolide is combined with penicillamine."
db00007,leuprolide,ranitidine,"the risk or severity of myopathy, rhabdomyolysis, and myoglobinuria can be increased when leuprolide is combined with ranitidine."
db00007,leuprolide,eprosartan,"the risk or severity of myopathy, rhabdomyolysis, and myoglobinuria can be increased when leuprolide is combined with eprosartan."
db00007,leuprolide,risedronic acid,"the risk or severity of myopathy, rhabdomyolysis, and myoglobinuria can be increased when leuprolide is combined with risedronic acid."
db00007,leuprolide,bumetanide,"the risk or severity of myopathy, rhabdomyolysis, and myoglobinuria can be increased when leuprolide is combined with bumetanide."
db00007,leuprolide,ethanol,"the risk or severity of myopathy, rhabdomyolysis, and myoglobinuria can be increased when leuprolide is combined with ethanol."
db00007,leuprolide,methyldopa,"the risk or severity of myopathy, rhabdomyolysis, and myoglobinuria can be increased when leuprolide is combined with methyldopa."
db00007,leuprolide,cytarabine,"the risk or severity of myopathy, rhabdomyolysis, and myoglobinuria can be increased when leuprolide is combined with cytarabine."
db00007,leuprolide,ganciclovir,"the risk or severity of myopathy, rhabdomyolysis, and myoglobinuria can be increased when leuprolide is combined with ganciclovir."
db00007,leuprolide,letrozole,"the risk or severity of myopathy, rhabdomyolysis, and myoglobinuria can be increased when leuprolide is combined with letrozole."
db00007,leuprolide,minocycline,"the risk or severity of myopathy, rhabdomyolysis, and myoglobinuria can be increased when leuprolide is combined with minocycline."
db00007,leuprolide,fenofibrate,"the risk or severity of myopathy, rhabdomyolysis, and myoglobinuria can be increased when leuprolide is combined with fenofibrate."
db00007,leuprolide,atorvastatin,"the risk or severity of myopathy, rhabdomyolysis, and myoglobinuria can be increased when leuprolide is combined with atorvastatin."
db00007,leuprolide,fluvastatin,"the risk or severity of myopathy, rhabdomyolysis, and myoglobinuria can be increased when leuprolide is combined with fluvastatin."
db00007,leuprolide,rosuvastatin,"the risk or severity of myopathy, rhabdomyolysis, and myoglobinuria can be increased when leuprolide is combined with rosuvastatin."
db00007,leuprolide,procarbazine,"the risk or severity of myopathy, rhabdomyolysis, and myoglobinuria can be increased when leuprolide is combined with procarbazine."
db00007,leuprolide,captopril,"the risk or severity of myopathy, rhabdomyolysis, and myoglobinuria can be increased when leuprolide is combined with captopril."
db00007,leuprolide,gemfibrozil,"the risk or severity of myopathy, rhabdomyolysis, and myoglobinuria can be increased when leuprolide is combined with gemfibrozil."
db00007,leuprolide,docetaxel,"the risk or severity of myopathy, rhabdomyolysis, and myoglobinuria can be increased when leuprolide is combined with docetaxel."
db00007,leuprolide,bezafibrate,"the risk or severity of myopathy, rhabdomyolysis, and myoglobinuria can be increased when leuprolide is combined with bezafibrate."
db00007,leuprolide,fusidic acid,"the risk or severity of myopathy, rhabdomyolysis, and myoglobinuria can be increased when leuprolide is combined with fusidic acid."
db00007,leuprolide,trabectedin,"the risk or severity of myopathy, rhabdomyolysis, and myoglobinuria can be increased when leuprolide is combined with trabectedin."
db00007,leuprolide,mevastatin,"the risk or severity of myopathy, rhabdomyolysis, and myoglobinuria can be increased when leuprolide is combined with mevastatin."
db00007,leuprolide,raltegravir,"the risk or severity of myopathy, rhabdomyolysis, and myoglobinuria can be increased when leuprolide is combined with raltegravir."
db00007,leuprolide,pitavastatin,"the risk or severity of myopathy, rhabdomyolysis, and myoglobinuria can be increased when leuprolide is combined with pitavastatin."
db00007,leuprolide,etofibrate,"the risk or severity of myopathy, rhabdomyolysis, and myoglobinuria can be increased when leuprolide is combined with etofibrate."
db00007,leuprolide,acipimox,"the risk or severity of myopathy, rhabdomyolysis, and myoglobinuria can be increased when leuprolide is combined with acipimox."
db00007,leuprolide,ciprofibrate,"the risk or severity of myopathy, rhabdomyolysis, and myoglobinuria can be increased when leuprolide is combined with ciprofibrate."
db00007,leuprolide,ubidecarenone,"the risk or severity of myopathy, rhabdomyolysis, and myoglobinuria can be increased when leuprolide is combined with ubidecarenone."
db00007,leuprolide,mebeverine,"the risk or severity of myopathy, rhabdomyolysis, and myoglobinuria can be increased when leuprolide is combined with mebeverine."
db00007,leuprolide,ipecac,"the risk or severity of myopathy, rhabdomyolysis, and myoglobinuria can be increased when leuprolide is combined with ipecac."
db00007,leuprolide,emetine,"the risk or severity of myopathy, rhabdomyolysis, and myoglobinuria can be increased when leuprolide is combined with emetine."
db00007,leuprolide,simfibrate,"the risk or severity of myopathy, rhabdomyolysis, and myoglobinuria can be increased when leuprolide is combined with simfibrate."
db00007,leuprolide,ronifibrate,"the risk or severity of myopathy, rhabdomyolysis, and myoglobinuria can be increased when leuprolide is combined with ronifibrate."
db00007,leuprolide,aluminium clofibrate,"the risk or severity of myopathy, rhabdomyolysis, and myoglobinuria can be increased when leuprolide is combined with aluminium clofibrate."
db00007,leuprolide,clofibride,"the risk or severity of myopathy, rhabdomyolysis, and myoglobinuria can be increased when leuprolide is combined with clofibride."
db00007,leuprolide,fenofibric acid,"the risk or severity of myopathy, rhabdomyolysis, and myoglobinuria can be increased when leuprolide is combined with fenofibric acid."
db00007,leuprolide,pamidronic acid,"the risk or severity of myopathy, rhabdomyolysis, and myoglobinuria can be increased when leuprolide is combined with pamidronic acid."
db00007,leuprolide,methotrexate,"the risk or severity of myopathy, rhabdomyolysis, and myoglobinuria can be increased when leuprolide is combined with methotrexate."
db00007,leuprolide,amphotericin b,"the risk or severity of myopathy, rhabdomyolysis, and myoglobinuria can be increased when leuprolide is combined with amphotericin b."
db00007,leuprolide,isoniazid,"the risk or severity of myopathy, rhabdomyolysis, and myoglobinuria can be increased when leuprolide is combined with isoniazid."
db00007,leuprolide,cyclosporine,"the risk or severity of myopathy, rhabdomyolysis, and myoglobinuria can be increased when leuprolide is combined with cyclosporine."
db00007,leuprolide,triazolam,"the risk or severity of myopathy, rhabdomyolysis, and myoglobinuria can be increased when leuprolide is combined with triazolam."
db00007,leuprolide,colchicine,"the risk or severity of myopathy, rhabdomyolysis, and myoglobinuria can be increased when leuprolide is combined with colchicine."
db00007,leuprolide,infliximab,"the risk or severity of myopathy, rhabdomyolysis, and myoglobinuria can be increased when leuprolide is combined with infliximab."
db00007,leuprolide,sildenafil,"the risk or severity of myopathy, rhabdomyolysis, and myoglobinuria can be increased when leuprolide is combined with sildenafil."
db00007,leuprolide,indinavir,"the risk or severity of myopathy, rhabdomyolysis, and myoglobinuria can be increased when leuprolide is combined with indinavir."
db00007,leuprolide,lovastatin,"the risk or severity of myopathy, rhabdomyolysis, and myoglobinuria can be increased when leuprolide is combined with lovastatin."
db00007,leuprolide,phenytoin,"the risk or severity of myopathy, rhabdomyolysis, and myoglobinuria can be increased when leuprolide is combined with phenytoin."
db00007,leuprolide,simvastatin,"the risk or severity of myopathy, rhabdomyolysis, and myoglobinuria can be increased when leuprolide is combined with simvastatin."
db00007,leuprolide,paclitaxel,"the risk or severity of myopathy, rhabdomyolysis, and myoglobinuria can be increased when leuprolide is combined with paclitaxel."
db00007,leuprolide,dexamethasone,"the risk or severity of myopathy, rhabdomyolysis, and myoglobinuria can be increased when leuprolide is combined with dexamethasone."
db00007,leuprolide,tianeptine,"the risk or severity of myopathy, rhabdomyolysis, and myoglobinuria can be increased when leuprolide is combined with tianeptine."
db00007,leuprolide,trimethoprim,"the risk or severity of myopathy, rhabdomyolysis, and myoglobinuria can be increased when leuprolide is combined with trimethoprim."
db00007,leuprolide,isotretinoin,"the risk or severity of myopathy, rhabdomyolysis, and myoglobinuria can be increased when leuprolide is combined with isotretinoin."
db00007,leuprolide,metformin,the therapeutic efficacy of metformin can be decreased when used in combination with leuprolide.
db00007,leuprolide,trazodone,the risk or severity of qtc prolongation can be increased when trazodone is combined with leuprolide.
db00007,leuprolide,entrectinib,the risk or severity of qtc prolongation can be increased when leuprolide is combined with entrectinib.
db00007,leuprolide,pitolisant,leuprolide may increase the qtc-prolonging activities of pitolisant.
db00007,leuprolide,lefamulin,lefamulin may increase the qtc-prolonging activities of leuprolide.
db00007,leuprolide,hydroxyzine,the risk or severity of qtc prolongation can be increased when leuprolide is combined with hydroxyzine.
db00007,leuprolide,ziprasidone,the risk or severity of qtc prolongation can be increased when leuprolide is combined with ziprasidone.
db00007,leuprolide,haloperidol,the risk or severity of qtc prolongation can be increased when leuprolide is combined with haloperidol.
db00007,leuprolide,fluoxetine,the risk or severity of qtc prolongation can be increased when fluoxetine is combined with leuprolide.
db00007,leuprolide,flupentixol,the risk or severity of qtc prolongation can be increased when leuprolide is combined with flupentixol.
db00007,leuprolide,ponesimod,the risk or severity of bradycardia can be increased when ponesimod is combined with leuprolide.
db00007,leuprolide,amisulpride,the risk or severity of qtc prolongation can be increased when leuprolide is combined with amisulpride.
db00007,leuprolide,peginesatide,the risk or severity of thrombosis can be increased when peginesatide is combined with leuprolide.
db00007,leuprolide,darbepoetin alfa,the risk or severity of thrombosis can be increased when darbepoetin alfa is combined with leuprolide.
db00007,leuprolide,erythropoietin,the risk or severity of thrombosis can be increased when erythropoietin is combined with leuprolide.
db00007,leuprolide,methoxy polyethylene glycol-epoetin beta,the risk or severity of thrombosis can be increased when methoxy polyethylene glycol-epoetin beta is combined with leuprolide.
db00007,leuprolide,fexinidazole,the risk or severity of adverse effects can be increased when leuprolide is combined with fexinidazole.
db00007,leuprolide,mobocertinib,the risk or severity of qtc prolongation can be increased when leuprolide is combined with mobocertinib.
db00007,leuprolide,pacritinib,the risk or severity of qtc prolongation can be increased when pacritinib is combined with leuprolide.
db00007,leuprolide,luseogliflozin,the therapeutic efficacy of luseogliflozin can be decreased when used in combination with leuprolide.
db00007,leuprolide,finerenone,finerenone may increase the excretion rate of leuprolide which could result in a lower serum level and potentially a reduction in efficacy.
db00007,leuprolide,lidocaine,the risk or severity of methemoglobinemia can be increased when leuprolide is combined with lidocaine.
db00007,leuprolide,bupivacaine,the risk or severity of methemoglobinemia can be increased when leuprolide is combined with bupivacaine.
db00007,leuprolide,cinchocaine,the risk or severity of methemoglobinemia can be increased when leuprolide is combined with cinchocaine.
db00007,leuprolide,dyclonine,the risk or severity of methemoglobinemia can be increased when leuprolide is combined with dyclonine.
db00007,leuprolide,procaine,the risk or severity of methemoglobinemia can be increased when leuprolide is combined with procaine.
db00007,leuprolide,prilocaine,the risk or severity of methemoglobinemia can be increased when leuprolide is combined with prilocaine.
db00007,leuprolide,proparacaine,the risk or severity of methemoglobinemia can be increased when leuprolide is combined with proparacaine.
db00007,leuprolide,oxybuprocaine,the risk or severity of methemoglobinemia can be increased when leuprolide is combined with oxybuprocaine.
db00007,leuprolide,benzocaine,the risk or severity of methemoglobinemia can be increased when leuprolide is combined with benzocaine.
db00007,leuprolide,chloroprocaine,the risk or severity of methemoglobinemia can be increased when leuprolide is combined with chloroprocaine.
db00007,leuprolide,phenol,the risk or severity of methemoglobinemia can be increased when leuprolide is combined with phenol.
db00007,leuprolide,tetrodotoxin,the risk or severity of methemoglobinemia can be increased when leuprolide is combined with tetrodotoxin.
db00007,leuprolide,benzyl alcohol,the risk or severity of methemoglobinemia can be increased when leuprolide is combined with benzyl alcohol.
db00007,leuprolide,capsaicin,the risk or severity of methemoglobinemia can be increased when leuprolide is combined with capsaicin.
db00007,leuprolide,etidocaine,the risk or severity of methemoglobinemia can be increased when leuprolide is combined with etidocaine.
db00007,leuprolide,articaine,the risk or severity of methemoglobinemia can be increased when leuprolide is combined with articaine.
db00007,leuprolide,tetracaine,the risk or severity of methemoglobinemia can be increased when leuprolide is combined with tetracaine.
db00007,leuprolide,propoxycaine,the risk or severity of methemoglobinemia can be increased when leuprolide is combined with propoxycaine.
db00007,leuprolide,pramocaine,the risk or severity of methemoglobinemia can be increased when leuprolide is combined with pramocaine.
db00007,leuprolide,butamben,the risk or severity of methemoglobinemia can be increased when leuprolide is combined with butamben.
db00007,leuprolide,butacaine,the risk or severity of methemoglobinemia can be increased when leuprolide is combined with butacaine.
db00007,leuprolide,oxetacaine,the risk or severity of methemoglobinemia can be increased when leuprolide is combined with oxetacaine.
db00007,leuprolide,ethyl chloride,the risk or severity of methemoglobinemia can be increased when leuprolide is combined with ethyl chloride.
db00007,leuprolide,butanilicaine,the risk or severity of methemoglobinemia can be increased when leuprolide is combined with butanilicaine.
db00007,leuprolide,metabutethamine,the risk or severity of methemoglobinemia can be increased when leuprolide is combined with metabutethamine.
db00007,leuprolide,quinisocaine,the risk or severity of methemoglobinemia can be increased when leuprolide is combined with quinisocaine.
db00007,leuprolide,bexagliflozin,the therapeutic efficacy of bexagliflozin can be decreased when used in combination with leuprolide.
db00007,leuprolide,ambroxol,the risk or severity of methemoglobinemia can be increased when leuprolide is combined with ambroxol.
db00007,leuprolide,loratadine,the risk or severity of qtc prolongation can be increased when loratadine is combined with leuprolide.
db00007,leuprolide,quizartinib,the risk or severity of qtc prolongation can be increased when leuprolide is combined with quizartinib.
db00007,leuprolide,pimavanserin,the risk or severity of qtc prolongation can be increased when leuprolide is combined with pimavanserin.
db00007,leuprolide,gepirone,the risk or severity of qtc prolongation can be increased when gepirone is combined with leuprolide.
db00007,leuprolide,etrasimod,the risk or severity of qtc prolongation and torsade de pointes can be increased when etrasimod is combined with leuprolide.
db00007,leuprolide,inotuzumab ozogamicin,the risk or severity of qtc prolongation can be increased when leuprolide is combined with inotuzumab ozogamicin.
db00007,leuprolide,mavorixafor,the risk or severity of qtc prolongation can be increased when mavorixafor is combined with leuprolide.
db00007,leuprolide,insulin icodec,the therapeutic efficacy of insulin icodec can be decreased when used in combination with leuprolide.
db00007,leuprolide,revumenib,the risk or severity of qtc prolongation can be increased when leuprolide is combined with revumenib.
db00008,peginterferon alfa-2a,denosumab,the risk or severity of adverse effects can be increased when denosumab is combined with peginterferon alfa-2a.
db00008,peginterferon alfa-2a,etanercept,the risk or severity of adverse effects can be increased when etanercept is combined with peginterferon alfa-2a.
db00008,peginterferon alfa-2a,interferon alfa-n1,the risk or severity of adverse effects can be increased when peginterferon alfa-2a is combined with interferon alfa-n1.
db00008,peginterferon alfa-2a,interferon alfa-n3,the risk or severity of adverse effects can be increased when peginterferon alfa-2a is combined with interferon alfa-n3.
db00008,peginterferon alfa-2a,peginterferon alfa-2b,the risk or severity of adverse effects can be increased when peginterferon alfa-2a is combined with peginterferon alfa-2b.
db00008,peginterferon alfa-2a,anakinra,the risk or severity of adverse effects can be increased when peginterferon alfa-2a is combined with anakinra.
db00008,peginterferon alfa-2a,interferon gamma-1b,the risk or severity of adverse effects can be increased when peginterferon alfa-2a is combined with interferon gamma-1b.
db00008,peginterferon alfa-2a,interferon alfa-2a,the risk or severity of adverse effects can be increased when peginterferon alfa-2a is combined with interferon alfa-2a.
db00008,peginterferon alfa-2a,adalimumab,the risk or severity of adverse effects can be increased when peginterferon alfa-2a is combined with adalimumab.
db00008,peginterferon alfa-2a,gemtuzumab ozogamicin,the risk or severity of adverse effects can be increased when peginterferon alfa-2a is combined with gemtuzumab ozogamicin.
db00008,peginterferon alfa-2a,pegaspargase,the risk or severity of adverse effects can be increased when peginterferon alfa-2a is combined with pegaspargase.
db00008,peginterferon alfa-2a,infliximab,the risk or severity of adverse effects can be increased when peginterferon alfa-2a is combined with infliximab.
db00008,peginterferon alfa-2a,interferon beta-1b,the risk or severity of adverse effects can be increased when peginterferon alfa-2a is combined with interferon beta-1b.
db00008,peginterferon alfa-2a,interferon alfacon-1,the risk or severity of adverse effects can be increased when peginterferon alfa-2a is combined with interferon alfacon-1.
db00008,peginterferon alfa-2a,rituximab,the risk or severity of adverse effects can be increased when peginterferon alfa-2a is combined with rituximab.
db00008,peginterferon alfa-2a,basiliximab,the risk or severity of adverse effects can be increased when peginterferon alfa-2a is combined with basiliximab.
db00008,peginterferon alfa-2a,muromonab,the risk or severity of adverse effects can be increased when peginterferon alfa-2a is combined with muromonab.
db00008,peginterferon alfa-2a,ibritumomab tiuxetan,the risk or severity of adverse effects can be increased when peginterferon alfa-2a is combined with ibritumomab tiuxetan.
db00008,peginterferon alfa-2a,tositumomab,the risk or severity of adverse effects can be increased when peginterferon alfa-2a is combined with tositumomab.
db00008,peginterferon alfa-2a,alemtuzumab,the risk or severity of adverse effects can be increased when peginterferon alfa-2a is combined with alemtuzumab.
db00008,peginterferon alfa-2a,alefacept,the risk or severity of adverse effects can be increased when peginterferon alfa-2a is combined with alefacept.
db00008,peginterferon alfa-2a,efalizumab,the risk or severity of adverse effects can be increased when peginterferon alfa-2a is combined with efalizumab.
db00008,peginterferon alfa-2a,antithymocyte immunoglobulin (rabbit),the risk or severity of adverse effects can be increased when peginterferon alfa-2a is combined with antithymocyte immunoglobulin (rabbit).
db00008,peginterferon alfa-2a,interferon alfa-2b,the risk or severity of adverse effects can be increased when peginterferon alfa-2a is combined with interferon alfa-2b.
db00008,peginterferon alfa-2a,daclizumab,the risk or severity of adverse effects can be increased when peginterferon alfa-2a is combined with daclizumab.
db00008,peginterferon alfa-2a,phenylalanine,the risk or severity of adverse effects can be increased when peginterferon alfa-2a is combined with phenylalanine.
db00008,peginterferon alfa-2a,flunisolide,the risk or severity of adverse effects can be increased when peginterferon alfa-2a is combined with flunisolide.
db00008,peginterferon alfa-2a,bortezomib,the risk or severity of adverse effects can be increased when peginterferon alfa-2a is combined with bortezomib.
db00008,peginterferon alfa-2a,cladribine,peginterferon alfa-2a may increase the immunosuppressive activities of cladribine.
db00008,peginterferon alfa-2a,carmustine,the risk or severity of adverse effects can be increased when peginterferon alfa-2a is combined with carmustine.
db00008,peginterferon alfa-2a,amsacrine,the risk or severity of adverse effects can be increased when peginterferon alfa-2a is combined with amsacrine.
db00008,peginterferon alfa-2a,bleomycin,the risk or severity of adverse effects can be increased when peginterferon alfa-2a is combined with bleomycin.
db00008,peginterferon alfa-2a,chlorambucil,the risk or severity of adverse effects can be increased when peginterferon alfa-2a is combined with chlorambucil.
db00008,peginterferon alfa-2a,raltitrexed,the risk or severity of adverse effects can be increased when peginterferon alfa-2a is combined with raltitrexed.
db00008,peginterferon alfa-2a,mitomycin,the risk or severity of adverse effects can be increased when peginterferon alfa-2a is combined with mitomycin.
db00008,peginterferon alfa-2a,bexarotene,the risk or severity of adverse effects can be increased when peginterferon alfa-2a is combined with bexarotene.
db00008,peginterferon alfa-2a,vindesine,the risk or severity of adverse effects can be increased when peginterferon alfa-2a is combined with vindesine.
db00008,peginterferon alfa-2a,floxuridine,the risk or severity of adverse effects can be increased when peginterferon alfa-2a is combined with floxuridine.
db00008,peginterferon alfa-2a,indomethacin,the risk or severity of adverse effects can be increased when peginterferon alfa-2a is combined with indomethacin.
db00008,peginterferon alfa-2a,tioguanine,the risk or severity of adverse effects can be increased when peginterferon alfa-2a is combined with tioguanine.
db00008,peginterferon alfa-2a,vinorelbine,the risk or severity of adverse effects can be increased when peginterferon alfa-2a is combined with vinorelbine.
db00008,peginterferon alfa-2a,dexrazoxane,the risk or severity of adverse effects can be increased when peginterferon alfa-2a is combined with dexrazoxane.
db00008,peginterferon alfa-2a,beclomethasone dipropionate,the risk or severity of adverse effects can be increased when peginterferon alfa-2a is combined with beclomethasone dipropionate.
db00008,peginterferon alfa-2a,sorafenib,the risk or severity of adverse effects can be increased when peginterferon alfa-2a is combined with sorafenib.
db00008,peginterferon alfa-2a,streptozocin,the risk or severity of adverse effects can be increased when peginterferon alfa-2a is combined with streptozocin.
db00008,peginterferon alfa-2a,trifluridine,the risk or severity of adverse effects can be increased when peginterferon alfa-2a is combined with trifluridine.
db00008,peginterferon alfa-2a,gemcitabine,the risk or severity of adverse effects can be increased when peginterferon alfa-2a is combined with gemcitabine.
db00008,peginterferon alfa-2a,betamethasone,the risk or severity of adverse effects can be increased when peginterferon alfa-2a is combined with betamethasone.
db00008,peginterferon alfa-2a,teniposide,the risk or severity of adverse effects can be increased when peginterferon alfa-2a is combined with teniposide.
db00008,peginterferon alfa-2a,epirubicin,the risk or severity of adverse effects can be increased when peginterferon alfa-2a is combined with epirubicin.
db00008,peginterferon alfa-2a,chloramphenicol,the risk or severity of adverse effects can be increased when peginterferon alfa-2a is combined with chloramphenicol.
db00008,peginterferon alfa-2a,lenalidomide,the risk or severity of adverse effects can be increased when peginterferon alfa-2a is combined with lenalidomide.
db00008,peginterferon alfa-2a,altretamine,the risk or severity of adverse effects can be increased when peginterferon alfa-2a is combined with altretamine.
db00008,peginterferon alfa-2a,cisplatin,the risk or severity of adverse effects can be increased when peginterferon alfa-2a is combined with cisplatin.
db00008,peginterferon alfa-2a,oxaliplatin,the risk or severity of adverse effects can be increased when peginterferon alfa-2a is combined with oxaliplatin.
db00008,peginterferon alfa-2a,cyclophosphamide,the risk or severity of adverse effects can be increased when peginterferon alfa-2a is combined with cyclophosphamide.
db00008,peginterferon alfa-2a,vincristine,the risk or severity of adverse effects can be increased when peginterferon alfa-2a is combined with vincristine.
db00008,peginterferon alfa-2a,fluorouracil,the risk or severity of adverse effects can be increased when peginterferon alfa-2a is combined with fluorouracil.
db00008,peginterferon alfa-2a,propylthiouracil,the risk or severity of adverse effects can be increased when peginterferon alfa-2a is combined with propylthiouracil.
db00008,peginterferon alfa-2a,pentostatin,the risk or severity of adverse effects can be increased when peginterferon alfa-2a is combined with pentostatin.
db00008,peginterferon alfa-2a,methotrexate,the risk or severity of adverse effects can be increased when peginterferon alfa-2a is combined with methotrexate.
db00008,peginterferon alfa-2a,carbamazepine,the risk or severity of adverse effects can be increased when peginterferon alfa-2a is combined with carbamazepine.
db00008,peginterferon alfa-2a,vinblastine,the risk or severity of adverse effects can be increased when peginterferon alfa-2a is combined with vinblastine.
db00008,peginterferon alfa-2a,fluticasone propionate,the risk or severity of adverse effects can be increased when peginterferon alfa-2a is combined with fluticasone propionate.
db00008,peginterferon alfa-2a,fluocinolone acetonide,the risk or severity of adverse effects can be increased when peginterferon alfa-2a is combined with fluocinolone acetonide.
db00008,peginterferon alfa-2a,linezolid,the risk or severity of adverse effects can be increased when peginterferon alfa-2a is combined with linezolid.
db00008,peginterferon alfa-2a,imatinib,the risk or severity of adverse effects can be increased when peginterferon alfa-2a is combined with imatinib.
db00008,peginterferon alfa-2a,triamcinolone,the risk or severity of adverse effects can be increased when peginterferon alfa-2a is combined with triamcinolone.
db00008,peginterferon alfa-2a,clofarabine,the risk or severity of adverse effects can be increased when peginterferon alfa-2a is combined with clofarabine.
db00008,peginterferon alfa-2a,prednisone,the risk or severity of adverse effects can be increased when peginterferon alfa-2a is combined with prednisone.
db00008,peginterferon alfa-2a,pemetrexed,the risk or severity of adverse effects can be increased when peginterferon alfa-2a is combined with pemetrexed.
db00008,peginterferon alfa-2a,fludrocortisone,the risk or severity of adverse effects can be increased when peginterferon alfa-2a is combined with fludrocortisone.
db00008,peginterferon alfa-2a,mycophenolate mofetil,the risk or severity of adverse effects can be increased when peginterferon alfa-2a is combined with mycophenolate mofetil.
db00008,peginterferon alfa-2a,daunorubicin,the risk or severity of adverse effects can be increased when peginterferon alfa-2a is combined with daunorubicin.
db00008,peginterferon alfa-2a,tretinoin,the risk or severity of cardiotoxicity can be increased when peginterferon alfa-2a is combined with tretinoin.
db00008,peginterferon alfa-2a,irinotecan,the risk or severity of adverse effects can be increased when peginterferon alfa-2a is combined with irinotecan.
db00008,peginterferon alfa-2a,methimazole,the risk or severity of adverse effects can be increased when peginterferon alfa-2a is combined with methimazole.
db00008,peginterferon alfa-2a,etoposide,the risk or severity of adverse effects can be increased when peginterferon alfa-2a is combined with etoposide.
db00008,peginterferon alfa-2a,sulfasalazine,the risk or severity of adverse effects can be increased when peginterferon alfa-2a is combined with sulfasalazine.
db00008,peginterferon alfa-2a,dacarbazine,the risk or severity of adverse effects can be increased when peginterferon alfa-2a is combined with dacarbazine.
db00008,peginterferon alfa-2a,temozolomide,the risk or severity of adverse effects can be increased when peginterferon alfa-2a is combined with temozolomide.
db00008,peginterferon alfa-2a,penicillamine,the risk or severity of adverse effects can be increased when peginterferon alfa-2a is combined with penicillamine.
db00008,peginterferon alfa-2a,prednisolone,the risk or severity of adverse effects can be increased when peginterferon alfa-2a is combined with prednisolone.
db00008,peginterferon alfa-2a,sirolimus,the risk or severity of adverse effects can be increased when peginterferon alfa-2a is combined with sirolimus.
db00008,peginterferon alfa-2a,mechlorethamine,the risk or severity of adverse effects can be increased when peginterferon alfa-2a is combined with mechlorethamine.
db00008,peginterferon alfa-2a,azacitidine,the risk or severity of adverse effects can be increased when peginterferon alfa-2a is combined with azacitidine.
db00008,peginterferon alfa-2a,carboplatin,the risk or severity of adverse effects can be increased when peginterferon alfa-2a is combined with carboplatin.
db00008,peginterferon alfa-2a,methylprednisolone,the risk or severity of adverse effects can be increased when peginterferon alfa-2a is combined with methylprednisolone.
db00008,peginterferon alfa-2a,dactinomycin,the risk or severity of adverse effects can be increased when peginterferon alfa-2a is combined with dactinomycin.
db00008,peginterferon alfa-2a,cytarabine,the risk or severity of adverse effects can be increased when peginterferon alfa-2a is combined with cytarabine.
db00008,peginterferon alfa-2a,azathioprine,the risk or severity of adverse effects can be increased when peginterferon alfa-2a is combined with azathioprine.
db00008,peginterferon alfa-2a,doxorubicin,the risk or severity of adverse effects can be increased when peginterferon alfa-2a is combined with doxorubicin.
db00008,peginterferon alfa-2a,hydroxyurea,the risk or severity of adverse effects can be increased when peginterferon alfa-2a is combined with hydroxyurea.
db00008,peginterferon alfa-2a,busulfan,the risk or severity of adverse effects can be increased when peginterferon alfa-2a is combined with busulfan.
db00008,peginterferon alfa-2a,mycophenolic acid,the risk or severity of adverse effects can be increased when peginterferon alfa-2a is combined with mycophenolic acid.
db00008,peginterferon alfa-2a,topotecan,the risk or severity of adverse effects can be increased when peginterferon alfa-2a is combined with topotecan.
db00008,peginterferon alfa-2a,mercaptopurine,the risk or severity of adverse effects can be increased when peginterferon alfa-2a is combined with mercaptopurine.
db00008,peginterferon alfa-2a,thalidomide,the risk or severity of adverse effects can be increased when peginterferon alfa-2a is combined with thalidomide.
db00008,peginterferon alfa-2a,melphalan,the risk or severity of adverse effects can be increased when peginterferon alfa-2a is combined with melphalan.
db00008,peginterferon alfa-2a,fludarabine,the risk or severity of adverse effects can be increased when peginterferon alfa-2a is combined with fludarabine.
db00008,peginterferon alfa-2a,flucytosine,the risk or severity of adverse effects can be increased when peginterferon alfa-2a is combined with flucytosine.
db00008,peginterferon alfa-2a,capecitabine,the risk or severity of adverse effects can be increased when peginterferon alfa-2a is combined with capecitabine.
db00008,peginterferon alfa-2a,trilostane,the risk or severity of adverse effects can be increased when peginterferon alfa-2a is combined with trilostane.
db00008,peginterferon alfa-2a,procarbazine,the risk or severity of adverse effects can be increased when peginterferon alfa-2a is combined with procarbazine.
db00008,peginterferon alfa-2a,arsenic trioxide,the risk or severity of adverse effects can be increased when peginterferon alfa-2a is combined with arsenic trioxide.
db00008,peginterferon alfa-2a,idarubicin,the risk or severity of adverse effects can be increased when peginterferon alfa-2a is combined with idarubicin.
db00008,peginterferon alfa-2a,ifosfamide,the risk or severity of adverse effects can be increased when peginterferon alfa-2a is combined with ifosfamide.
db00008,peginterferon alfa-2a,estramustine,the risk or severity of adverse effects can be increased when peginterferon alfa-2a is combined with estramustine.
db00008,peginterferon alfa-2a,mitoxantrone,the risk or severity of adverse effects can be increased when peginterferon alfa-2a is combined with mitoxantrone.
db00008,peginterferon alfa-2a,lomustine,the risk or severity of adverse effects can be increased when peginterferon alfa-2a is combined with lomustine.
db00008,peginterferon alfa-2a,budesonide,the risk or severity of adverse effects can be increased when peginterferon alfa-2a is combined with budesonide.
db00008,peginterferon alfa-2a,paclitaxel,the risk or severity of adverse effects can be increased when peginterferon alfa-2a is combined with paclitaxel.
db00008,peginterferon alfa-2a,dexamethasone,the risk or severity of adverse effects can be increased when peginterferon alfa-2a is combined with dexamethasone.
db00008,peginterferon alfa-2a,docetaxel,the risk or severity of adverse effects can be increased when peginterferon alfa-2a is combined with docetaxel.
db00008,peginterferon alfa-2a,dasatinib,the risk or severity of adverse effects can be increased when peginterferon alfa-2a is combined with dasatinib.
db00008,peginterferon alfa-2a,eculizumab,the risk or severity of adverse effects can be increased when peginterferon alfa-2a is combined with eculizumab.
db00008,peginterferon alfa-2a,decitabine,the risk or severity of adverse effects can be increased when peginterferon alfa-2a is combined with decitabine.
db00008,peginterferon alfa-2a,sunitinib,the risk or severity of adverse effects can be increased when peginterferon alfa-2a is combined with sunitinib.
db00008,peginterferon alfa-2a,nelarabine,the risk or severity of adverse effects can be increased when peginterferon alfa-2a is combined with nelarabine.
db00008,peginterferon alfa-2a,abatacept,the risk or severity of adverse effects can be increased when peginterferon alfa-2a is combined with abatacept.
db00008,peginterferon alfa-2a,corticotropin,the risk or severity of adverse effects can be increased when peginterferon alfa-2a is combined with corticotropin.
db00008,peginterferon alfa-2a,cortisone acetate,the risk or severity of adverse effects can be increased when peginterferon alfa-2a is combined with cortisone acetate.
db00008,peginterferon alfa-2a,paramethasone,the risk or severity of adverse effects can be increased when peginterferon alfa-2a is combined with paramethasone.
db00008,peginterferon alfa-2a,ciclesonide,the risk or severity of adverse effects can be increased when peginterferon alfa-2a is combined with ciclesonide.
db00008,peginterferon alfa-2a,stepronin,the risk or severity of adverse effects can be increased when peginterferon alfa-2a is combined with stepronin.
db00008,peginterferon alfa-2a,everolimus,the risk or severity of adverse effects can be increased when peginterferon alfa-2a is combined with everolimus.
db00008,peginterferon alfa-2a,hydroxychloroquine,the risk or severity of adverse effects can be increased when peginterferon alfa-2a is combined with hydroxychloroquine.
db00008,peginterferon alfa-2a,castanospermine,the risk or severity of adverse effects can be increased when peginterferon alfa-2a is combined with castanospermine.
db00008,peginterferon alfa-2a,vorinostat,the risk or severity of adverse effects can be increased when peginterferon alfa-2a is combined with vorinostat.
db00008,peginterferon alfa-2a,2-methoxyethanol,the risk or severity of adverse effects can be increased when peginterferon alfa-2a is combined with 2-methoxyethanol.
db00008,peginterferon alfa-2a,brequinar,the risk or severity of adverse effects can be increased when peginterferon alfa-2a is combined with brequinar.
db00008,peginterferon alfa-2a,thiotepa,the risk or severity of adverse effects can be increased when peginterferon alfa-2a is combined with thiotepa.
db00008,peginterferon alfa-2a,aldosterone,the risk or severity of adverse effects can be increased when peginterferon alfa-2a is combined with aldosterone.
db00008,peginterferon alfa-2a,ixabepilone,the risk or severity of adverse effects can be increased when peginterferon alfa-2a is combined with ixabepilone.
db00008,peginterferon alfa-2a,nilotinib,the risk or severity of adverse effects can be increased when peginterferon alfa-2a is combined with nilotinib.
db00008,peginterferon alfa-2a,pirfenidone,the risk or severity of adverse effects can be increased when peginterferon alfa-2a is combined with pirfenidone.
db00008,peginterferon alfa-2a,afelimomab,the risk or severity of adverse effects can be increased when peginterferon alfa-2a is combined with afelimomab.
db00008,peginterferon alfa-2a,belinostat,the risk or severity of adverse effects can be increased when peginterferon alfa-2a is combined with belinostat.
db00008,peginterferon alfa-2a,trabectedin,the risk or severity of adverse effects can be increased when peginterferon alfa-2a is combined with trabectedin.
db00008,peginterferon alfa-2a,interferon alfa,the risk or severity of adverse effects can be increased when peginterferon alfa-2a is combined with interferon alfa.
db00008,peginterferon alfa-2a,glatiramer,the risk or severity of adverse effects can be increased when peginterferon alfa-2a is combined with glatiramer.
db00008,peginterferon alfa-2a,briakinumab,the risk or severity of adverse effects can be increased when peginterferon alfa-2a is combined with briakinumab.
db00008,peginterferon alfa-2a,human interferon omega-1,the risk or severity of adverse effects can be increased when peginterferon alfa-2a is combined with human interferon omega-1.
db00008,peginterferon alfa-2a,apremilast,the risk or severity of adverse effects can be increased when peginterferon alfa-2a is combined with apremilast.
db00008,peginterferon alfa-2a,trastuzumab emtansine,the risk or severity of adverse effects can be increased when peginterferon alfa-2a is combined with trastuzumab emtansine.
db00008,peginterferon alfa-2a,canakinumab,the risk or severity of adverse effects can be increased when peginterferon alfa-2a is combined with canakinumab.
db00008,peginterferon alfa-2a,tocilizumab,the risk or severity of adverse effects can be increased when peginterferon alfa-2a is combined with tocilizumab.
db00008,peginterferon alfa-2a,temsirolimus,the risk or severity of adverse effects can be increased when peginterferon alfa-2a is combined with temsirolimus.
db00008,peginterferon alfa-2a,rilonacept,the risk or severity of adverse effects can be increased when peginterferon alfa-2a is combined with rilonacept.
db00008,peginterferon alfa-2a,pazopanib,the risk or severity of adverse effects can be increased when peginterferon alfa-2a is combined with pazopanib.
db00008,peginterferon alfa-2a,panobinostat,the risk or severity of adverse effects can be increased when peginterferon alfa-2a is combined with panobinostat.
db00008,peginterferon alfa-2a,mepolizumab,the risk or severity of adverse effects can be increased when peginterferon alfa-2a is combined with mepolizumab.
db00008,peginterferon alfa-2a,bosutinib,the risk or severity of adverse effects can be increased when peginterferon alfa-2a is combined with bosutinib.
db00008,peginterferon alfa-2a,abetimus,the risk or severity of adverse effects can be increased when peginterferon alfa-2a is combined with abetimus.
db00008,peginterferon alfa-2a,golimumab,the risk or severity of adverse effects can be increased when peginterferon alfa-2a is combined with golimumab.
db00008,peginterferon alfa-2a,belatacept,the risk or severity of adverse effects can be increased when peginterferon alfa-2a is combined with belatacept.
db00008,peginterferon alfa-2a,bendamustine,the risk or severity of adverse effects can be increased when peginterferon alfa-2a is combined with bendamustine.
db00008,peginterferon alfa-2a,cabazitaxel,the risk or severity of adverse effects can be increased when peginterferon alfa-2a is combined with cabazitaxel.
db00008,peginterferon alfa-2a,pralatrexate,the risk or severity of adverse effects can be increased when peginterferon alfa-2a is combined with pralatrexate.
db00008,peginterferon alfa-2a,wortmannin,the risk or severity of adverse effects can be increased when peginterferon alfa-2a is combined with wortmannin.
db00008,peginterferon alfa-2a,brentuximab vedotin,the risk or severity of adverse effects can be increased when peginterferon alfa-2a is combined with brentuximab vedotin.
db00008,peginterferon alfa-2a,eribulin,the risk or severity of adverse effects can be increased when peginterferon alfa-2a is combined with eribulin.
db00008,peginterferon alfa-2a,ruxolitinib,the risk or severity of adverse effects can be increased when peginterferon alfa-2a is combined with ruxolitinib.
db00008,peginterferon alfa-2a,belimumab,the risk or severity of adverse effects can be increased when peginterferon alfa-2a is combined with belimumab.
db00008,peginterferon alfa-2a,teriflunomide,the risk or severity of liver damage can be increased when peginterferon alfa-2a is combined with teriflunomide.
db00008,peginterferon alfa-2a,carfilzomib,the risk or severity of adverse effects can be increased when peginterferon alfa-2a is combined with carfilzomib.
db00008,peginterferon alfa-2a,ponatinib,the risk or severity of adverse effects can be increased when peginterferon alfa-2a is combined with ponatinib.
db00008,peginterferon alfa-2a,certolizumab pegol,the risk or severity of adverse effects can be increased when peginterferon alfa-2a is combined with certolizumab pegol.
db00008,peginterferon alfa-2a,fluticasone furoate,the risk or severity of adverse effects can be increased when peginterferon alfa-2a is combined with fluticasone furoate.
db00008,peginterferon alfa-2a,dimethyl fumarate,the risk or severity of adverse effects can be increased when peginterferon alfa-2a is combined with dimethyl fumarate.
db00008,peginterferon alfa-2a,pomalidomide,the risk or severity of adverse effects can be increased when peginterferon alfa-2a is combined with pomalidomide.
db00008,peginterferon alfa-2a,obinutuzumab,the risk or severity of adverse effects can be increased when peginterferon alfa-2a is combined with obinutuzumab.
db00008,peginterferon alfa-2a,fluprednidene,the risk or severity of adverse effects can be increased when peginterferon alfa-2a is combined with fluprednidene.
db00008,peginterferon alfa-2a,secukinumab,the risk or severity of adverse effects can be increased when peginterferon alfa-2a is combined with secukinumab.
db00008,peginterferon alfa-2a,vedolizumab,the risk or severity of adverse effects can be increased when peginterferon alfa-2a is combined with vedolizumab.
db00008,peginterferon alfa-2a,siltuximab,the risk or severity of adverse effects can be increased when peginterferon alfa-2a is combined with siltuximab.
db00008,peginterferon alfa-2a,blinatumomab,the risk or severity of adverse effects can be increased when peginterferon alfa-2a is combined with blinatumomab.
db00008,peginterferon alfa-2a,ibrutinib,the risk or severity of adverse effects can be increased when peginterferon alfa-2a is combined with ibrutinib.
db00008,peginterferon alfa-2a,idelalisib,the risk or severity of adverse effects can be increased when peginterferon alfa-2a is combined with idelalisib.
db00008,peginterferon alfa-2a,palbociclib,the risk or severity of adverse effects can be increased when peginterferon alfa-2a is combined with palbociclib.
db00008,peginterferon alfa-2a,olaparib,the risk or severity of adverse effects can be increased when peginterferon alfa-2a is combined with olaparib.
db00008,peginterferon alfa-2a,dinutuximab,the risk or severity of adverse effects can be increased when peginterferon alfa-2a is combined with dinutuximab.
db00008,peginterferon alfa-2a,vilanterol,the risk or severity of adverse effects can be increased when peginterferon alfa-2a is combined with vilanterol.
db00008,peginterferon alfa-2a,tixocortol,the risk or severity of adverse effects can be increased when peginterferon alfa-2a is combined with tixocortol.
db00008,peginterferon alfa-2a,peginterferon beta-1a,the risk or severity of adverse effects can be increased when peginterferon alfa-2a is combined with peginterferon beta-1a.
db00008,peginterferon alfa-2a,antilymphocyte immunoglobulin (horse),the risk or severity of adverse effects can be increased when peginterferon alfa-2a is combined with antilymphocyte immunoglobulin (horse).
db00008,peginterferon alfa-2a,fluprednisolone,the risk or severity of adverse effects can be increased when peginterferon alfa-2a is combined with fluprednisolone.
db00008,peginterferon alfa-2a,meprednisone,the risk or severity of adverse effects can be increased when peginterferon alfa-2a is combined with meprednisone.
db00008,peginterferon alfa-2a,tepoxalin,the risk or severity of adverse effects can be increased when peginterferon alfa-2a is combined with tepoxalin.
db00008,peginterferon alfa-2a,dexamethasone isonicotinate,the risk or severity of adverse effects can be increased when peginterferon alfa-2a is combined with dexamethasone isonicotinate.
db00008,peginterferon alfa-2a,melengestrol,the risk or severity of adverse effects can be increased when peginterferon alfa-2a is combined with melengestrol.
db00008,peginterferon alfa-2a,ixekizumab,the risk or severity of adverse effects can be increased when peginterferon alfa-2a is combined with ixekizumab.
db00008,peginterferon alfa-2a,ravulizumab,the risk or severity of adverse effects can be increased when peginterferon alfa-2a is combined with ravulizumab.
db00008,peginterferon alfa-2a,pirarubicin,the risk or severity of adverse effects can be increased when peginterferon alfa-2a is combined with pirarubicin.
db00008,peginterferon alfa-2a,voclosporin,the risk or severity of adverse effects can be increased when peginterferon alfa-2a is combined with voclosporin.
db00008,peginterferon alfa-2a,peficitinib,the risk or severity of adverse effects can be increased when peginterferon alfa-2a is combined with peficitinib.
db00008,peginterferon alfa-2a,sarilumab,the risk or severity of adverse effects can be increased when peginterferon alfa-2a is combined with sarilumab.
db00008,peginterferon alfa-2a,brodalumab,the risk or severity of adverse effects can be increased when peginterferon alfa-2a is combined with brodalumab.
db00008,peginterferon alfa-2a,sirukumab,the risk or severity of adverse effects can be increased when peginterferon alfa-2a is combined with sirukumab.
db00008,peginterferon alfa-2a,baricitinib,the risk or severity of adverse effects can be increased when peginterferon alfa-2a is combined with baricitinib.
db00008,peginterferon alfa-2a,guselkumab,the risk or severity of adverse effects can be increased when peginterferon alfa-2a is combined with guselkumab.
db00008,peginterferon alfa-2a,deflazacort,the risk or severity of adverse effects can be increased when peginterferon alfa-2a is combined with deflazacort.
db00008,peginterferon alfa-2a,ocrelizumab,the risk or severity of adverse effects can be increased when peginterferon alfa-2a is combined with ocrelizumab.
db00008,peginterferon alfa-2a,triptolide,the risk or severity of adverse effects can be increased when peginterferon alfa-2a is combined with triptolide.
db00008,peginterferon alfa-2a,siponimod,the risk or severity of adverse effects can be increased when peginterferon alfa-2a is combined with siponimod.
db00008,peginterferon alfa-2a,ozanimod,the risk or severity of adverse effects can be increased when peginterferon alfa-2a is combined with ozanimod.
db00008,peginterferon alfa-2a,mizoribine,the risk or severity of adverse effects can be increased when peginterferon alfa-2a is combined with mizoribine.
db00008,peginterferon alfa-2a,gusperimus,the risk or severity of adverse effects can be increased when peginterferon alfa-2a is combined with gusperimus.
db00008,peginterferon alfa-2a,cepeginterferon alfa-2b,the risk or severity of adverse effects can be increased when peginterferon alfa-2a is combined with cepeginterferon alfa-2b.
db00008,peginterferon alfa-2a,trofosfamide,the risk or severity of adverse effects can be increased when peginterferon alfa-2a is combined with trofosfamide.
db00008,peginterferon alfa-2a,doxifluridine,the risk or severity of adverse effects can be increased when peginterferon alfa-2a is combined with doxifluridine.
db00008,peginterferon alfa-2a,deoxyspergualin,the risk or severity of adverse effects can be increased when peginterferon alfa-2a is combined with deoxyspergualin.
db00008,peginterferon alfa-2a,acteoside,the risk or severity of adverse effects can be increased when peginterferon alfa-2a is combined with acteoside.
db00008,peginterferon alfa-2a,cortivazol,the risk or severity of adverse effects can be increased when peginterferon alfa-2a is combined with cortivazol.
db00008,peginterferon alfa-2a,hypericin,the risk or severity of adverse effects can be increased when peginterferon alfa-2a is combined with hypericin.
db00008,peginterferon alfa-2a,9-(n-methyl-l-isoleucine)-cyclosporin a,the risk or severity of adverse effects can be increased when peginterferon alfa-2a is combined with 9-(n-methyl-l-isoleucine)-cyclosporin a.
db00008,peginterferon alfa-2a,prednylidene,the risk or severity of adverse effects can be increased when peginterferon alfa-2a is combined with prednylidene.
db00008,peginterferon alfa-2a,fluocortin,the risk or severity of adverse effects can be increased when peginterferon alfa-2a is combined with fluocortin.
db00008,peginterferon alfa-2a,begelomab,the risk or severity of adverse effects can be increased when peginterferon alfa-2a is combined with begelomab.
db00008,peginterferon alfa-2a,fluperolone,the risk or severity of adverse effects can be increased when peginterferon alfa-2a is combined with fluperolone.
db00008,peginterferon alfa-2a,cloprednol,the risk or severity of adverse effects can be increased when peginterferon alfa-2a is combined with cloprednol.
db00008,peginterferon alfa-2a,fluclorolone,the risk or severity of adverse effects can be increased when peginterferon alfa-2a is combined with fluclorolone.
db00008,peginterferon alfa-2a,fluticasone,the risk or severity of adverse effects can be increased when peginterferon alfa-2a is combined with fluticasone.
db00008,peginterferon alfa-2a,tetrandrine,the risk or severity of adverse effects can be increased when peginterferon alfa-2a is combined with tetrandrine.
db00008,peginterferon alfa-2a,monomethyl fumarate,the risk or severity of adverse effects can be increased when peginterferon alfa-2a is combined with monomethyl fumarate.
db00008,peginterferon alfa-2a,mometasone furoate,the risk or severity of adverse effects can be increased when peginterferon alfa-2a is combined with mometasone furoate.
db00008,peginterferon alfa-2a,hydrocortisone acetate,the risk or severity of adverse effects can be increased when peginterferon alfa-2a is combined with hydrocortisone acetate.
db00008,peginterferon alfa-2a,hydrocortisone succinate,the risk or severity of adverse effects can be increased when peginterferon alfa-2a is combined with hydrocortisone succinate.
db00008,peginterferon alfa-2a,emapalumab,the risk or severity of adverse effects can be increased when peginterferon alfa-2a is combined with emapalumab.
db00008,peginterferon alfa-2a,risankizumab,the risk or severity of adverse effects can be increased when peginterferon alfa-2a is combined with risankizumab.
db00008,peginterferon alfa-2a,rozanolixizumab,the risk or severity of adverse effects can be increased when peginterferon alfa-2a is combined with rozanolixizumab.
db00008,peginterferon alfa-2a,bleselumab,the risk or severity of adverse effects can be increased when peginterferon alfa-2a is combined with bleselumab.
db00008,peginterferon alfa-2a,clobetasol propionate,the risk or severity of adverse effects can be increased when peginterferon alfa-2a is combined with clobetasol propionate.
db00008,peginterferon alfa-2a,fluocinonide,the risk or severity of adverse effects can be increased when peginterferon alfa-2a is combined with fluocinonide.
db00008,peginterferon alfa-2a,hydrocortisone butyrate,the risk or severity of adverse effects can be increased when peginterferon alfa-2a is combined with hydrocortisone butyrate.
db00008,peginterferon alfa-2a,desoximetasone,the risk or severity of adverse effects can be increased when peginterferon alfa-2a is combined with desoximetasone.
db00008,peginterferon alfa-2a,mometasone,the risk or severity of adverse effects can be increased when peginterferon alfa-2a is combined with mometasone.
db00008,peginterferon alfa-2a,fluocortolone,the risk or severity of adverse effects can be increased when peginterferon alfa-2a is combined with fluocortolone.
db00008,peginterferon alfa-2a,fluorometholone,the risk or severity of adverse effects can be increased when peginterferon alfa-2a is combined with fluorometholone.
db00008,peginterferon alfa-2a,difluocortolone,the risk or severity of adverse effects can be increased when peginterferon alfa-2a is combined with difluocortolone.
db00008,peginterferon alfa-2a,upadacitinib,the risk or severity of adverse effects can be increased when peginterferon alfa-2a is combined with upadacitinib.
db00008,peginterferon alfa-2a,ponesimod,the risk or severity of adverse effects can be increased when peginterferon alfa-2a is combined with ponesimod.
db00008,peginterferon alfa-2a,lexacalcitol,the risk or severity of adverse effects can be increased when peginterferon alfa-2a is combined with lexacalcitol.
db00008,peginterferon alfa-2a,inolimomab,the risk or severity of adverse effects can be increased when peginterferon alfa-2a is combined with inolimomab.
db00008,peginterferon alfa-2a,fasitibant,the risk or severity of adverse effects can be increased when peginterferon alfa-2a is combined with fasitibant.
db00008,peginterferon alfa-2a,natalizumab,the risk or severity of immunosuppression can be increased when peginterferon alfa-2a is combined with natalizumab.
db00008,peginterferon alfa-2a,pimecrolimus,the risk or severity of adverse effects can be increased when pimecrolimus is combined with peginterferon alfa-2a.
db00008,peginterferon alfa-2a,roflumilast,the serum concentration of roflumilast can be increased when it is combined with peginterferon alfa-2a.
db00008,peginterferon alfa-2a,sipuleucel-t,the therapeutic efficacy of sipuleucel-t can be decreased when used in combination with peginterferon alfa-2a.
db00008,peginterferon alfa-2a,aldesleukin,the risk or severity of adverse effects can be increased when peginterferon alfa-2a is combined with aldesleukin.
db00008,peginterferon alfa-2a,clozapine,the risk or severity of neutropenia can be increased when peginterferon alfa-2a is combined with clozapine.
db00008,peginterferon alfa-2a,methadone,the serum concentration of methadone can be increased when it is combined with peginterferon alfa-2a.
db00008,peginterferon alfa-2a,telbivudine,the risk or severity of adverse effects can be increased when peginterferon alfa-2a is combined with telbivudine.
db00008,peginterferon alfa-2a,zidovudine,the risk or severity of adverse effects can be increased when peginterferon alfa-2a is combined with zidovudine.
db00008,peginterferon alfa-2a,zolmitriptan,the metabolism of zolmitriptan can be decreased when combined with peginterferon alfa-2a.
db00008,peginterferon alfa-2a,sulfamethoxazole,the risk or severity of myelosuppression can be increased when sulfamethoxazole is combined with peginterferon alfa-2a.
db00008,peginterferon alfa-2a,metamizole,the risk or severity of myelosuppression can be increased when metamizole is combined with peginterferon alfa-2a.
db00008,peginterferon alfa-2a,leflunomide,the risk or severity of adverse effects can be increased when peginterferon alfa-2a is combined with leflunomide.
db00008,peginterferon alfa-2a,tofacitinib,peginterferon alfa-2a may increase the immunosuppressive activities of tofacitinib.
db00008,peginterferon alfa-2a,trastuzumab,the risk or severity of neutropenia can be increased when trastuzumab is combined with peginterferon alfa-2a.
db00008,peginterferon alfa-2a,pegfilgrastim,the therapeutic efficacy of pegfilgrastim can be decreased when used in combination with peginterferon alfa-2a.
db00008,peginterferon alfa-2a,pegademase,the therapeutic efficacy of pegademase can be decreased when used in combination with peginterferon alfa-2a.
db00008,peginterferon alfa-2a,pegvisomant,the therapeutic efficacy of pegvisomant can be decreased when used in combination with peginterferon alfa-2a.
db00008,peginterferon alfa-2a,propylene glycol,the therapeutic efficacy of propylene glycol can be decreased when used in combination with peginterferon alfa-2a.
db00008,peginterferon alfa-2a,heptaethylene glycol,the therapeutic efficacy of heptaethylene glycol can be decreased when used in combination with peginterferon alfa-2a.
db00008,peginterferon alfa-2a,pegaptanib,the therapeutic efficacy of pegaptanib can be decreased when used in combination with peginterferon alfa-2a.
db00008,peginterferon alfa-2a,egaptivon pegol,the therapeutic efficacy of egaptivon pegol can be decreased when used in combination with peginterferon alfa-2a.
db00008,peginterferon alfa-2a,peg-uricase,the therapeutic efficacy of peg-uricase can be decreased when used in combination with peginterferon alfa-2a.
db00008,peginterferon alfa-2a,peginterferon alfacon-1,the therapeutic efficacy of peginterferon alfacon-1 can be decreased when used in combination with peginterferon alfa-2a.
db00008,peginterferon alfa-2a,glycopeg-gcsf,the therapeutic efficacy of glycopeg-gcsf can be decreased when used in combination with peginterferon alfa-2a.
db00008,peginterferon alfa-2a,pegnivacogin,the therapeutic efficacy of pegnivacogin can be decreased when used in combination with peginterferon alfa-2a.
db00008,peginterferon alfa-2a,pegpleranib,the therapeutic efficacy of pegpleranib can be decreased when used in combination with peginterferon alfa-2a.
db00008,peginterferon alfa-2a,pegsunercept,the therapeutic efficacy of pegsunercept can be decreased when used in combination with peginterferon alfa-2a.
db00008,peginterferon alfa-2a,polidocanol,the therapeutic efficacy of polidocanol can be decreased when used in combination with peginterferon alfa-2a.
db00008,peginterferon alfa-2a,pegloticase,the therapeutic efficacy of pegloticase can be decreased when used in combination with peginterferon alfa-2a.
db00008,peginterferon alfa-2a,polyethylene glycol,the therapeutic efficacy of polyethylene glycol can be decreased when used in combination with peginterferon alfa-2a.
db00008,peginterferon alfa-2a,"antihemophilic factor (recombinant), pegylated","the therapeutic efficacy of antihemophilic factor (recombinant), pegylated can be decreased when used in combination with peginterferon alfa-2a."
db00008,peginterferon alfa-2a,insulin peglispro,the therapeutic efficacy of insulin peglispro can be decreased when used in combination with peginterferon alfa-2a.
db00008,peginterferon alfa-2a,eptacog alfa pegol (activated),the therapeutic efficacy of eptacog alfa pegol (activated) can be decreased when used in combination with peginterferon alfa-2a.
db00008,peginterferon alfa-2a,olaptesed pegol,the therapeutic efficacy of olaptesed pegol can be decreased when used in combination with peginterferon alfa-2a.
db00008,peginterferon alfa-2a,abicipar pegol,the therapeutic efficacy of abicipar pegol can be decreased when used in combination with peginterferon alfa-2a.
db00008,peginterferon alfa-2a,lexaptepid pegol,the therapeutic efficacy of lexaptepid pegol can be decreased when used in combination with peginterferon alfa-2a.
db00008,peginterferon alfa-2a,pegvaliase,the therapeutic efficacy of pegvaliase can be decreased when used in combination with peginterferon alfa-2a.
db00008,peginterferon alfa-2a,pegamotecan,the therapeutic efficacy of pegamotecan can be decreased when used in combination with peginterferon alfa-2a.
db00008,peginterferon alfa-2a,nonacog beta pegol,the therapeutic efficacy of nonacog beta pegol can be decreased when used in combination with peginterferon alfa-2a.
db00008,peginterferon alfa-2a,damoctocog alfa pegol,the therapeutic efficacy of damoctocog alfa pegol can be decreased when used in combination with peginterferon alfa-2a.
db00008,peginterferon alfa-2a,elapegademase,the therapeutic efficacy of elapegademase can be decreased when used in combination with peginterferon alfa-2a.
db00008,peginterferon alfa-2a,fingolimod,peginterferon alfa-2a may increase the immunosuppressive activities of fingolimod.
db00008,peginterferon alfa-2a,tacrolimus,tacrolimus may increase the immunosuppressive activities of peginterferon alfa-2a.
db00008,peginterferon alfa-2a,caffeine,the metabolism of caffeine can be decreased when combined with peginterferon alfa-2a.
db00008,peginterferon alfa-2a,dyphylline,the metabolism of dyphylline can be decreased when combined with peginterferon alfa-2a.
db00008,peginterferon alfa-2a,pentoxifylline,the metabolism of pentoxifylline can be decreased when combined with peginterferon alfa-2a.
db00008,peginterferon alfa-2a,oxtriphylline,the metabolism of oxtriphylline can be decreased when combined with peginterferon alfa-2a.
db00008,peginterferon alfa-2a,theobromine,the metabolism of theobromine can be decreased when combined with peginterferon alfa-2a.
db00008,peginterferon alfa-2a,fenethylline,the metabolism of fenethylline can be decreased when combined with peginterferon alfa-2a.
db00008,peginterferon alfa-2a,8-azaguanine,the metabolism of 8-azaguanine can be decreased when combined with peginterferon alfa-2a.
db00008,peginterferon alfa-2a,"7,9-dimethylguanine","the metabolism of 7,9-dimethylguanine can be decreased when combined with peginterferon alfa-2a."
db00008,peginterferon alfa-2a,xanthine,the metabolism of xanthine can be decreased when combined with peginterferon alfa-2a.
db00008,peginterferon alfa-2a,7-deazaguanine,the metabolism of 7-deazaguanine can be decreased when combined with peginterferon alfa-2a.
db00008,peginterferon alfa-2a,guanine,the metabolism of guanine can be decreased when combined with peginterferon alfa-2a.
db00008,peginterferon alfa-2a,9-methylguanine,the metabolism of 9-methylguanine can be decreased when combined with peginterferon alfa-2a.
db00008,peginterferon alfa-2a,peldesine,the metabolism of peldesine can be decreased when combined with peginterferon alfa-2a.
db00008,peginterferon alfa-2a,hypoxanthine,the metabolism of hypoxanthine can be decreased when combined with peginterferon alfa-2a.
db00008,peginterferon alfa-2a,9-deazaguanine,the metabolism of 9-deazaguanine can be decreased when combined with peginterferon alfa-2a.
db00008,peginterferon alfa-2a,propentofylline,the metabolism of propentofylline can be decreased when combined with peginterferon alfa-2a.
db00008,peginterferon alfa-2a,valomaciclovir,the metabolism of valomaciclovir can be decreased when combined with peginterferon alfa-2a.
db00008,peginterferon alfa-2a,3-isobutyl-1-methyl-7h-xanthine,the metabolism of 3-isobutyl-1-methyl-7h-xanthine can be decreased when combined with peginterferon alfa-2a.
db00008,peginterferon alfa-2a,uric acid,the metabolism of uric acid can be decreased when combined with peginterferon alfa-2a.
db00008,peginterferon alfa-2a,doxofylline,the metabolism of doxofylline can be decreased when combined with peginterferon alfa-2a.
db00008,peginterferon alfa-2a,6-o-benzylguanine,the metabolism of 6-o-benzylguanine can be decreased when combined with peginterferon alfa-2a.
db00008,peginterferon alfa-2a,lisofylline,the metabolism of lisofylline can be decreased when combined with peginterferon alfa-2a.
db00008,peginterferon alfa-2a,lobucavir,the metabolism of lobucavir can be decreased when combined with peginterferon alfa-2a.
db00008,peginterferon alfa-2a,cafedrine,the metabolism of cafedrine can be decreased when combined with peginterferon alfa-2a.
db00008,peginterferon alfa-2a,theodrenaline,the metabolism of theodrenaline can be decreased when combined with peginterferon alfa-2a.
db00008,peginterferon alfa-2a,bamifylline,the metabolism of bamifylline can be decreased when combined with peginterferon alfa-2a.
db00008,peginterferon alfa-2a,proxyphylline,the metabolism of proxyphylline can be decreased when combined with peginterferon alfa-2a.
db00008,peginterferon alfa-2a,acefylline,the metabolism of acefylline can be decreased when combined with peginterferon alfa-2a.
db00008,peginterferon alfa-2a,etamiphylline,the metabolism of etamiphylline can be decreased when combined with peginterferon alfa-2a.
db00008,peginterferon alfa-2a,pentifylline,the metabolism of pentifylline can be decreased when combined with peginterferon alfa-2a.
db00008,peginterferon alfa-2a,bufylline,the metabolism of bufylline can be decreased when combined with peginterferon alfa-2a.
db00008,peginterferon alfa-2a,bromotheophylline,the metabolism of bromotheophylline can be decreased when combined with peginterferon alfa-2a.
db00008,peginterferon alfa-2a,furafylline,the metabolism of furafylline can be decreased when combined with peginterferon alfa-2a.
db00008,peginterferon alfa-2a,8-chlorotheophylline,the metabolism of 8-chlorotheophylline can be decreased when combined with peginterferon alfa-2a.
db00008,peginterferon alfa-2a,pcs-499,the metabolism of pcs-499 can be decreased when combined with peginterferon alfa-2a.
db00008,peginterferon alfa-2a,digoxin,digoxin may decrease the cardiotoxic activities of peginterferon alfa-2a.
db00008,peginterferon alfa-2a,acetyldigitoxin,acetyldigitoxin may decrease the cardiotoxic activities of peginterferon alfa-2a.
db00008,peginterferon alfa-2a,deslanoside,deslanoside may decrease the cardiotoxic activities of peginterferon alfa-2a.
db00008,peginterferon alfa-2a,ouabain,ouabain may decrease the cardiotoxic activities of peginterferon alfa-2a.
db00008,peginterferon alfa-2a,digitoxin,digitoxin may decrease the cardiotoxic activities of peginterferon alfa-2a.
db00008,peginterferon alfa-2a,oleandrin,oleandrin may decrease the cardiotoxic activities of peginterferon alfa-2a.
db00008,peginterferon alfa-2a,cymarin,cymarin may decrease the cardiotoxic activities of peginterferon alfa-2a.
db00008,peginterferon alfa-2a,proscillaridin,proscillaridin may decrease the cardiotoxic activities of peginterferon alfa-2a.
db00008,peginterferon alfa-2a,metildigoxin,metildigoxin may decrease the cardiotoxic activities of peginterferon alfa-2a.
db00008,peginterferon alfa-2a,lanatoside c,lanatoside c may decrease the cardiotoxic activities of peginterferon alfa-2a.
db00008,peginterferon alfa-2a,gitoformate,gitoformate may decrease the cardiotoxic activities of peginterferon alfa-2a.
db00008,peginterferon alfa-2a,acetyldigoxin,acetyldigoxin may decrease the cardiotoxic activities of peginterferon alfa-2a.
db00008,peginterferon alfa-2a,peruvoside,peruvoside may decrease the cardiotoxic activities of peginterferon alfa-2a.
db00008,peginterferon alfa-2a,anastrozole,the risk or severity of cardiotoxicity can be increased when peginterferon alfa-2a is combined with anastrozole.
db00008,peginterferon alfa-2a,aldoxorubicin,the risk or severity of cardiotoxicity can be increased when peginterferon alfa-2a is combined with aldoxorubicin.
db00008,peginterferon alfa-2a,paclitaxel trevatide,the risk or severity of cardiotoxicity can be increased when peginterferon alfa-2a is combined with paclitaxel trevatide.
db00008,peginterferon alfa-2a,paclitaxel poliglumex,the risk or severity of cardiotoxicity can be increased when peginterferon alfa-2a is combined with paclitaxel poliglumex.
db00008,peginterferon alfa-2a,pertuzumab,the risk or severity of cardiotoxicity can be increased when peginterferon alfa-2a is combined with pertuzumab.
db00008,peginterferon alfa-2a,bevacizumab,the risk or severity of cardiotoxicity can be increased when peginterferon alfa-2a is combined with bevacizumab.
db00008,peginterferon alfa-2a,g17dt immunogen,the therapeutic efficacy of g17dt can be decreased when used in combination with peginterferon alfa-2a.
db00008,peginterferon alfa-2a,pev3a,the therapeutic efficacy of pev3a can be decreased when used in combination with peginterferon alfa-2a.
db00008,peginterferon alfa-2a,ingn 225,the therapeutic efficacy of ingn 225 can be decreased when used in combination with peginterferon alfa-2a.
db00008,peginterferon alfa-2a,rindopepimut,the therapeutic efficacy of rindopepimut can be decreased when used in combination with peginterferon alfa-2a.
db00008,peginterferon alfa-2a,srp 299,the therapeutic efficacy of srp 299 can be decreased when used in combination with peginterferon alfa-2a.
db00008,peginterferon alfa-2a,gi-5005,the therapeutic efficacy of gi-5005 can be decreased when used in combination with peginterferon alfa-2a.
db00008,peginterferon alfa-2a,vitespen,the therapeutic efficacy of vitespen can be decreased when used in combination with peginterferon alfa-2a.
db00008,peginterferon alfa-2a,tg4010,the therapeutic efficacy of tg4010 can be decreased when used in combination with peginterferon alfa-2a.
db00008,peginterferon alfa-2a,anthrax immune globulin human,the therapeutic efficacy of anthrax immune globulin human can be decreased when used in combination with peginterferon alfa-2a.
db00008,peginterferon alfa-2a,"rabies virus inactivated antigen, b","the therapeutic efficacy of rabies virus inactivated antigen, b can be decreased when used in combination with peginterferon alfa-2a."
db00008,peginterferon alfa-2a,rotavirus vaccine,the therapeutic efficacy of rotavirus vaccine can be decreased when used in combination with peginterferon alfa-2a.
db00008,peginterferon alfa-2a,"rabies virus inactivated antigen, a","the therapeutic efficacy of rabies virus inactivated antigen, a can be decreased when used in combination with peginterferon alfa-2a."
db00008,peginterferon alfa-2a,clostridium tetani toxoid antigen (formaldehyde inactivated),the therapeutic efficacy of clostridium tetani toxoid antigen (formaldehyde inactivated) can be decreased when used in combination with peginterferon alfa-2a.
db00008,peginterferon alfa-2a,corynebacterium diphtheriae toxoid antigen (formaldehyde inactivated),the therapeutic efficacy of corynebacterium diphtheriae toxoid antigen (formaldehyde inactivated) can be decreased when used in combination with peginterferon alfa-2a.
db00008,peginterferon alfa-2a,influenza a virus a/california/7/2009 x-181 (h1n1) antigen (propiolactone inactivated),the therapeutic efficacy of influenza a virus a/california/7/2009 x-181 (h1n1) antigen (propiolactone inactivated) can be decreased when used in combination with peginterferon alfa-2a.
db00008,peginterferon alfa-2a,japanese encephalitis virus strain sa 14-14-2 antigen (formaldehyde inactivated),the therapeutic efficacy of japanese encephalitis virus strain sa 14-14-2 antigen (formaldehyde inactivated) can be decreased when used in combination with peginterferon alfa-2a.
db00008,peginterferon alfa-2a,influenza b virus b/brisbane/60/2008 antigen (formaldehyde inactivated),the therapeutic efficacy of influenza b virus b/brisbane/60/2008 antigen (formaldehyde inactivated) can be decreased when used in combination with peginterferon alfa-2a.
db00008,peginterferon alfa-2a,typhoid vi polysaccharide vaccine,the therapeutic efficacy of typhoid vi polysaccharide vaccine can be decreased when used in combination with peginterferon alfa-2a.
db00008,peginterferon alfa-2a,hepatitis a vaccine,the therapeutic efficacy of hepatitis a vaccine can be decreased when used in combination with peginterferon alfa-2a.
db00008,peginterferon alfa-2a,haemophilus influenzae type b strain 20752 capsular polysaccharide tetanus toxoid conjugate antigen,the therapeutic efficacy of haemophilus influenzae type b strain 20752 capsular polysaccharide tetanus toxoid conjugate antigen can be decreased when used in combination with peginterferon alfa-2a.
db00008,peginterferon alfa-2a,influenza a virus a/brisbane/59/2007(h1n1) hemagglutinin antigen (propiolactone inactivated),the therapeutic efficacy of influenza a virus a/brisbane/59/2007(h1n1) hemagglutinin antigen (propiolactone inactivated) can be decreased when used in combination with peginterferon alfa-2a.
db00008,peginterferon alfa-2a,influenza b virus b/brisbane/60/2008 hemagglutinin antigen (propiolactone inactivated),the therapeutic efficacy of influenza b virus b/brisbane/60/2008 hemagglutinin antigen (propiolactone inactivated) can be decreased when used in combination with peginterferon alfa-2a.
db00008,peginterferon alfa-2a,influenza a virus a/california/7/2009 x-181 (h1n1) hemagglutinin antigen (propiolactone inactivated),the therapeutic efficacy of influenza a virus a/california/7/2009 x-181 (h1n1) hemagglutinin antigen (propiolactone inactivated) can be decreased when used in combination with peginterferon alfa-2a.
db00008,peginterferon alfa-2a,influenza b virus b/brisbane/60/2008 antigen (propiolactone inactivated),the therapeutic efficacy of influenza b virus b/brisbane/60/2008 antigen (propiolactone inactivated) can be decreased when used in combination with peginterferon alfa-2a.
db00008,peginterferon alfa-2a,"rabies immune globulin, human","the therapeutic efficacy of rabies immune globulin, human can be decreased when used in combination with peginterferon alfa-2a."
db00008,peginterferon alfa-2a,hepatitis b vaccine (recombinant),the therapeutic efficacy of hepatitis b vaccine (recombinant) can be decreased when used in combination with peginterferon alfa-2a.
db00008,peginterferon alfa-2a,tecemotide,the therapeutic efficacy of tecemotide can be decreased when used in combination with peginterferon alfa-2a.
db00008,peginterferon alfa-2a,typhoid vaccine,the therapeutic efficacy of typhoid vaccine can be decreased when used in combination with peginterferon alfa-2a.
db00008,peginterferon alfa-2a,influenza a virus a/victoria/210/2009 x-187 (h3n2) hemagglutinin antigen (formaldehyde inactivated),the therapeutic efficacy of influenza a virus a/victoria/210/2009 x-187 (h3n2) hemagglutinin antigen (formaldehyde inactivated) can be decreased when used in combination with peginterferon alfa-2a.
db00008,peginterferon alfa-2a,influenza b virus b/brisbane/60/2008 hemagglutinin antigen (formaldehyde inactivated),the therapeutic efficacy of influenza b virus b/brisbane/60/2008 hemagglutinin antigen (formaldehyde inactivated) can be decreased when used in combination with peginterferon alfa-2a.
db00008,peginterferon alfa-2a,influenza a virus a/california/7/2009 (h1n1) live (attenuated) antigen,the therapeutic efficacy of influenza a virus a/california/7/2009 (h1n1) live (attenuated) antigen can be decreased when used in combination with peginterferon alfa-2a.
db00008,peginterferon alfa-2a,influenza a virus a/victoria/210/2009 x-187 (h3n2) antigen (formaldehyde inactivated),the therapeutic efficacy of influenza a virus a/victoria/210/2009 x-187 (h3n2) antigen (formaldehyde inactivated) can be decreased when used in combination with peginterferon alfa-2a.
db00008,peginterferon alfa-2a,influenza a virus a/perth/16/2009 (h3n2) live (attenuated) antigen,the therapeutic efficacy of influenza a virus a/perth/16/2009 (h3n2) live (attenuated) antigen can be decreased when used in combination with peginterferon alfa-2a.
db00008,peginterferon alfa-2a,influenza a virus a/uruguay/716/2007(h3n2) antigen (propiolactone inactivated),the therapeutic efficacy of influenza a virus a/uruguay/716/2007(h3n2) antigen (propiolactone inactivated) can be decreased when used in combination with peginterferon alfa-2a.
db00008,peginterferon alfa-2a,influenza a virus a/brisbane/59/2007(h1n1) antigen (propiolactone inactivated),the therapeutic efficacy of influenza a virus a/brisbane/59/2007(h1n1) antigen (propiolactone inactivated) can be decreased when used in combination with peginterferon alfa-2a.
db00008,peginterferon alfa-2a,"smallpox (vaccinia) vaccine, live","the risk or severity of infection can be increased when smallpox (vaccinia) vaccine, live is combined with peginterferon alfa-2a."
db00008,peginterferon alfa-2a,pertussis vaccine,the therapeutic efficacy of pertussis vaccine can be decreased when used in combination with peginterferon alfa-2a.
db00008,peginterferon alfa-2a,yersinia pestis 195/p antigen (formaldehyde inactivated),the therapeutic efficacy of yersinia pestis 195/p antigen (formaldehyde inactivated) can be decreased when used in combination with peginterferon alfa-2a.
db00008,peginterferon alfa-2a,varicella zoster vaccine (recombinant),the therapeutic efficacy of varicella zoster vaccine (recombinant) can be decreased when used in combination with peginterferon alfa-2a.
db00008,peginterferon alfa-2a,modified vaccinia ankara,the therapeutic efficacy of modified vaccinia ankara can be decreased when used in combination with peginterferon alfa-2a.
db00008,peginterferon alfa-2a,"ebola zaire vaccine (live, attenuated)","the therapeutic efficacy of ebola zaire vaccine (live, attenuated) can be decreased when used in combination with peginterferon alfa-2a."
db00008,peginterferon alfa-2a,moderna covid-19 vaccine,the therapeutic efficacy of moderna covid-19 vaccine can be decreased when used in combination with peginterferon alfa-2a.
db00008,peginterferon alfa-2a,measles virus vaccine live attenuated,the therapeutic efficacy of measles virus vaccine live attenuated can be decreased when used in combination with peginterferon alfa-2a.
db00008,peginterferon alfa-2a,abciximab,the risk or severity of bleeding can be increased when abciximab is combined with peginterferon alfa-2a.
db00008,peginterferon alfa-2a,eptifibatide,the risk or severity of bleeding can be increased when eptifibatide is combined with peginterferon alfa-2a.
db00008,peginterferon alfa-2a,ticlopidine,the risk or severity of bleeding can be increased when ticlopidine is combined with peginterferon alfa-2a.
db00008,peginterferon alfa-2a,tirofiban,the risk or severity of bleeding can be increased when tirofiban is combined with peginterferon alfa-2a.
db00008,peginterferon alfa-2a,acetylsalicylic acid,the risk or severity of bleeding can be increased when acetylsalicylic acid is combined with peginterferon alfa-2a.
db00008,peginterferon alfa-2a,dipyridamole,the risk or severity of bleeding can be increased when dipyridamole is combined with peginterferon alfa-2a.
db00008,peginterferon alfa-2a,sulfinpyrazone,the risk or severity of bleeding can be increased when sulfinpyrazone is combined with peginterferon alfa-2a.
db00008,peginterferon alfa-2a,ridogrel,the risk or severity of bleeding can be increased when ridogrel is combined with peginterferon alfa-2a.
db00008,peginterferon alfa-2a,epoprostenol,the risk or severity of bleeding can be increased when epoprostenol is combined with peginterferon alfa-2a.
db00008,peginterferon alfa-2a,nimesulide,the risk or severity of bleeding can be increased when nimesulide is combined with peginterferon alfa-2a.
db00008,peginterferon alfa-2a,tesmilifene,the risk or severity of bleeding can be increased when tesmilifene is combined with peginterferon alfa-2a.
db00008,peginterferon alfa-2a,defibrotide,the risk or severity of bleeding can be increased when defibrotide is combined with peginterferon alfa-2a.
db00008,peginterferon alfa-2a,beraprost,the risk or severity of bleeding can be increased when beraprost is combined with peginterferon alfa-2a.
db00008,peginterferon alfa-2a,ibudilast,the risk or severity of bleeding can be increased when ibudilast is combined with peginterferon alfa-2a.
db00008,peginterferon alfa-2a,andrographolide,the risk or severity of bleeding can be increased when andrographolide is combined with peginterferon alfa-2a.
db00008,peginterferon alfa-2a,caplacizumab,the risk or severity of bleeding can be increased when caplacizumab is combined with peginterferon alfa-2a.
db00008,peginterferon alfa-2a,prasugrel,the risk or severity of bleeding can be increased when prasugrel is combined with peginterferon alfa-2a.
db00008,peginterferon alfa-2a,cangrelor,the risk or severity of bleeding can be increased when cangrelor is combined with peginterferon alfa-2a.
db00008,peginterferon alfa-2a,tranilast,the risk or severity of bleeding can be increased when tranilast is combined with peginterferon alfa-2a.
db00008,peginterferon alfa-2a,triflusal,the risk or severity of bleeding can be increased when triflusal is combined with peginterferon alfa-2a.
db00008,peginterferon alfa-2a,ticagrelor,the risk or severity of bleeding can be increased when ticagrelor is combined with peginterferon alfa-2a.
db00008,peginterferon alfa-2a,icosapent ethyl,the risk or severity of bleeding can be increased when icosapent ethyl is combined with peginterferon alfa-2a.
db00008,peginterferon alfa-2a,vorapaxar,the risk or severity of bleeding can be increased when vorapaxar is combined with peginterferon alfa-2a.
db00008,peginterferon alfa-2a,trapidil,the risk or severity of bleeding can be increased when trapidil is combined with peginterferon alfa-2a.
db00008,peginterferon alfa-2a,naftopidil,the risk or severity of bleeding can be increased when naftopidil is combined with peginterferon alfa-2a.
db00008,peginterferon alfa-2a,sarpogrelate,the risk or severity of bleeding can be increased when sarpogrelate is combined with peginterferon alfa-2a.
db00008,peginterferon alfa-2a,ifetroban,the risk or severity of bleeding can be increased when ifetroban is combined with peginterferon alfa-2a.
db00008,peginterferon alfa-2a,nitroaspirin,the risk or severity of bleeding can be increased when nitroaspirin is combined with peginterferon alfa-2a.
db00008,peginterferon alfa-2a,indobufen,the risk or severity of bleeding can be increased when indobufen is combined with peginterferon alfa-2a.
db00008,peginterferon alfa-2a,butylphthalide,the risk or severity of bleeding can be increased when butylphthalide is combined with peginterferon alfa-2a.
db00008,peginterferon alfa-2a,hydroxytyrosol,the risk or severity of bleeding can be increased when hydroxytyrosol is combined with peginterferon alfa-2a.
db00008,peginterferon alfa-2a,ramatroban,the risk or severity of bleeding can be increased when ramatroban is combined with peginterferon alfa-2a.
db00008,peginterferon alfa-2a,picotamide,the risk or severity of bleeding can be increased when picotamide is combined with peginterferon alfa-2a.
db00008,peginterferon alfa-2a,cloricromen,the risk or severity of bleeding can be increased when cloricromen is combined with peginterferon alfa-2a.
db00008,peginterferon alfa-2a,linsidomine,the risk or severity of bleeding can be increased when linsidomine is combined with peginterferon alfa-2a.
db00008,peginterferon alfa-2a,buflomedil,the risk or severity of bleeding can be increased when buflomedil is combined with peginterferon alfa-2a.
db00008,peginterferon alfa-2a,relcovaptan,the risk or severity of bleeding can be increased when relcovaptan is combined with peginterferon alfa-2a.
db00008,peginterferon alfa-2a,maritime pine extract,the risk or severity of bleeding can be increased when maritime pine extract is combined with peginterferon alfa-2a.
db00008,peginterferon alfa-2a,resveratrol,the risk or severity of bleeding can be increased when resveratrol is combined with peginterferon alfa-2a.
db00008,peginterferon alfa-2a,lipegfilgrastim,peginterferon alfa-2a may increase the myelosuppressive activities of lipegfilgrastim.
db00008,peginterferon alfa-2a,varicella zoster vaccine (live/attenuated),the risk or severity of infection can be increased when varicella zoster vaccine (live/attenuated) is combined with peginterferon alfa-2a.
db00008,peginterferon alfa-2a,rubella virus vaccine,the risk or severity of infection can be increased when rubella virus vaccine is combined with peginterferon alfa-2a.
db00008,peginterferon alfa-2a,bacillus calmette-guerin substrain tice live antigen,the risk or severity of infection can be increased when bacillus calmette-guerin substrain tice live antigen is combined with peginterferon alfa-2a.
db00008,peginterferon alfa-2a,bacillus calmette-guerin substrain connaught live antigen,the risk or severity of infection can be increased when bacillus calmette-guerin substrain connaught live antigen is combined with peginterferon alfa-2a.
db00008,peginterferon alfa-2a,yellow fever vaccine,the risk or severity of infection can be increased when yellow fever vaccine is combined with peginterferon alfa-2a.
db00008,peginterferon alfa-2a,anthrax vaccine,the therapeutic efficacy of anthrax vaccine can be decreased when used in combination with peginterferon alfa-2a.
db00008,peginterferon alfa-2a,typhoid vaccine live,the risk or severity of infection can be increased when typhoid vaccine live is combined with peginterferon alfa-2a.
db00008,peginterferon alfa-2a,bacillus calmette-guerin substrain danish 1331 live antigen,the therapeutic efficacy of bacillus calmette-guerin substrain danish 1331 live antigen can be decreased when used in combination with peginterferon alfa-2a.
db00008,peginterferon alfa-2a,bcg vaccine,the risk or severity of infection can be increased when bcg vaccine is combined with peginterferon alfa-2a.
db00008,peginterferon alfa-2a,human adenovirus e serotype 4 strain cl-68578 antigen,the risk or severity of infection can be increased when human adenovirus e serotype 4 strain cl-68578 antigen is combined with peginterferon alfa-2a.
db00008,peginterferon alfa-2a,vibrio cholerae cvd 103-hgr strain live antigen,the therapeutic efficacy of vibrio cholerae cvd 103-hgr strain live antigen can be decreased when used in combination with peginterferon alfa-2a.
db00008,peginterferon alfa-2a,adenovirus type 7 vaccine live,the risk or severity of infection can be increased when adenovirus type 7 vaccine live is combined with peginterferon alfa-2a.
db00008,peginterferon alfa-2a,palifermin,the therapeutic efficacy of palifermin can be decreased when used in combination with peginterferon alfa-2a.
db00008,peginterferon alfa-2a,fluvoxamine,the metabolism of fluvoxamine can be decreased when combined with peginterferon alfa-2a.
db00008,peginterferon alfa-2a,betaxolol,the metabolism of betaxolol can be decreased when combined with peginterferon alfa-2a.
db00008,peginterferon alfa-2a,disopyramide,the metabolism of disopyramide can be decreased when combined with peginterferon alfa-2a.
db00008,peginterferon alfa-2a,lidocaine,the risk or severity of methemoglobinemia can be increased when peginterferon alfa-2a is combined with lidocaine.
db00008,peginterferon alfa-2a,conjugated estrogens,the metabolism of conjugated estrogens can be decreased when combined with peginterferon alfa-2a.
db00008,peginterferon alfa-2a,ropivacaine,the risk or severity of methemoglobinemia can be increased when peginterferon alfa-2a is combined with ropivacaine.
db00008,peginterferon alfa-2a,acetaminophen,the metabolism of acetaminophen can be decreased when combined with peginterferon alfa-2a.
db00008,peginterferon alfa-2a,olanzapine,the metabolism of olanzapine can be decreased when combined with peginterferon alfa-2a.
db00008,peginterferon alfa-2a,chlorzoxazone,the metabolism of chlorzoxazone can be decreased when combined with peginterferon alfa-2a.
db00008,peginterferon alfa-2a,grepafloxacin,the metabolism of grepafloxacin can be decreased when combined with peginterferon alfa-2a.
db00008,peginterferon alfa-2a,mirtazapine,the metabolism of mirtazapine can be decreased when combined with peginterferon alfa-2a.
db00008,peginterferon alfa-2a,mexiletine,the metabolism of mexiletine can be decreased when combined with peginterferon alfa-2a.
db00008,peginterferon alfa-2a,tacrine,the metabolism of tacrine can be decreased when combined with peginterferon alfa-2a.
db00008,peginterferon alfa-2a,triamterene,the metabolism of triamterene can be decreased when combined with peginterferon alfa-2a.
db00008,peginterferon alfa-2a,promazine,the metabolism of promazine can be decreased when combined with peginterferon alfa-2a.
db00008,peginterferon alfa-2a,zolpidem,the metabolism of zolpidem can be decreased when combined with peginterferon alfa-2a.
db00008,peginterferon alfa-2a,entecavir,the metabolism of entecavir can be decreased when combined with peginterferon alfa-2a.
db00008,peginterferon alfa-2a,nabumetone,the metabolism of nabumetone can be decreased when combined with peginterferon alfa-2a.
db00008,peginterferon alfa-2a,quinine,the metabolism of quinine can be decreased when combined with peginterferon alfa-2a.
db00008,peginterferon alfa-2a,fluoxetine,the metabolism of fluoxetine can be decreased when combined with peginterferon alfa-2a.
db00008,peginterferon alfa-2a,chlorpromazine,the metabolism of chlorpromazine can be decreased when combined with peginterferon alfa-2a.
db00008,peginterferon alfa-2a,flutamide,the metabolism of flutamide can be decreased when combined with peginterferon alfa-2a.
db00008,peginterferon alfa-2a,haloperidol,the metabolism of haloperidol can be decreased when combined with peginterferon alfa-2a.
db00008,peginterferon alfa-2a,albendazole,the metabolism of albendazole can be decreased when combined with peginterferon alfa-2a.
db00008,peginterferon alfa-2a,rofecoxib,the metabolism of rofecoxib can be decreased when combined with peginterferon alfa-2a.
db00008,peginterferon alfa-2a,cinnarizine,the metabolism of cinnarizine can be decreased when combined with peginterferon alfa-2a.
db00008,peginterferon alfa-2a,propranolol,the metabolism of propranolol can be decreased when combined with peginterferon alfa-2a.
db00008,peginterferon alfa-2a,diclofenac,the metabolism of diclofenac can be decreased when combined with peginterferon alfa-2a.
db00008,peginterferon alfa-2a,guanabenz,the metabolism of guanabenz can be decreased when combined with peginterferon alfa-2a.
db00008,peginterferon alfa-2a,verapamil,the metabolism of verapamil can be decreased when combined with peginterferon alfa-2a.
db00008,peginterferon alfa-2a,paroxetine,the metabolism of paroxetine can be decreased when combined with peginterferon alfa-2a.
db00008,peginterferon alfa-2a,thiabendazole,the metabolism of thiabendazole can be decreased when combined with peginterferon alfa-2a.
db00008,peginterferon alfa-2a,riluzole,the metabolism of riluzole can be decreased when combined with peginterferon alfa-2a.
db00008,peginterferon alfa-2a,zileuton,the metabolism of zileuton can be decreased when combined with peginterferon alfa-2a.
db00008,peginterferon alfa-2a,clopidogrel,the metabolism of clopidogrel can be decreased when combined with peginterferon alfa-2a.
db00008,peginterferon alfa-2a,estradiol,the metabolism of estradiol can be decreased when combined with peginterferon alfa-2a.
db00008,peginterferon alfa-2a,acyclovir,the metabolism of acyclovir can be decreased when combined with peginterferon alfa-2a.
db00008,peginterferon alfa-2a,naproxen,the metabolism of naproxen can be decreased when combined with peginterferon alfa-2a.
db00008,peginterferon alfa-2a,trifluoperazine,the metabolism of trifluoperazine can be decreased when combined with peginterferon alfa-2a.
db00008,peginterferon alfa-2a,perphenazine,the metabolism of perphenazine can be decreased when combined with peginterferon alfa-2a.
db00008,peginterferon alfa-2a,terbinafine,the metabolism of terbinafine can be decreased when combined with peginterferon alfa-2a.
db00008,peginterferon alfa-2a,ranitidine,the metabolism of ranitidine can be decreased when combined with peginterferon alfa-2a.
db00008,peginterferon alfa-2a,ethanol,the metabolism of ethanol can be decreased when combined with peginterferon alfa-2a.
db00008,peginterferon alfa-2a,maprotiline,the metabolism of maprotiline can be decreased when combined with peginterferon alfa-2a.
db00008,peginterferon alfa-2a,alosetron,the metabolism of alosetron can be decreased when combined with peginterferon alfa-2a.
db00008,peginterferon alfa-2a,lomefloxacin,the metabolism of lomefloxacin can be decreased when combined with peginterferon alfa-2a.
db00008,peginterferon alfa-2a,ramelteon,the metabolism of ramelteon can be decreased when combined with peginterferon alfa-2a.
db00008,peginterferon alfa-2a,frovatriptan,the metabolism of frovatriptan can be decreased when combined with peginterferon alfa-2a.
db00008,peginterferon alfa-2a,levobupivacaine,the risk or severity of methemoglobinemia can be increased when peginterferon alfa-2a is combined with levobupivacaine.
db00008,peginterferon alfa-2a,cinacalcet,the metabolism of cinacalcet can be decreased when combined with peginterferon alfa-2a.
db00008,peginterferon alfa-2a,selegiline,the metabolism of selegiline can be decreased when combined with peginterferon alfa-2a.
db00008,peginterferon alfa-2a,tocainide,the metabolism of tocainide can be decreased when combined with peginterferon alfa-2a.
db00008,peginterferon alfa-2a,praziquantel,the metabolism of praziquantel can be decreased when combined with peginterferon alfa-2a.
db00008,peginterferon alfa-2a,melatonin,the metabolism of melatonin can be decreased when combined with peginterferon alfa-2a.
db00008,peginterferon alfa-2a,primaquine,the metabolism of primaquine can be decreased when combined with peginterferon alfa-2a.
db00008,peginterferon alfa-2a,hesperetin,the metabolism of hesperetin can be decreased when combined with peginterferon alfa-2a.
db00008,peginterferon alfa-2a,nifedipine,the metabolism of nifedipine can be decreased when combined with peginterferon alfa-2a.
db00008,peginterferon alfa-2a,carvedilol,the metabolism of carvedilol can be decreased when combined with peginterferon alfa-2a.
db00008,peginterferon alfa-2a,cilostazol,the metabolism of cilostazol can be decreased when combined with peginterferon alfa-2a.
db00008,peginterferon alfa-2a,propafenone,the metabolism of propafenone can be decreased when combined with peginterferon alfa-2a.
db00008,peginterferon alfa-2a,domperidone,the metabolism of domperidone can be decreased when combined with peginterferon alfa-2a.
db00008,peginterferon alfa-2a,dexfenfluramine,the metabolism of dexfenfluramine can be decreased when combined with peginterferon alfa-2a.
db00008,peginterferon alfa-2a,rasagiline,the metabolism of rasagiline can be decreased when combined with peginterferon alfa-2a.
db00008,peginterferon alfa-2a,temafloxacin,the metabolism of temafloxacin can be decreased when combined with peginterferon alfa-2a.
db00008,peginterferon alfa-2a,aminophenazone,the metabolism of aminophenazone can be decreased when combined with peginterferon alfa-2a.
db00008,peginterferon alfa-2a,antipyrine,the metabolism of antipyrine can be decreased when combined with peginterferon alfa-2a.
db00008,peginterferon alfa-2a,bromazepam,the metabolism of bromazepam can be decreased when combined with peginterferon alfa-2a.
db00008,peginterferon alfa-2a,thiothixene,the metabolism of thiothixene can be decreased when combined with peginterferon alfa-2a.
db00008,peginterferon alfa-2a,etoricoxib,the metabolism of etoricoxib can be decreased when combined with peginterferon alfa-2a.
db00008,peginterferon alfa-2a,genistein,the metabolism of genistein can be decreased when combined with peginterferon alfa-2a.
db00008,peginterferon alfa-2a,phenacetin,the metabolism of phenacetin can be decreased when combined with peginterferon alfa-2a.
db00008,peginterferon alfa-2a,estrone sulfate,the metabolism of estrone sulfate can be decreased when combined with peginterferon alfa-2a.
db00008,peginterferon alfa-2a,flunarizine,the metabolism of flunarizine can be decreased when combined with peginterferon alfa-2a.
db00008,peginterferon alfa-2a,lorcaserin,the metabolism of lorcaserin can be decreased when combined with peginterferon alfa-2a.
db00008,peginterferon alfa-2a,lofexidine,the metabolism of lofexidine can be decreased when combined with peginterferon alfa-2a.
db00008,peginterferon alfa-2a,mianserin,the metabolism of mianserin can be decreased when combined with peginterferon alfa-2a.
db00008,peginterferon alfa-2a,eltrombopag,the metabolism of eltrombopag can be decreased when combined with peginterferon alfa-2a.
db00008,peginterferon alfa-2a,asenapine,the metabolism of asenapine can be decreased when combined with peginterferon alfa-2a.
db00008,peginterferon alfa-2a,vadimezan,the metabolism of vadimezan can be decreased when combined with peginterferon alfa-2a.
db00008,peginterferon alfa-2a,agomelatine,the metabolism of agomelatine can be decreased when combined with peginterferon alfa-2a.
db00008,peginterferon alfa-2a,benzyl alcohol,the risk or severity of methemoglobinemia can be increased when peginterferon alfa-2a is combined with benzyl alcohol.
db00008,peginterferon alfa-2a,capsaicin,the risk or severity of methemoglobinemia can be increased when peginterferon alfa-2a is combined with capsaicin.
db00008,peginterferon alfa-2a,(r)-warfarin,the metabolism of (r)-warfarin can be decreased when combined with peginterferon alfa-2a.
db00008,peginterferon alfa-2a,perampanel,the metabolism of perampanel can be decreased when combined with peginterferon alfa-2a.
db00008,peginterferon alfa-2a,tasimelteon,the metabolism of tasimelteon can be decreased when combined with peginterferon alfa-2a.
db00008,peginterferon alfa-2a,stiripentol,the metabolism of stiripentol can be decreased when combined with peginterferon alfa-2a.
db00008,peginterferon alfa-2a,zotepine,the metabolism of zotepine can be decreased when combined with peginterferon alfa-2a.
db00008,peginterferon alfa-2a,propacetamol,the metabolism of propacetamol can be decreased when combined with peginterferon alfa-2a.
db00008,peginterferon alfa-2a,ramosetron,the metabolism of ramosetron can be decreased when combined with peginterferon alfa-2a.
db00008,peginterferon alfa-2a,binimetinib,the metabolism of binimetinib can be decreased when combined with peginterferon alfa-2a.
db00008,peginterferon alfa-2a,voxilaprevir,the metabolism of voxilaprevir can be decreased when combined with peginterferon alfa-2a.
db00008,peginterferon alfa-2a,triclabendazole,the metabolism of triclabendazole can be decreased when combined with peginterferon alfa-2a.
db00008,peginterferon alfa-2a,rucaparib,the metabolism of rucaparib can be decreased when combined with peginterferon alfa-2a.
db00008,peginterferon alfa-2a,dihydralazine,the metabolism of dihydralazine can be decreased when combined with peginterferon alfa-2a.
db00008,peginterferon alfa-2a,estradiol acetate,the metabolism of estradiol acetate can be decreased when combined with peginterferon alfa-2a.
db00008,peginterferon alfa-2a,estradiol benzoate,the metabolism of estradiol benzoate can be decreased when combined with peginterferon alfa-2a.
db00008,peginterferon alfa-2a,estradiol cypionate,the metabolism of estradiol cypionate can be decreased when combined with peginterferon alfa-2a.
db00008,peginterferon alfa-2a,estradiol dienanthate,the metabolism of estradiol dienanthate can be decreased when combined with peginterferon alfa-2a.
db00008,peginterferon alfa-2a,estradiol valerate,the metabolism of estradiol valerate can be decreased when combined with peginterferon alfa-2a.
db00008,peginterferon alfa-2a,istradefylline,the metabolism of istradefylline can be decreased when combined with peginterferon alfa-2a.
db00008,peginterferon alfa-2a,azelastine,the metabolism of azelastine can be decreased when combined with peginterferon alfa-2a.
db00008,peginterferon alfa-2a,efavirenz,the metabolism of efavirenz can be decreased when combined with peginterferon alfa-2a.
db00008,peginterferon alfa-2a,metoclopramide,the metabolism of metoclopramide can be decreased when combined with peginterferon alfa-2a.
db00008,peginterferon alfa-2a,bicifadine,the metabolism of bicifadine can be decreased when combined with peginterferon alfa-2a.
db00008,peginterferon alfa-2a,gts-21,the metabolism of gts-21 can be decreased when combined with peginterferon alfa-2a.
db00008,peginterferon alfa-2a,flecainide,the metabolism of flecainide can be decreased when combined with peginterferon alfa-2a.
db00008,peginterferon alfa-2a,ethinylestradiol,the metabolism of ethinylestradiol can be decreased when combined with peginterferon alfa-2a.
db00008,peginterferon alfa-2a,amitriptyline,the metabolism of amitriptyline can be decreased when combined with peginterferon alfa-2a.
db00008,peginterferon alfa-2a,doxepin,the metabolism of doxepin can be decreased when combined with peginterferon alfa-2a.
db00008,peginterferon alfa-2a,mephenytoin,the metabolism of mephenytoin can be decreased when combined with peginterferon alfa-2a.
db00008,peginterferon alfa-2a,cyclobenzaprine,the metabolism of cyclobenzaprine can be decreased when combined with peginterferon alfa-2a.
db00008,peginterferon alfa-2a,selumetinib,the metabolism of selumetinib can be decreased when combined with peginterferon alfa-2a.
db00008,peginterferon alfa-2a,penciclovir,the metabolism of penciclovir can be decreased when combined with peginterferon alfa-2a.
db00008,peginterferon alfa-2a,fenfluramine,the metabolism of fenfluramine can be decreased when combined with peginterferon alfa-2a.
db00008,peginterferon alfa-2a,mefenamic acid,the metabolism of mefenamic acid can be decreased when combined with peginterferon alfa-2a.
db00008,peginterferon alfa-2a,ondansetron,the metabolism of ondansetron can be decreased when combined with peginterferon alfa-2a.
db00008,peginterferon alfa-2a,methylene blue,the metabolism of methylene blue can be decreased when combined with peginterferon alfa-2a.
db00008,peginterferon alfa-2a,benzocaine,the risk or severity of methemoglobinemia can be increased when peginterferon alfa-2a is combined with benzocaine.
db00008,peginterferon alfa-2a,tamoxifen,the metabolism of tamoxifen can be decreased when combined with peginterferon alfa-2a.
db00008,peginterferon alfa-2a,theophylline,the metabolism of theophylline can be decreased when combined with peginterferon alfa-2a.
db00008,peginterferon alfa-2a,warfarin,the metabolism of warfarin can be decreased when combined with peginterferon alfa-2a.
db00008,peginterferon alfa-2a,tizanidine,the metabolism of tizanidine can be decreased when combined with peginterferon alfa-2a.
db00008,peginterferon alfa-2a,pimozide,the metabolism of pimozide can be decreased when combined with peginterferon alfa-2a.
db00008,peginterferon alfa-2a,aminophylline,the metabolism of aminophylline can be decreased when combined with peginterferon alfa-2a.
db00008,peginterferon alfa-2a,acenocoumarol,the metabolism of acenocoumarol can be decreased when combined with peginterferon alfa-2a.
db00008,peginterferon alfa-2a,anagrelide,the metabolism of anagrelide can be decreased when combined with peginterferon alfa-2a.
db00008,peginterferon alfa-2a,erlotinib,the metabolism of erlotinib can be decreased when combined with peginterferon alfa-2a.
db00008,peginterferon alfa-2a,axitinib,the metabolism of axitinib can be decreased when combined with peginterferon alfa-2a.
db00008,peginterferon alfa-2a,tegafur,the metabolism of tegafur can be decreased when combined with peginterferon alfa-2a.
db00008,peginterferon alfa-2a,enasidenib,the metabolism of enasidenib can be decreased when combined with peginterferon alfa-2a.
db00008,peginterferon alfa-2a,imipramine,the metabolism of imipramine can be decreased when combined with peginterferon alfa-2a.
db00008,peginterferon alfa-2a,clonidine,the metabolism of clonidine can be decreased when combined with peginterferon alfa-2a.
db00008,peginterferon alfa-2a,clomipramine,the metabolism of clomipramine can be decreased when combined with peginterferon alfa-2a.
db00008,peginterferon alfa-2a,lepirudin,the risk or severity of bleeding can be increased when lepirudin is combined with peginterferon alfa-2a.
db00008,peginterferon alfa-2a,bivalirudin,the risk or severity of bleeding can be increased when bivalirudin is combined with peginterferon alfa-2a.
db00008,peginterferon alfa-2a,alteplase,the risk or severity of bleeding can be increased when alteplase is combined with peginterferon alfa-2a.
db00008,peginterferon alfa-2a,urokinase,the risk or severity of bleeding can be increased when urokinase is combined with peginterferon alfa-2a.
db00008,peginterferon alfa-2a,reteplase,the risk or severity of bleeding can be increased when reteplase is combined with peginterferon alfa-2a.
db00008,peginterferon alfa-2a,anistreplase,the risk or severity of bleeding can be increased when anistreplase is combined with peginterferon alfa-2a.
db00008,peginterferon alfa-2a,tenecteplase,the risk or severity of bleeding can be increased when tenecteplase is combined with peginterferon alfa-2a.
db00008,peginterferon alfa-2a,drotrecogin alfa,the risk or severity of bleeding can be increased when drotrecogin alfa is combined with peginterferon alfa-2a.
db00008,peginterferon alfa-2a,streptokinase,the risk or severity of bleeding can be increased when streptokinase is combined with peginterferon alfa-2a.
db00008,peginterferon alfa-2a,dicoumarol,the risk or severity of bleeding can be increased when dicoumarol is combined with peginterferon alfa-2a.
db00008,peginterferon alfa-2a,argatroban,the risk or severity of bleeding can be increased when argatroban is combined with peginterferon alfa-2a.
db00008,peginterferon alfa-2a,ardeparin,the risk or severity of bleeding can be increased when ardeparin is combined with peginterferon alfa-2a.
db00008,peginterferon alfa-2a,phenindione,the risk or severity of bleeding can be increased when phenindione is combined with peginterferon alfa-2a.
db00008,peginterferon alfa-2a,fondaparinux,the risk or severity of bleeding can be increased when fondaparinux is combined with peginterferon alfa-2a.
db00008,peginterferon alfa-2a,pentosan polysulfate,the risk or severity of bleeding can be increased when pentosan polysulfate is combined with peginterferon alfa-2a.
db00008,peginterferon alfa-2a,phenprocoumon,the risk or severity of bleeding can be increased when phenprocoumon is combined with peginterferon alfa-2a.
db00008,peginterferon alfa-2a,heparin,the risk or severity of bleeding can be increased when heparin is combined with peginterferon alfa-2a.
db00008,peginterferon alfa-2a,enoxaparin,the risk or severity of bleeding can be increased when enoxaparin is combined with peginterferon alfa-2a.
db00008,peginterferon alfa-2a,4-hydroxycoumarin,the risk or severity of bleeding can be increased when 4-hydroxycoumarin is combined with peginterferon alfa-2a.
db00008,peginterferon alfa-2a,coumarin,the risk or severity of bleeding can be increased when coumarin is combined with peginterferon alfa-2a.
db00008,peginterferon alfa-2a,ximelagatran,the risk or severity of bleeding can be increased when ximelagatran is combined with peginterferon alfa-2a.
db00008,peginterferon alfa-2a,desmoteplase,the risk or severity of bleeding can be increased when desmoteplase is combined with peginterferon alfa-2a.
db00008,peginterferon alfa-2a,ancrod,the risk or severity of bleeding can be increased when ancrod is combined with peginterferon alfa-2a.
db00008,peginterferon alfa-2a,rivaroxaban,the risk or severity of bleeding can be increased when rivaroxaban is combined with peginterferon alfa-2a.
db00008,peginterferon alfa-2a,sulodexide,the risk or severity of bleeding can be increased when sulodexide is combined with peginterferon alfa-2a.
db00008,peginterferon alfa-2a,semuloparin,the risk or severity of bleeding can be increased when semuloparin is combined with peginterferon alfa-2a.
db00008,peginterferon alfa-2a,idraparinux,the risk or severity of bleeding can be increased when idraparinux is combined with peginterferon alfa-2a.
db00008,peginterferon alfa-2a,astaxanthin,the risk or severity of bleeding can be increased when astaxanthin is combined with peginterferon alfa-2a.
db00008,peginterferon alfa-2a,apixaban,the risk or severity of bleeding can be increased when apixaban is combined with peginterferon alfa-2a.
db00008,peginterferon alfa-2a,otamixaban,the risk or severity of bleeding can be increased when otamixaban is combined with peginterferon alfa-2a.
db00008,peginterferon alfa-2a,amediplase,the risk or severity of bleeding can be increased when amediplase is combined with peginterferon alfa-2a.
db00008,peginterferon alfa-2a,dabigatran etexilate,the risk or severity of bleeding can be increased when dabigatran etexilate is combined with peginterferon alfa-2a.
db00008,peginterferon alfa-2a,danaparoid,the risk or severity of bleeding can be increased when danaparoid is combined with peginterferon alfa-2a.
db00008,peginterferon alfa-2a,dalteparin,the risk or severity of bleeding can be increased when dalteparin is combined with peginterferon alfa-2a.
db00008,peginterferon alfa-2a,tinzaparin,the risk or severity of bleeding can be increased when tinzaparin is combined with peginterferon alfa-2a.
db00008,peginterferon alfa-2a,ethyl biscoumacetate,the risk or severity of bleeding can be increased when ethyl biscoumacetate is combined with peginterferon alfa-2a.
db00008,peginterferon alfa-2a,nadroparin,the risk or severity of bleeding can be increased when nadroparin is combined with peginterferon alfa-2a.
db00008,peginterferon alfa-2a,ditazole,the risk or severity of bleeding can be increased when ditazole is combined with peginterferon alfa-2a.
db00008,peginterferon alfa-2a,edoxaban,the risk or severity of bleeding can be increased when edoxaban is combined with peginterferon alfa-2a.
db00008,peginterferon alfa-2a,sodium citrate,the risk or severity of bleeding can be increased when sodium citrate is combined with peginterferon alfa-2a.
db00008,peginterferon alfa-2a,dextran,the risk or severity of bleeding can be increased when dextran is combined with peginterferon alfa-2a.
db00008,peginterferon alfa-2a,bemiparin,the risk or severity of bleeding can be increased when bemiparin is combined with peginterferon alfa-2a.
db00008,peginterferon alfa-2a,parnaparin,the risk or severity of bleeding can be increased when parnaparin is combined with peginterferon alfa-2a.
db00008,peginterferon alfa-2a,desirudin,the risk or severity of bleeding can be increased when desirudin is combined with peginterferon alfa-2a.
db00008,peginterferon alfa-2a,antithrombin alfa,the risk or severity of bleeding can be increased when antithrombin alfa is combined with peginterferon alfa-2a.
db00008,peginterferon alfa-2a,protein c,the risk or severity of bleeding can be increased when protein c is combined with peginterferon alfa-2a.
db00008,peginterferon alfa-2a,antithrombin iii human,the risk or severity of bleeding can be increased when antithrombin iii human is combined with peginterferon alfa-2a.
db00008,peginterferon alfa-2a,letaxaban,the risk or severity of bleeding can be increased when letaxaban is combined with peginterferon alfa-2a.
db00008,peginterferon alfa-2a,darexaban,the risk or severity of bleeding can be increased when darexaban is combined with peginterferon alfa-2a.
db00008,peginterferon alfa-2a,betrixaban,the risk or severity of bleeding can be increased when betrixaban is combined with peginterferon alfa-2a.
db00008,peginterferon alfa-2a,nafamostat,the risk or severity of bleeding can be increased when nafamostat is combined with peginterferon alfa-2a.
db00008,peginterferon alfa-2a,monteplase,the risk or severity of bleeding can be increased when monteplase is combined with peginterferon alfa-2a.
db00008,peginterferon alfa-2a,gabexate,the risk or severity of bleeding can be increased when gabexate is combined with peginterferon alfa-2a.
db00008,peginterferon alfa-2a,fluindione,the risk or severity of bleeding can be increased when fluindione is combined with peginterferon alfa-2a.
db00008,peginterferon alfa-2a,protein s human,the risk or severity of bleeding can be increased when protein s human is combined with peginterferon alfa-2a.
db00008,peginterferon alfa-2a,brinase,the risk or severity of bleeding can be increased when brinase is combined with peginterferon alfa-2a.
db00008,peginterferon alfa-2a,clorindione,the risk or severity of bleeding can be increased when clorindione is combined with peginterferon alfa-2a.
db00008,peginterferon alfa-2a,diphenadione,the risk or severity of bleeding can be increased when diphenadione is combined with peginterferon alfa-2a.
db00008,peginterferon alfa-2a,tioclomarol,the risk or severity of bleeding can be increased when tioclomarol is combined with peginterferon alfa-2a.
db00008,peginterferon alfa-2a,melagatran,the risk or severity of bleeding can be increased when melagatran is combined with peginterferon alfa-2a.
db00008,peginterferon alfa-2a,saruplase,the risk or severity of bleeding can be increased when saruplase is combined with peginterferon alfa-2a.
db00008,peginterferon alfa-2a,(s)-warfarin,the risk or severity of bleeding can be increased when (s)-warfarin is combined with peginterferon alfa-2a.
db00008,peginterferon alfa-2a,tocopherylquinone,the risk or severity of bleeding can be increased when tocopherylquinone is combined with peginterferon alfa-2a.
db00008,peginterferon alfa-2a,dabigatran,the risk or severity of bleeding can be increased when dabigatran is combined with peginterferon alfa-2a.
db00008,peginterferon alfa-2a,troxerutin,the risk or severity of bleeding can be increased when troxerutin is combined with peginterferon alfa-2a.
db00008,peginterferon alfa-2a,edetic acid,the risk or severity of bleeding can be increased when edetic acid is combined with peginterferon alfa-2a.
db00008,peginterferon alfa-2a,reviparin,the risk or severity of bleeding can be increased when reviparin is combined with peginterferon alfa-2a.
db00008,peginterferon alfa-2a,dermatan sulfate,the risk or severity of bleeding can be increased when dermatan sulfate is combined with peginterferon alfa-2a.
db00008,peginterferon alfa-2a,sr-123781a,the risk or severity of bleeding can be increased when sr-123781a is combined with peginterferon alfa-2a.
db00008,peginterferon alfa-2a,methyclothiazide,the risk or severity of neutropenia and thrombocytopenia can be increased when methyclothiazide is combined with peginterferon alfa-2a.
db00008,peginterferon alfa-2a,bendroflumethiazide,the risk or severity of neutropenia and thrombocytopenia can be increased when bendroflumethiazide is combined with peginterferon alfa-2a.
db00008,peginterferon alfa-2a,benzthiazide,the risk or severity of neutropenia and thrombocytopenia can be increased when benzthiazide is combined with peginterferon alfa-2a.
db00008,peginterferon alfa-2a,cyclothiazide,the risk or severity of neutropenia and thrombocytopenia can be increased when cyclothiazide is combined with peginterferon alfa-2a.
db00008,peginterferon alfa-2a,hydroflumethiazide,the risk or severity of neutropenia and thrombocytopenia can be increased when hydroflumethiazide is combined with peginterferon alfa-2a.
db00008,peginterferon alfa-2a,chlorothiazide,the risk or severity of neutropenia and thrombocytopenia can be increased when chlorothiazide is combined with peginterferon alfa-2a.
db00008,peginterferon alfa-2a,hydrochlorothiazide,the risk or severity of neutropenia and thrombocytopenia can be increased when hydrochlorothiazide is combined with peginterferon alfa-2a.
db00008,peginterferon alfa-2a,trichlormethiazide,the risk or severity of neutropenia and thrombocytopenia can be increased when trichlormethiazide is combined with peginterferon alfa-2a.
db00008,peginterferon alfa-2a,polythiazide,the risk or severity of neutropenia and thrombocytopenia can be increased when polythiazide is combined with peginterferon alfa-2a.
db00008,peginterferon alfa-2a,mebutizide,the risk or severity of neutropenia and thrombocytopenia can be increased when mebutizide is combined with peginterferon alfa-2a.
db00008,peginterferon alfa-2a,cyclopenthiazide,the risk or severity of neutropenia and thrombocytopenia can be increased when cyclopenthiazide is combined with peginterferon alfa-2a.
db00008,peginterferon alfa-2a,buthiazide,the risk or severity of neutropenia and thrombocytopenia can be increased when buthiazide is combined with peginterferon alfa-2a.
db00008,peginterferon alfa-2a,tedizolid phosphate,the risk or severity of myelosuppression can be increased when peginterferon alfa-2a is combined with tedizolid phosphate.
db00008,peginterferon alfa-2a,cyclosporine,peginterferon alfa-2a may increase the immunosuppressive activities of cyclosporine.
db00008,peginterferon alfa-2a,ropinirole,the risk or severity of adverse effects can be increased when peginterferon alfa-2a is combined with ropinirole.
db00008,peginterferon alfa-2a,cyanocobalamin,the therapeutic efficacy of cyanocobalamin can be decreased when used in combination with peginterferon alfa-2a.
db00008,peginterferon alfa-2a,allopurinol,the risk or severity of adverse effects can be increased when allopurinol is combined with peginterferon alfa-2a.
db00008,peginterferon alfa-2a,pexidartinib,peginterferon alfa-2a may increase the hepatotoxic activities of pexidartinib.
db00008,peginterferon alfa-2a,magnesium,the serum concentration of magnesium can be decreased when it is combined with peginterferon alfa-2a.
db00008,peginterferon alfa-2a,lopinavir,the serum concentration of peginterferon alfa-2a can be increased when it is combined with lopinavir.
db00008,peginterferon alfa-2a,inebilizumab,the risk or severity of infection can be increased when peginterferon alfa-2a is combined with inebilizumab.
db00008,peginterferon alfa-2a,flupentixol,the risk or severity of myelosuppression can be increased when flupentixol is combined with peginterferon alfa-2a.
db00008,peginterferon alfa-2a,bacillus calmette-guerin substrain russian bcg-i live antigen,the therapeutic efficacy of bacillus calmette-guerin substrain russian bcg-i live antigen can be decreased when used in combination with peginterferon alfa-2a.
db00008,peginterferon alfa-2a,peginesatide,the risk or severity of thrombosis can be increased when peginesatide is combined with peginterferon alfa-2a.
db00008,peginterferon alfa-2a,methoxy polyethylene glycol-epoetin beta,the risk or severity of thrombosis can be increased when methoxy polyethylene glycol-epoetin beta is combined with peginterferon alfa-2a.
db00008,peginterferon alfa-2a,darbepoetin alfa,the risk or severity of thrombosis can be increased when darbepoetin alfa is combined with peginterferon alfa-2a.
db00008,peginterferon alfa-2a,erythropoietin,the risk or severity of thrombosis can be increased when erythropoietin is combined with peginterferon alfa-2a.
db00008,peginterferon alfa-2a,fexinidazole,the metabolism of fexinidazole can be decreased when combined with peginterferon alfa-2a.
db00008,peginterferon alfa-2a,allogeneic processed thymus tissue,the therapeutic efficacy of allogeneic processed thymus tissue can be decreased when used in combination with peginterferon alfa-2a.
db00008,peginterferon alfa-2a,"tick-borne encephalitis vaccine (whole virus, inactivated)","the therapeutic efficacy of tick-borne encephalitis vaccine (whole virus, inactivated) can be decreased when used in combination with peginterferon alfa-2a."
db00008,peginterferon alfa-2a,ropeginterferon alfa-2b,the risk or severity of adverse effects can be increased when peginterferon alfa-2a is combined with ropeginterferon alfa-2b.
db00008,peginterferon alfa-2a,nuvaxovid,the therapeutic efficacy of nuvaxovid can be decreased when used in combination with peginterferon alfa-2a.
db00008,peginterferon alfa-2a,mumps virus strain b level jeryl lynn live antigen,the therapeutic efficacy of mumps virus strain b level jeryl lynn live antigen can be decreased when used in combination with peginterferon alfa-2a.
db00008,peginterferon alfa-2a,"bordetella pertussis toxoid antigen (formaldehyde, glutaraldehyde inactivated)","the therapeutic efficacy of bordetella pertussis toxoid antigen (formaldehyde, glutaraldehyde inactivated) can be decreased when used in combination with peginterferon alfa-2a."
db00008,peginterferon alfa-2a,astrazeneca covid-19 vaccine,the therapeutic efficacy of astrazeneca covid-19 vaccine can be decreased when used in combination with peginterferon alfa-2a.
db00008,peginterferon alfa-2a,rurioctocog alfa pegol,the therapeutic efficacy of rurioctocog alfa pegol can be decreased when used in combination with peginterferon alfa-2a.
db00008,peginterferon alfa-2a,mosunetuzumab,the risk or severity of adverse effects can be increased when peginterferon alfa-2a is combined with mosunetuzumab.
db00008,peginterferon alfa-2a,janssen covid-19 vaccine,the therapeutic efficacy of janssen covid-19 vaccine can be decreased when used in combination with peginterferon alfa-2a.
db00008,peginterferon alfa-2a,spesolimab,the risk or severity of adverse effects can be increased when peginterferon alfa-2a is combined with spesolimab.
db00008,peginterferon alfa-2a,deucravacitinib,the risk or severity of adverse effects can be increased when peginterferon alfa-2a is combined with deucravacitinib.
db00008,peginterferon alfa-2a,ofatumumab,the risk or severity of adverse effects can be increased when peginterferon alfa-2a is combined with ofatumumab.
db00008,peginterferon alfa-2a,teprotumumab,the risk or severity of adverse effects can be increased when peginterferon alfa-2a is combined with teprotumumab.
db00008,peginterferon alfa-2a,anifrolumab,the risk or severity of adverse effects can be increased when peginterferon alfa-2a is combined with anifrolumab.
db00008,peginterferon alfa-2a,bimekizumab,the risk or severity of adverse effects can be increased when peginterferon alfa-2a is combined with bimekizumab.
db00008,peginterferon alfa-2a,diroximel fumarate,the risk or severity of adverse effects can be increased when peginterferon alfa-2a is combined with diroximel fumarate.
db00008,peginterferon alfa-2a,filgotinib,the risk or severity of adverse effects can be increased when peginterferon alfa-2a is combined with filgotinib.
db00008,peginterferon alfa-2a,satralizumab,the risk or severity of adverse effects can be increased when peginterferon alfa-2a is combined with satralizumab.
db00008,peginterferon alfa-2a,pegcetacoplan,the risk or severity of adverse effects can be increased when peginterferon alfa-2a is combined with pegcetacoplan.
db00008,peginterferon alfa-2a,belumosudil,the risk or severity of adverse effects can be increased when peginterferon alfa-2a is combined with belumosudil.
db00008,peginterferon alfa-2a,valoctocogene roxaparvovec,the therapeutic efficacy of valoctocogene roxaparvovec can be decreased when used in combination with peginterferon alfa-2a.
db00008,peginterferon alfa-2a,bupivacaine,the risk or severity of methemoglobinemia can be increased when peginterferon alfa-2a is combined with bupivacaine.
db00008,peginterferon alfa-2a,cinchocaine,the risk or severity of methemoglobinemia can be increased when peginterferon alfa-2a is combined with cinchocaine.
db00008,peginterferon alfa-2a,dyclonine,the risk or severity of methemoglobinemia can be increased when peginterferon alfa-2a is combined with dyclonine.
db00008,peginterferon alfa-2a,procaine,the risk or severity of methemoglobinemia can be increased when peginterferon alfa-2a is combined with procaine.
db00008,peginterferon alfa-2a,prilocaine,the risk or severity of methemoglobinemia can be increased when peginterferon alfa-2a is combined with prilocaine.
db00008,peginterferon alfa-2a,proparacaine,the risk or severity of methemoglobinemia can be increased when peginterferon alfa-2a is combined with proparacaine.
db00008,peginterferon alfa-2a,meloxicam,the risk or severity of methemoglobinemia can be increased when peginterferon alfa-2a is combined with meloxicam.
db00008,peginterferon alfa-2a,oxybuprocaine,the risk or severity of methemoglobinemia can be increased when peginterferon alfa-2a is combined with oxybuprocaine.
db00008,peginterferon alfa-2a,cocaine,the risk or severity of methemoglobinemia can be increased when peginterferon alfa-2a is combined with cocaine.
db00008,peginterferon alfa-2a,mepivacaine,the risk or severity of methemoglobinemia can be increased when peginterferon alfa-2a is combined with mepivacaine.
db00008,peginterferon alfa-2a,diphenhydramine,the risk or severity of methemoglobinemia can be increased when peginterferon alfa-2a is combined with diphenhydramine.
db00008,peginterferon alfa-2a,chloroprocaine,the risk or severity of methemoglobinemia can be increased when peginterferon alfa-2a is combined with chloroprocaine.
db00008,peginterferon alfa-2a,phenol,the risk or severity of methemoglobinemia can be increased when peginterferon alfa-2a is combined with phenol.
db00008,peginterferon alfa-2a,tetrodotoxin,the risk or severity of methemoglobinemia can be increased when peginterferon alfa-2a is combined with tetrodotoxin.
db00008,peginterferon alfa-2a,etidocaine,the risk or severity of methemoglobinemia can be increased when peginterferon alfa-2a is combined with etidocaine.
db00008,peginterferon alfa-2a,articaine,the risk or severity of methemoglobinemia can be increased when peginterferon alfa-2a is combined with articaine.
db00008,peginterferon alfa-2a,tetracaine,the risk or severity of methemoglobinemia can be increased when peginterferon alfa-2a is combined with tetracaine.
db00008,peginterferon alfa-2a,propoxycaine,the risk or severity of methemoglobinemia can be increased when peginterferon alfa-2a is combined with propoxycaine.
db00008,peginterferon alfa-2a,pramocaine,the risk or severity of methemoglobinemia can be increased when peginterferon alfa-2a is combined with pramocaine.
db00008,peginterferon alfa-2a,butamben,the risk or severity of methemoglobinemia can be increased when peginterferon alfa-2a is combined with butamben.
db00008,peginterferon alfa-2a,butacaine,the risk or severity of methemoglobinemia can be increased when peginterferon alfa-2a is combined with butacaine.
db00008,peginterferon alfa-2a,oxetacaine,the risk or severity of methemoglobinemia can be increased when peginterferon alfa-2a is combined with oxetacaine.
db00008,peginterferon alfa-2a,ethyl chloride,the risk or severity of methemoglobinemia can be increased when peginterferon alfa-2a is combined with ethyl chloride.
db00008,peginterferon alfa-2a,butanilicaine,the risk or severity of methemoglobinemia can be increased when peginterferon alfa-2a is combined with butanilicaine.
db00008,peginterferon alfa-2a,metabutethamine,the risk or severity of methemoglobinemia can be increased when peginterferon alfa-2a is combined with metabutethamine.
db00008,peginterferon alfa-2a,quinisocaine,the risk or severity of methemoglobinemia can be increased when peginterferon alfa-2a is combined with quinisocaine.
db00008,peginterferon alfa-2a,"meningococcal (groups a, c, y and w-135) oligosaccharide diphtheria crm197 conjugate vaccine","the therapeutic efficacy of meningococcal (groups a, c, y and w-135) oligosaccharide diphtheria crm197 conjugate vaccine can be decreased when used in combination with peginterferon alfa-2a."
db00008,peginterferon alfa-2a,famtozinameran,the therapeutic efficacy of famtozinameran can be decreased when used in combination with peginterferon alfa-2a.
db00008,peginterferon alfa-2a,ublituximab,the risk or severity of infection can be increased when ublituximab is combined with peginterferon alfa-2a.
db00008,peginterferon alfa-2a,sutimlimab,the risk or severity of adverse effects can be increased when peginterferon alfa-2a is combined with sutimlimab.
db00008,peginterferon alfa-2a,pirtobrutinib,the risk or severity of adverse effects can be increased when peginterferon alfa-2a is combined with pirtobrutinib.
db00008,peginterferon alfa-2a,avacopan,the risk or severity of adverse effects can be increased when peginterferon alfa-2a is combined with avacopan.
db00008,peginterferon alfa-2a,efgartigimod alfa,the risk or severity of adverse effects can be increased when peginterferon alfa-2a is combined with efgartigimod alfa.
db00008,peginterferon alfa-2a,ambroxol,the risk or severity of methemoglobinemia can be increased when peginterferon alfa-2a is combined with ambroxol.
db00008,peginterferon alfa-2a,"respiratory syncytial virus vaccine, adjuvanted",the therapeutic efficacy of gsk-3844766a can be decreased when used in combination with peginterferon alfa-2a.
db00008,peginterferon alfa-2a,fezolinetant,the serum concentration of fezolinetant can be increased when it is combined with peginterferon alfa-2a.
db00008,peginterferon alfa-2a,ritlecitinib,the risk or severity of adverse effects can be increased when peginterferon alfa-2a is combined with ritlecitinib.
db00008,peginterferon alfa-2a,lomifylline,the metabolism of lomifylline can be decreased when combined with peginterferon alfa-2a.
db00008,peginterferon alfa-2a,etrasimod,the risk or severity of immunosuppression can be increased when peginterferon alfa-2a is combined with etrasimod.
db00008,peginterferon alfa-2a,"chikungunya vaccine (live, attenuated)","the risk or severity of infection can be increased when chikungunya vaccine (live, attenuated) is combined with peginterferon alfa-2a."
db00008,peginterferon alfa-2a,sars-cov-2 virus recombinant spike (s) protein receptor binding domain (rbd) fusion heterodimer (b.1.351-b.1.1.7 strains),the therapeutic efficacy of sars-cov-2 virus recombinant spike (s) protein receptor binding domain (rbd) fusion heterodimer (b.1.351-b.1.1.7 strains) can be decreased when used in combination with peginterferon alfa-2a.
db00008,peginterferon alfa-2a,mirikizumab,the risk or severity of adverse effects can be increased when peginterferon alfa-2a is combined with mirikizumab.
db00008,peginterferon alfa-2a,danicopan,the risk or severity of adverse effects can be increased when peginterferon alfa-2a is combined with danicopan.
db00008,peginterferon alfa-2a,zilucoplan,the risk or severity of adverse effects can be increased when peginterferon alfa-2a is combined with zilucoplan.
db00008,peginterferon alfa-2a,iptacopan,the risk or severity of adverse effects can be increased when peginterferon alfa-2a is combined with iptacopan.
db00008,peginterferon alfa-2a,limaprost,the risk or severity of bleeding can be increased when limaprost is combined with peginterferon alfa-2a.
db00008,peginterferon alfa-2a,crovalimab,the risk or severity of adverse effects can be increased when peginterferon alfa-2a is combined with crovalimab.
db00008,peginterferon alfa-2a,vorasidenib,the metabolism of vorasidenib can be decreased when combined with peginterferon alfa-2a.
db00009,alteplase,apixaban,apixaban may increase the anticoagulant activities of alteplase.
db00009,alteplase,dabigatran etexilate,dabigatran etexilate may increase the anticoagulant activities of alteplase.
db00009,alteplase,dasatinib,the risk or severity of bleeding and hemorrhage can be increased when dasatinib is combined with alteplase.
db00009,alteplase,deferasirox,the risk or severity of gastrointestinal bleeding can be increased when alteplase is combined with deferasirox.
db00009,alteplase,ursodeoxycholic acid,the risk or severity of bleeding and bruising can be increased when alteplase is combined with ursodeoxycholic acid.
db00009,alteplase,glycochenodeoxycholic acid,the risk or severity of bleeding and bruising can be increased when alteplase is combined with glycochenodeoxycholic acid.
db00009,alteplase,cholic acid,the risk or severity of bleeding and bruising can be increased when alteplase is combined with cholic acid.
db00009,alteplase,glycocholic acid,the risk or severity of bleeding and bruising can be increased when alteplase is combined with glycocholic acid.
db00009,alteplase,deoxycholic acid,the risk or severity of bleeding and bruising can be increased when alteplase is combined with deoxycholic acid.
db00009,alteplase,taurocholic acid,the risk or severity of bleeding and bruising can be increased when alteplase is combined with taurocholic acid.
db00009,alteplase,obeticholic acid,the risk or severity of bleeding and bruising can be increased when alteplase is combined with obeticholic acid.
db00009,alteplase,chenodeoxycholic acid,the risk or severity of bleeding and bruising can be increased when alteplase is combined with chenodeoxycholic acid.
db00009,alteplase,taurochenodeoxycholic acid,the risk or severity of bleeding and bruising can be increased when alteplase is combined with taurochenodeoxycholic acid.
db00009,alteplase,tauroursodeoxycholic acid,the risk or severity of bleeding and bruising can be increased when alteplase is combined with tauroursodeoxycholic acid.
db00009,alteplase,bamet-ud2,the risk or severity of bleeding and bruising can be increased when alteplase is combined with bamet-ud2.
db00009,alteplase,dehydrocholic acid,the risk or severity of bleeding and bruising can be increased when alteplase is combined with dehydrocholic acid.
db00009,alteplase,hyodeoxycholic acid,the risk or severity of bleeding and bruising can be increased when alteplase is combined with hyodeoxycholic acid.
db00009,alteplase,edoxaban,the risk or severity of bleeding can be increased when edoxaban is combined with alteplase.
db00009,alteplase,ibrutinib,the risk or severity of bleeding and hemorrhage can be increased when ibrutinib is combined with alteplase.
db00009,alteplase,obinutuzumab,the risk or severity of bleeding and hemorrhage can be increased when alteplase is combined with obinutuzumab.
db00009,alteplase,rivaroxaban,alteplase may increase the anticoagulant activities of rivaroxaban.
db00009,alteplase,sugammadex,the risk or severity of bleeding and hemorrhage can be increased when alteplase is combined with sugammadex.
db00009,alteplase,tibolone,tibolone may increase the anticoagulant activities of alteplase.
db00009,alteplase,tipranavir,the risk or severity of bleeding and hemorrhage can be increased when tipranavir is combined with alteplase.
db00009,alteplase,urokinase,urokinase may increase the anticoagulant activities of alteplase.
db00009,alteplase,vitamin e,vitamin e may increase the anticoagulant activities of alteplase.
db00009,alteplase,vorapaxar,the risk or severity of bleeding and hemorrhage can be increased when vorapaxar is combined with alteplase.
db00009,alteplase,aprotinin,the therapeutic efficacy of alteplase can be decreased when used in combination with aprotinin.
db00009,alteplase,nitroglycerin,the serum concentration of alteplase can be decreased when it is combined with nitroglycerin.
db00009,alteplase,ginkgo biloba,ginkgo biloba may increase the anticoagulant activities of alteplase.
db00009,alteplase,ifosfamide,the risk or severity of bleeding can be increased when ifosfamide is combined with alteplase.
db00009,alteplase,quinine,the therapeutic efficacy of alteplase can be increased when used in combination with quinine.
db00009,alteplase,quinidine,the therapeutic efficacy of alteplase can be increased when used in combination with quinidine.
db00009,alteplase,tamoxifen,the risk or severity of bleeding can be increased when tamoxifen is combined with alteplase.
db00009,alteplase,toremifene,the risk or severity of bleeding can be increased when toremifene is combined with alteplase.
db00009,alteplase,pentoxifylline,the therapeutic efficacy of alteplase can be increased when used in combination with pentoxifylline.
db00009,alteplase,pentosan polysulfate,pentosan polysulfate may increase the anticoagulant activities of alteplase.
db00009,alteplase,levocarnitine,the therapeutic efficacy of alteplase can be increased when used in combination with levocarnitine.
db00009,alteplase,diethylstilbestrol,diethylstilbestrol may decrease the anticoagulant activities of alteplase.
db00009,alteplase,chlorotrianisene,chlorotrianisene may decrease the anticoagulant activities of alteplase.
db00009,alteplase,conjugated estrogens,conjugated estrogens may decrease the anticoagulant activities of alteplase.
db00009,alteplase,mestranol,the risk or severity of adverse effects can be increased when mestranol is combined with alteplase.
db00009,alteplase,estrone sulfate,estrone sulfate may decrease the anticoagulant activities of alteplase.
db00009,alteplase,quinestrol,quinestrol may decrease the anticoagulant activities of alteplase.
db00009,alteplase,hexestrol,hexestrol may decrease the anticoagulant activities of alteplase.
db00009,alteplase,"synthetic conjugated estrogens, a","synthetic conjugated estrogens, a may decrease the anticoagulant activities of alteplase."
db00009,alteplase,"synthetic conjugated estrogens, b","synthetic conjugated estrogens, b may decrease the anticoagulant activities of alteplase."
db00009,alteplase,polyestradiol phosphate,polyestradiol phosphate may decrease the anticoagulant activities of alteplase.
db00009,alteplase,esterified estrogens,esterified estrogens may decrease the anticoagulant activities of alteplase.
db00009,alteplase,zeranol,zeranol may decrease the anticoagulant activities of alteplase.
db00009,alteplase,equol,equol may decrease the anticoagulant activities of alteplase.
db00009,alteplase,methallenestril,methallenestril may decrease the anticoagulant activities of alteplase.
db00009,alteplase,epimestrol,epimestrol may decrease the anticoagulant activities of alteplase.
db00009,alteplase,moxestrol,moxestrol may decrease the anticoagulant activities of alteplase.
db00009,alteplase,estradiol acetate,estradiol acetate may decrease the anticoagulant activities of alteplase.
db00009,alteplase,estradiol benzoate,estradiol benzoate may decrease the anticoagulant activities of alteplase.
db00009,alteplase,estradiol cypionate,estradiol cypionate may decrease the anticoagulant activities of alteplase.
db00009,alteplase,estradiol valerate,estradiol valerate may decrease the anticoagulant activities of alteplase.
db00009,alteplase,biochanin a,biochanin a may decrease the anticoagulant activities of alteplase.
db00009,alteplase,formononetin,formononetin may decrease the anticoagulant activities of alteplase.
db00009,alteplase,estriol,estriol may decrease the anticoagulant activities of alteplase.
db00009,alteplase,icosapent,the risk or severity of bleeding and hemorrhage can be increased when icosapent is combined with alteplase.
db00009,alteplase,mesalazine,the risk or severity of bleeding can be increased when mesalazine is combined with alteplase.
db00009,alteplase,indomethacin,the risk or severity of bleeding and hemorrhage can be increased when indomethacin is combined with alteplase.
db00009,alteplase,nabumetone,the risk or severity of bleeding and hemorrhage can be increased when nabumetone is combined with alteplase.
db00009,alteplase,ketorolac,the risk or severity of bleeding and hemorrhage can be increased when ketorolac is combined with alteplase.
db00009,alteplase,tenoxicam,the risk or severity of bleeding and hemorrhage can be increased when tenoxicam is combined with alteplase.
db00009,alteplase,celecoxib,the risk or severity of bleeding and hemorrhage can be increased when celecoxib is combined with alteplase.
db00009,alteplase,tolmetin,the risk or severity of bleeding and hemorrhage can be increased when tolmetin is combined with alteplase.
db00009,alteplase,rofecoxib,the risk or severity of bleeding and hemorrhage can be increased when rofecoxib is combined with alteplase.
db00009,alteplase,piroxicam,the risk or severity of bleeding and hemorrhage can be increased when piroxicam is combined with alteplase.
db00009,alteplase,fenoprofen,the risk or severity of bleeding and hemorrhage can be increased when fenoprofen is combined with alteplase.
db00009,alteplase,valdecoxib,the risk or severity of bleeding and hemorrhage can be increased when valdecoxib is combined with alteplase.
db00009,alteplase,diclofenac,the risk or severity of bleeding and hemorrhage can be increased when diclofenac is combined with alteplase.
db00009,alteplase,sulindac,the risk or severity of bleeding and hemorrhage can be increased when sulindac is combined with alteplase.
db00009,alteplase,flurbiprofen,the risk or severity of bleeding and hemorrhage can be increased when flurbiprofen is combined with alteplase.
db00009,alteplase,etodolac,the risk or severity of bleeding and hemorrhage can be increased when etodolac is combined with alteplase.
db00009,alteplase,mefenamic acid,the risk or severity of bleeding and hemorrhage can be increased when mefenamic acid is combined with alteplase.
db00009,alteplase,naproxen,the risk or severity of bleeding and hemorrhage can be increased when naproxen is combined with alteplase.
db00009,alteplase,sulfasalazine,the risk or severity of bleeding and hemorrhage can be increased when sulfasalazine is combined with alteplase.
db00009,alteplase,phenylbutazone,the risk or severity of bleeding and hemorrhage can be increased when phenylbutazone is combined with alteplase.
db00009,alteplase,meloxicam,the risk or severity of bleeding and hemorrhage can be increased when meloxicam is combined with alteplase.
db00009,alteplase,carprofen,the risk or severity of bleeding and hemorrhage can be increased when carprofen is combined with alteplase.
db00009,alteplase,diflunisal,the risk or severity of bleeding and hemorrhage can be increased when diflunisal is combined with alteplase.
db00009,alteplase,salicylic acid,the risk or severity of bleeding and hemorrhage can be increased when salicylic acid is combined with alteplase.
db00009,alteplase,meclofenamic acid,the risk or severity of bleeding and hemorrhage can be increased when meclofenamic acid is combined with alteplase.
db00009,alteplase,oxaprozin,the risk or severity of bleeding and hemorrhage can be increased when oxaprozin is combined with alteplase.
db00009,alteplase,ketoprofen,the risk or severity of bleeding and hemorrhage can be increased when ketoprofen is combined with alteplase.
db00009,alteplase,balsalazide,the risk or severity of bleeding and hemorrhage can be increased when balsalazide is combined with alteplase.
db00009,alteplase,olsalazine,the risk or severity of bleeding can be increased when olsalazine is combined with alteplase.
db00009,alteplase,lumiracoxib,the risk or severity of bleeding and hemorrhage can be increased when lumiracoxib is combined with alteplase.
db00009,alteplase,magnesium salicylate,the risk or severity of bleeding and hemorrhage can be increased when magnesium salicylate is combined with alteplase.
db00009,alteplase,salsalate,the risk or severity of bleeding and hemorrhage can be increased when salsalate is combined with alteplase.
db00009,alteplase,choline magnesium trisalicylate,the risk or severity of bleeding and hemorrhage can be increased when choline magnesium trisalicylate is combined with alteplase.
db00009,alteplase,antrafenine,the risk or severity of bleeding and hemorrhage can be increased when antrafenine is combined with alteplase.
db00009,alteplase,aminophenazone,the risk or severity of bleeding and hemorrhage can be increased when aminophenazone is combined with alteplase.
db00009,alteplase,antipyrine,the risk or severity of bleeding and hemorrhage can be increased when antipyrine is combined with alteplase.
db00009,alteplase,tiaprofenic acid,the risk or severity of bleeding and hemorrhage can be increased when tiaprofenic acid is combined with alteplase.
db00009,alteplase,etoricoxib,the risk or severity of bleeding and hemorrhage can be increased when etoricoxib is combined with alteplase.
db00009,alteplase,taxifolin,the risk or severity of bleeding and hemorrhage can be increased when taxifolin is combined with alteplase.
db00009,alteplase,oxyphenbutazone,the risk or severity of bleeding and hemorrhage can be increased when oxyphenbutazone is combined with alteplase.
db00009,alteplase,licofelone,the risk or severity of bleeding and hemorrhage can be increased when licofelone is combined with alteplase.
db00009,alteplase,benoxaprofen,the risk or severity of bleeding and hemorrhage can be increased when benoxaprofen is combined with alteplase.
db00009,alteplase,zomepirac,the risk or severity of bleeding and hemorrhage can be increased when zomepirac is combined with alteplase.
db00009,alteplase,cimicoxib,the risk or severity of bleeding and hemorrhage can be increased when cimicoxib is combined with alteplase.
db00009,alteplase,lornoxicam,the risk or severity of bleeding and hemorrhage can be increased when lornoxicam is combined with alteplase.
db00009,alteplase,aceclofenac,the risk or severity of bleeding and hemorrhage can be increased when aceclofenac is combined with alteplase.
db00009,alteplase,zaltoprofen,the risk or severity of bleeding and hemorrhage can be increased when zaltoprofen is combined with alteplase.
db00009,alteplase,azapropazone,the risk or severity of bleeding and hemorrhage can be increased when azapropazone is combined with alteplase.
db00009,alteplase,parecoxib,the risk or severity of bleeding and hemorrhage can be increased when parecoxib is combined with alteplase.
db00009,alteplase,salicylamide,the risk or severity of bleeding and hemorrhage can be increased when salicylamide is combined with alteplase.
db00009,alteplase,kebuzone,the risk or severity of bleeding and hemorrhage can be increased when kebuzone is combined with alteplase.
db00009,alteplase,isoxicam,the risk or severity of bleeding and hemorrhage can be increased when isoxicam is combined with alteplase.
db00009,alteplase,indoprofen,the risk or severity of bleeding and hemorrhage can be increased when indoprofen is combined with alteplase.
db00009,alteplase,ibuproxam,the risk or severity of bleeding and hemorrhage can be increased when ibuproxam is combined with alteplase.
db00009,alteplase,floctafenine,the risk or severity of bleeding and hemorrhage can be increased when floctafenine is combined with alteplase.
db00009,alteplase,fenbufen,the risk or severity of bleeding and hemorrhage can be increased when fenbufen is combined with alteplase.
db00009,alteplase,etofenamate,the risk or severity of bleeding and hemorrhage can be increased when etofenamate is combined with alteplase.
db00009,alteplase,epirizole,the risk or severity of bleeding and hemorrhage can be increased when epirizole is combined with alteplase.
db00009,alteplase,benzydamine,the risk or severity of bleeding and hemorrhage can be increased when benzydamine is combined with alteplase.
db00009,alteplase,dexketoprofen,the risk or severity of bleeding and hemorrhage can be increased when dexketoprofen is combined with alteplase.
db00009,alteplase,droxicam,the risk or severity of bleeding and hemorrhage can be increased when droxicam is combined with alteplase.
db00009,alteplase,tolfenamic acid,the risk or severity of bleeding and hemorrhage can be increased when tolfenamic acid is combined with alteplase.
db00009,alteplase,firocoxib,the risk or severity of bleeding and hemorrhage can be increased when firocoxib is combined with alteplase.
db00009,alteplase,clonixin,the risk or severity of bleeding and hemorrhage can be increased when clonixin is combined with alteplase.
db00009,alteplase,morniflumate,the risk or severity of bleeding and hemorrhage can be increased when morniflumate is combined with alteplase.
db00009,alteplase,propacetamol,the risk or severity of bleeding and hemorrhage can be increased when propacetamol is combined with alteplase.
db00009,alteplase,talniflumate,the risk or severity of bleeding and hemorrhage can be increased when talniflumate is combined with alteplase.
db00009,alteplase,robenacoxib,the risk or severity of bleeding and hemorrhage can be increased when robenacoxib is combined with alteplase.
db00009,alteplase,tepoxalin,the risk or severity of bleeding and hemorrhage can be increased when tepoxalin is combined with alteplase.
db00009,alteplase,flunixin,the risk or severity of bleeding and hemorrhage can be increased when flunixin is combined with alteplase.
db00009,alteplase,polmacoxib,the risk or severity of bleeding and hemorrhage can be increased when polmacoxib is combined with alteplase.
db00009,alteplase,ebselen,the risk or severity of bleeding and hemorrhage can be increased when ebselen is combined with alteplase.
db00009,alteplase,tinoridine,the risk or severity of bleeding and hemorrhage can be increased when tinoridine is combined with alteplase.
db00009,alteplase,alclofenac,the risk or severity of bleeding and hemorrhage can be increased when alclofenac is combined with alteplase.
db00009,alteplase,fentiazac,the risk or severity of bleeding and hemorrhage can be increased when fentiazac is combined with alteplase.
db00009,alteplase,suxibuzone,the risk or severity of bleeding and hemorrhage can be increased when suxibuzone is combined with alteplase.
db00009,alteplase,bumadizone,the risk or severity of bleeding and hemorrhage can be increased when bumadizone is combined with alteplase.
db00009,alteplase,alminoprofen,the risk or severity of bleeding and hemorrhage can be increased when alminoprofen is combined with alteplase.
db00009,alteplase,difenpiramide,the risk or severity of bleeding and hemorrhage can be increased when difenpiramide is combined with alteplase.
db00009,alteplase,nifenazone,the risk or severity of bleeding and hemorrhage can be increased when nifenazone is combined with alteplase.
db00009,alteplase,lonazolac,the risk or severity of bleeding and hemorrhage can be increased when lonazolac is combined with alteplase.
db00009,alteplase,tenidap,the risk or severity of bleeding and hemorrhage can be increased when tenidap is combined with alteplase.
db00009,alteplase,propyphenazone,the risk or severity of bleeding and hemorrhage can be increased when propyphenazone is combined with alteplase.
db00009,alteplase,proglumetacin,the risk or severity of bleeding and hemorrhage can be increased when proglumetacin is combined with alteplase.
db00009,alteplase,guacetisal,the risk or severity of bleeding and hemorrhage can be increased when guacetisal is combined with alteplase.
db00009,alteplase,ethenzamide,the risk or severity of bleeding and hemorrhage can be increased when ethenzamide is combined with alteplase.
db00009,alteplase,carbaspirin calcium,the risk or severity of bleeding and hemorrhage can be increased when carbaspirin calcium is combined with alteplase.
db00009,alteplase,mofebutazone,the risk or severity of bleeding and hemorrhage can be increased when mofebutazone is combined with alteplase.
db00009,alteplase,proquazone,the risk or severity of bleeding and hemorrhage can be increased when proquazone is combined with alteplase.
db00009,alteplase,benorilate,the risk or severity of bleeding and hemorrhage can be increased when benorilate is combined with alteplase.
db00009,alteplase,pirprofen,the risk or severity of bleeding and hemorrhage can be increased when pirprofen is combined with alteplase.
db00009,alteplase,imidazole salicylate,the risk or severity of bleeding and hemorrhage can be increased when imidazole salicylate is combined with alteplase.
db00009,alteplase,sc-236,the risk or severity of bleeding and hemorrhage can be increased when sc-236 is combined with alteplase.
db00009,alteplase,ns-398,the risk or severity of bleeding and hemorrhage can be increased when ns-398 is combined with alteplase.
db00009,alteplase,flurbiprofen axetil,the risk or severity of bleeding and hemorrhage can be increased when flurbiprofen axetil is combined with alteplase.
db00009,alteplase,loxoprofen,the risk or severity of bleeding and hemorrhage can be increased when loxoprofen is combined with alteplase.
db00009,alteplase,niflumic acid,the risk or severity of bleeding and hemorrhage can be increased when niflumic acid is combined with alteplase.
db00009,alteplase,omacetaxine mepesuccinate,the risk or severity of bleeding can be increased when alteplase is combined with omacetaxine mepesuccinate.
db00009,alteplase,omega-3 fatty acids,omega-3 fatty acids may increase the anticoagulant activities of alteplase.
db00009,alteplase,tositumomab,the risk or severity of bleeding and hemorrhage can be increased when alteplase is combined with tositumomab.
db00009,alteplase,limaprost,the risk or severity of adverse effects can be increased when limaprost is combined with alteplase.
db00009,alteplase,collagenase clostridium histolyticum,the risk or severity of adverse effects can be increased when alteplase is combined with collagenase clostridium histolyticum.
db00009,alteplase,carbimazole,carbimazole may increase the anticoagulant activities of alteplase.
db00009,alteplase,propylthiouracil,propylthiouracil may increase the anticoagulant activities of alteplase.
db00009,alteplase,methimazole,methimazole may increase the anticoagulant activities of alteplase.
db00009,alteplase,"3,5-diiodotyrosine","3,5-diiodotyrosine may increase the anticoagulant activities of alteplase."
db00009,alteplase,potassium iodide,potassium iodide may increase the anticoagulant activities of alteplase.
db00009,alteplase,dibromotyrosine,dibromotyrosine may increase the anticoagulant activities of alteplase.
db00009,alteplase,potassium perchlorate,potassium perchlorate may increase the anticoagulant activities of alteplase.
db00009,alteplase,methylthiouracil,methylthiouracil may increase the anticoagulant activities of alteplase.
db00009,alteplase,benzylthiouracil,benzylthiouracil may increase the anticoagulant activities of alteplase.
db00009,alteplase,octylphenoxy polyethoxyethanol,the therapeutic efficacy of alteplase can be decreased when used in combination with octylphenoxy polyethoxyethanol.
db00009,alteplase,trestolone,the therapeutic efficacy of alteplase can be decreased when used in combination with trestolone.
db00009,alteplase,ulipristal,the therapeutic efficacy of alteplase can be decreased when used in combination with ulipristal.
db00009,alteplase,cloprostenol,the therapeutic efficacy of alteplase can be decreased when used in combination with cloprostenol.
db00009,alteplase,gossypol,the therapeutic efficacy of alteplase can be decreased when used in combination with gossypol.
db00009,alteplase,etonogestrel,the therapeutic efficacy of alteplase can be decreased when used in combination with etonogestrel.
db00009,alteplase,dydrogesterone,dydrogesterone may decrease the anticoagulant activities of alteplase.
db00009,alteplase,progesterone,the therapeutic efficacy of alteplase can be decreased when used in combination with progesterone.
db00009,alteplase,allylestrenol,allylestrenol may decrease the anticoagulant activities of alteplase.
db00009,alteplase,norelgestromin,the therapeutic efficacy of alteplase can be decreased when used in combination with norelgestromin.
db00009,alteplase,hydroxyprogesterone caproate,the therapeutic efficacy of alteplase can be decreased when used in combination with hydroxyprogesterone caproate.
db00009,alteplase,medrogestone,medrogestone may decrease the anticoagulant activities of alteplase.
db00009,alteplase,altrenogest,altrenogest may decrease the anticoagulant activities of alteplase.
db00009,alteplase,nomegestrol,the therapeutic efficacy of alteplase can be decreased when used in combination with nomegestrol.
db00009,alteplase,gestonorone,gestonorone may decrease the anticoagulant activities of alteplase.
db00009,alteplase,methylestrenolone,methylestrenolone may decrease the anticoagulant activities of alteplase.
db00009,alteplase,promegestone,promegestone may decrease the anticoagulant activities of alteplase.
db00009,alteplase,etynodiol,the therapeutic efficacy of alteplase can be decreased when used in combination with etynodiol.
db00009,alteplase,hydroxyprogesterone,hydroxyprogesterone may decrease the anticoagulant activities of alteplase.
db00009,alteplase,quingestanol acetate,quingestanol acetate may decrease the anticoagulant activities of alteplase.
db00009,alteplase,aminosalicylic acid,the risk or severity of bleeding can be increased when aminosalicylic acid is combined with alteplase.
db00009,alteplase,bismuth subsalicylate,the risk or severity of bleeding can be increased when bismuth subsalicylate is combined with alteplase.
db00009,alteplase,dersalazine,the risk or severity of bleeding can be increased when dersalazine is combined with alteplase.
db00009,alteplase,phenyl aminosalicylate,the risk or severity of bleeding can be increased when phenyl aminosalicylate is combined with alteplase.
db00009,alteplase,methyl salicylate,the risk or severity of bleeding can be increased when methyl salicylate is combined with alteplase.
db00009,alteplase,trolamine salicylate,the risk or severity of bleeding can be increased when trolamine salicylate is combined with alteplase.
db00009,alteplase,aloxiprin,the risk or severity of bleeding can be increased when aloxiprin is combined with alteplase.
db00009,alteplase,choline salicylate,the risk or severity of bleeding can be increased when choline salicylate is combined with alteplase.
db00009,alteplase,thiosalicylic acid,the risk or severity of bleeding can be increased when thiosalicylic acid is combined with alteplase.
db00009,alteplase,abciximab,the risk or severity of bleeding can be increased when abciximab is combined with alteplase.
db00009,alteplase,eptifibatide,the risk or severity of bleeding can be increased when eptifibatide is combined with alteplase.
db00009,alteplase,ticlopidine,the risk or severity of bleeding can be increased when ticlopidine is combined with alteplase.
db00009,alteplase,anagrelide,the risk or severity of bleeding can be increased when anagrelide is combined with alteplase.
db00009,alteplase,clopidogrel,the risk or severity of bleeding can be increased when clopidogrel is combined with alteplase.
db00009,alteplase,tirofiban,the risk or severity of bleeding can be increased when tirofiban is combined with alteplase.
db00009,alteplase,dipyridamole,the risk or severity of bleeding can be increased when dipyridamole is combined with alteplase.
db00009,alteplase,iloprost,iloprost may increase the anticoagulant activities of alteplase.
db00009,alteplase,sulfinpyrazone,the risk or severity of bleeding can be increased when sulfinpyrazone is combined with alteplase.
db00009,alteplase,cilostazol,the risk or severity of bleeding can be increased when cilostazol is combined with alteplase.
db00009,alteplase,ridogrel,the risk or severity of bleeding can be increased when ridogrel is combined with alteplase.
db00009,alteplase,epoprostenol,the risk or severity of bleeding can be increased when epoprostenol is combined with alteplase.
db00009,alteplase,resveratrol,the risk or severity of bleeding can be increased when resveratrol is combined with alteplase.
db00009,alteplase,nimesulide,the risk or severity of bleeding and hemorrhage can be increased when nimesulide is combined with alteplase.
db00009,alteplase,tesmilifene,the risk or severity of bleeding can be increased when tesmilifene is combined with alteplase.
db00009,alteplase,defibrotide,the risk or severity of bleeding can be increased when defibrotide is combined with alteplase.
db00009,alteplase,beraprost,the risk or severity of bleeding can be increased when beraprost is combined with alteplase.
db00009,alteplase,ibudilast,the risk or severity of bleeding can be increased when ibudilast is combined with alteplase.
db00009,alteplase,andrographolide,the risk or severity of bleeding can be increased when andrographolide is combined with alteplase.
db00009,alteplase,caplacizumab,the risk or severity of bleeding can be increased when caplacizumab is combined with alteplase.
db00009,alteplase,prasugrel,the risk or severity of bleeding can be increased when prasugrel is combined with alteplase.
db00009,alteplase,cangrelor,the risk or severity of bleeding can be increased when cangrelor is combined with alteplase.
db00009,alteplase,tranilast,the risk or severity of bleeding can be increased when tranilast is combined with alteplase.
db00009,alteplase,triflusal,the risk or severity of bleeding can be increased when triflusal is combined with alteplase.
db00009,alteplase,ticagrelor,the risk or severity of bleeding can be increased when ticagrelor is combined with alteplase.
db00009,alteplase,icosapent ethyl,the risk or severity of bleeding can be increased when icosapent ethyl is combined with alteplase.
db00009,alteplase,trapidil,the risk or severity of bleeding can be increased when trapidil is combined with alteplase.
db00009,alteplase,naftopidil,the risk or severity of bleeding can be increased when naftopidil is combined with alteplase.
db00009,alteplase,sarpogrelate,the risk or severity of bleeding can be increased when sarpogrelate is combined with alteplase.
db00009,alteplase,ifetroban,the risk or severity of bleeding can be increased when ifetroban is combined with alteplase.
db00009,alteplase,nitroaspirin,the risk or severity of bleeding and hemorrhage can be increased when nitroaspirin is combined with alteplase.
db00009,alteplase,indobufen,the risk or severity of bleeding and hemorrhage can be increased when indobufen is combined with alteplase.
db00009,alteplase,butylphthalide,the risk or severity of bleeding can be increased when butylphthalide is combined with alteplase.
db00009,alteplase,hydroxytyrosol,the risk or severity of bleeding can be increased when hydroxytyrosol is combined with alteplase.
db00009,alteplase,ramatroban,the risk or severity of bleeding can be increased when ramatroban is combined with alteplase.
db00009,alteplase,picotamide,the risk or severity of bleeding can be increased when picotamide is combined with alteplase.
db00009,alteplase,cloricromen,the risk or severity of bleeding can be increased when cloricromen is combined with alteplase.
db00009,alteplase,linsidomine,the risk or severity of bleeding can be increased when linsidomine is combined with alteplase.
db00009,alteplase,buflomedil,the risk or severity of bleeding can be increased when buflomedil is combined with alteplase.
db00009,alteplase,relcovaptan,the risk or severity of bleeding can be increased when relcovaptan is combined with alteplase.
db00009,alteplase,maritime pine extract,the risk or severity of bleeding can be increased when maritime pine extract is combined with alteplase.
db00009,alteplase,treprostinil,the risk or severity of adverse effects can be increased when alteplase is combined with treprostinil.
db00009,alteplase,hemin,hemin may increase the anticoagulant activities of alteplase.
db00009,alteplase,acemetacin,the risk or severity of bleeding and hemorrhage can be increased when alteplase is combined with acemetacin.
db00009,alteplase,testosterone,testosterone may increase the anticoagulant activities of alteplase.
db00009,alteplase,testosterone propionate,testosterone propionate may increase the anticoagulant activities of alteplase.
db00009,alteplase,1-testosterone,1-testosterone may increase the anticoagulant activities of alteplase.
db00009,alteplase,4-hydroxytestosterone,4-hydroxytestosterone may increase the anticoagulant activities of alteplase.
db00009,alteplase,dehydrochloromethyltestosterone,dehydrochloromethyltestosterone may increase the anticoagulant activities of alteplase.
db00009,alteplase,boldenone,boldenone may increase the anticoagulant activities of alteplase.
db00009,alteplase,18-methyl-19-nortestosterone,18-methyl-19-nortestosterone may increase the anticoagulant activities of alteplase.
db00009,alteplase,calusterone,calusterone may increase the anticoagulant activities of alteplase.
db00009,alteplase,formebolone,formebolone may increase the anticoagulant activities of alteplase.
db00009,alteplase,methyl-1-testosterone,methyl-1-testosterone may increase the anticoagulant activities of alteplase.
db00009,alteplase,5beta-dihydrotestosterone,5beta-dihydrotestosterone may increase the anticoagulant activities of alteplase.
db00009,alteplase,testosterone succinate,testosterone succinate may increase the anticoagulant activities of alteplase.
db00009,alteplase,mibolerone,mibolerone may increase the anticoagulant activities of alteplase.
db00009,alteplase,testosterone cypionate,testosterone cypionate may increase the anticoagulant activities of alteplase.
db00009,alteplase,testosterone enanthate,testosterone enanthate may increase the anticoagulant activities of alteplase.
db00009,alteplase,testosterone undecanoate,testosterone undecanoate may increase the anticoagulant activities of alteplase.
db00009,alteplase,testosterone enantate benzilic acid hydrazone,testosterone enantate benzilic acid hydrazone may increase the anticoagulant activities of alteplase.
db00009,alteplase,stanolone acetate,stanolone acetate may increase the anticoagulant activities of alteplase.
db00009,alteplase,trestolone acetate,trestolone acetate may increase the anticoagulant activities of alteplase.
db00009,alteplase,"(1,2,6,7-3h)testosterone","(1,2,6,7-3h)testosterone may increase the anticoagulant activities of alteplase."
db00009,alteplase,drostanolone propionate,drostanolone propionate may increase the anticoagulant activities of alteplase.
db00009,alteplase,stanolone,stanolone may increase the anticoagulant activities of alteplase.
db00009,alteplase,azficel-t,the risk or severity of adverse effects can be increased when alteplase is combined with azficel-t.
db00009,alteplase,omega-3-carboxylic acids,the therapeutic efficacy of alteplase can be increased when used in combination with omega-3-carboxylic acids.
db00009,alteplase,calcium,the therapeutic efficacy of calcium can be decreased when used in combination with alteplase.
db00009,alteplase,eftrenonacog alfa,the therapeutic efficacy of eftrenonacog alfa can be decreased when used in combination with alteplase.
db00009,alteplase,albutrepenonacog alfa,the therapeutic efficacy of albutrepenonacog alfa can be decreased when used in combination with alteplase.
db00009,alteplase,emicizumab,the therapeutic efficacy of emicizumab can be decreased when used in combination with alteplase.
db00009,alteplase,turoctocog alfa pegol,the therapeutic efficacy of turoctocog alfa pegol can be decreased when used in combination with alteplase.
db00009,alteplase,"antihemophilic factor, human recombinant","the therapeutic efficacy of antihemophilic factor, human recombinant can be decreased when used in combination with alteplase."
db00009,alteplase,coagulation factor viia recombinant human,the therapeutic efficacy of coagulation factor viia recombinant human can be decreased when used in combination with alteplase.
db00009,alteplase,coagulation factor ix (recombinant),the therapeutic efficacy of coagulation factor ix (recombinant) can be decreased when used in combination with alteplase.
db00009,alteplase,pantothenic acid,the therapeutic efficacy of pantothenic acid can be decreased when used in combination with alteplase.
db00009,alteplase,formic acid,the therapeutic efficacy of formic acid can be decreased when used in combination with alteplase.
db00009,alteplase,platelet activating factor,the therapeutic efficacy of platelet activating factor can be decreased when used in combination with alteplase.
db00009,alteplase,turoctocog alfa,the therapeutic efficacy of turoctocog alfa can be decreased when used in combination with alteplase.
db00009,alteplase,fibrinogen human,the therapeutic efficacy of fibrinogen human can be decreased when used in combination with alteplase.
db00009,alteplase,catridecacog,the therapeutic efficacy of catridecacog can be decreased when used in combination with alteplase.
db00009,alteplase,"antihemophilic factor (recombinant), pegylated","the therapeutic efficacy of antihemophilic factor (recombinant), pegylated can be decreased when used in combination with alteplase."
db00009,alteplase,prothrombin,the therapeutic efficacy of prothrombin can be decreased when used in combination with alteplase.
db00009,alteplase,factor ix complex (human),the therapeutic efficacy of factor ix complex (human) can be decreased when used in combination with alteplase.
db00009,alteplase,susoctocog alfa,the therapeutic efficacy of susoctocog alfa can be decreased when used in combination with alteplase.
db00009,alteplase,rusalatide acetate,the therapeutic efficacy of rusalatide acetate can be decreased when used in combination with alteplase.
db00009,alteplase,vatreptacog alfa,the therapeutic efficacy of vatreptacog alfa can be decreased when used in combination with alteplase.
db00009,alteplase,factor xiii (human),the therapeutic efficacy of factor xiii (human) can be decreased when used in combination with alteplase.
db00009,alteplase,von willebrand factor human,the therapeutic efficacy of von willebrand factor human can be decreased when used in combination with alteplase.
db00009,alteplase,coagulation factor x human,the therapeutic efficacy of coagulation factor x human can be decreased when used in combination with alteplase.
db00009,alteplase,coagulation factor vii human,the therapeutic efficacy of coagulation factor vii human can be decreased when used in combination with alteplase.
db00009,alteplase,anti-inhibitor coagulant complex,the therapeutic efficacy of anti-inhibitor coagulant complex can be decreased when used in combination with alteplase.
db00009,alteplase,coagulation factor ix human,the therapeutic efficacy of coagulation factor ix human can be decreased when used in combination with alteplase.
db00009,alteplase,antihemophilic factor human,the therapeutic efficacy of antihemophilic factor human can be decreased when used in combination with alteplase.
db00009,alteplase,kallidinogenase,the therapeutic efficacy of kallidinogenase can be decreased when used in combination with alteplase.
